year,data_year,list,rank,company,status,prior_year_closings,prior_year_gross_revenue,prior_year_rank,firm_url
2004,2003,top100,0,Gateway Homes,,0,$0,N/A,https://www.builderonline.com/firms/gateway-homes
2004,2003,top100,0,Frontiers Community Builders,,0,$0,N/A,https://www.builderonline.com/firms/frontiers-community-builders
2004,2003,top100,1,D.R. Horton,p,"37,662","$9,188",1,https://www.builderonline.com/firms/dr-horton
2004,2003,top100,2,Pulte Homes,p,"32,693","$9,000",2,https://www.builderonline.com/firms/pulte-homes
2004,2003,top100,3,Lennar Corp.,,"32,180","$8,908",3,https://www.builderonline.com/firms/lennar-corp
2004,2003,top100,4,Centex Corp.,p,"29,858","$10,810",4,https://www.builderonline.com/firms/centex-corp
2004,2003,top100,5,KB Home,p,"23,407","$5,850",5,https://www.builderonline.com/firms/kb-home
2004,2003,top100,6,Beazer Homes,p,"15,535","$3,287",6,https://www.builderonline.com/firms/beazer-homes-usa
2004,2003,top100,7,The Ryland Group,p,"14,724","$3,444",7,https://www.builderonline.com/firms/the-ryland-group
2004,2003,top100,8,NVR,p,"12,050","$3,687",8,https://www.builderonline.com/firms/nvr
2004,2003,top100,9,Hovnanian Enterprises,p,"11,531","$3,202",9,https://www.builderonline.com/firms/hovnanian-enterprises
2004,2003,top100,10,M.D.C. Holdings,p,"11,211","$2,920",10,https://www.builderonline.com/firms/mdc-holdings
2004,2003,top100,11,Standard Pacific Corp.,p,"8,213","$2,707",11,https://www.builderonline.com/firms/standard-pacific-corp
2004,2003,top100,12,Technical Olympic USA,p,"6,135","$1,688",13,https://www.builderonline.com/firms/technical-olympic-usa
2004,2003,top100,13,Shea Homes,,"5,878","$2,381",12,https://www.builderonline.com/firms/shea-homes
2004,2003,top100,14,Meritage Corp.,p,"5,642","$1,471",14,https://www.builderonline.com/firms/meritage-corp
2004,2003,top100,15,Toll Brothers,p,"4,911","$2,775",15,https://www.builderonline.com/firms/toll-brothers
2004,2003,top100,16,Weyerhaeuser Real Estate Co.,p,"4,626","$2,019",17,https://www.builderonline.com/firms/weyerhaeuser-real-estate-co
2004,2003,top100,17,Habitat for Humanity International,,"4,532",$158,16,https://www.builderonline.com/firms/habitat-for-humanity-international
2004,2003,top100,18,Choice Homes,,"4,394",$541,20,https://www.builderonline.com/firms/choice-homes
2004,2003,top100,19,M/I Homes,p,"4,148","$1,075",19,https://www.builderonline.com/firms/m-i-homes
2004,2003,top100,20,Mercedes Homes,,"4,101",$810,24,https://www.builderonline.com/firms/mercedes-homes
2004,2003,top100,21,Kimball Hill Homes,,"3,678",$863,21,https://www.builderonline.com/firms/kimball-hill-homes
2004,2003,top100,22,Morrison Homes,p,"3,667",$998,22,https://www.builderonline.com/firms/morrison-homes
2004,2003,top100,23,2004 David Weekley Homes,,"3,549",$949,23,https://www.builderonline.com/builder-100-listing/2004-david-weekley-homes/
2004,2003,top100,24,Jim Walter Homes,p,"3,523",$277,18,https://www.builderonline.com/firms/jim-walter-homes
2004,2003,top100,25,The Villages of Lake Sumter,,"3,329",$668,31,https://www.builderonline.com/firms/the-villages-of-lake-sumter
2004,2003,top100,26,MHI,,"3,165",$631,26,https://www.builderonline.com/firms/mhi
2004,2003,top100,27,Dominion Homes,p,"3,070",$563,27,https://www.builderonline.com/firms/dominion-homes
2004,2003,top100,28,Woodside Group,,"2,924",$845,29,https://www.builderonline.com/firms/woodside-group
2004,2003,top100,29,Drees Homes,,"2,914",$914,25,https://www.builderonline.com/firms/drees-homes
2004,2003,top100,30,William Lyon Homes,p,"2,804","$1,215",28,https://www.builderonline.com/firms/william-lyon-homes
2004,2003,top100,31,Holiday Builders,,"2,750",$336,33,https://www.builderonline.com/firms/holiday-builders
2004,2003,top100,32,C.P. Morgan,,"2,414",$326,32,https://www.builderonline.com/firms/cp-morgan
2004,2003,top100,33,Pasquinelli Construction Co.,,"2,361",$429,35,https://www.builderonline.com/firms/pasquinelli-construction-co
2004,2003,top100,34,Highland Homes,,"2,359",$565,34,https://www.builderonline.com/firms/highland-homes
2004,2003,top100,36,American West Homes,,"2,336",$577,30,https://www.builderonline.com/firms/american-west-homes
2004,2003,top100,37,WCI Communities,p,"2,119","$1,452",39,https://www.builderonline.com/firms/wci-communities
2004,2003,top100,38,Transeastern Properties,,"1,847",$413,56,https://www.builderonline.com/firms/transeastern-properties
2004,2003,top100,39,WL Homes,,"1,806",$744,38,https://www.builderonline.com/firms/wl-homes
2004,2003,top100,40,GL Homes of Florida,,"1,795",$681,49,https://www.builderonline.com/firms/gl-homes-of-florida
2004,2003,top100,41,MDC Homes,,"1,694",$348,47,https://www.builderonline.com/firms/mdc-homes
2004,2003,top100,42,Taylor Woodrow Homes,p,"1,629","$1,133",77,https://www.builderonline.com/firms/taylor-woodrow-homes
2004,2003,top100,44,John Wieland Homes and Neighborhoods,,"1,608",$606,45,https://www.builderonline.com/firms/john-wieland-homes-and-neighborhoods
2004,2003,top100,45,Royce Homes,,"1,605",$383,41,https://www.builderonline.com/firms/royce-homes
2004,2003,top100,46,The Rottlund Co.,,"1,546",$343,40,https://www.builderonline.com/firms/the-rottlund-co
2004,2003,top100,47,Brookfield Homes Corp.,p,"1,528","$1,023",42,https://www.builderonline.com/firms/brookfield-homes-corp
2004,2003,top100,48,Robson Resort Communities,,"1,463",$416,44,https://www.builderonline.com/firms/robson-resort-communities
2004,2003,top100,49,Orleans Homebuilders,p,"1,424",$434,52,https://www.builderonline.com/firms/orleans-homebuilders
2004,2003,top100,50,Ashton Woods Homes,,"1,414",$585,54,https://www.builderonline.com/firms/ashton-woods-homes
2004,2003,top100,51,McBride & Son Enterprises,,"1,411",$365,58,https://www.builderonline.com/firms/mcbride-son-enterprises
2004,2003,top100,52,Town & Country Homes,,"1,400",$330,50,https://www.builderonline.com/firms/town-country-homes
2004,2003,top100,52,Fulton Homes,,"1,400",$321,48,https://www.builderonline.com/firms/fulton-homes
2004,2003,top100,54,Neumann Homes,,"1,344",$356,55,https://www.builderonline.com/firms/neumann-homes
2004,2003,top100,56,Bowen Family Homes,,"1,328",$223,68,https://www.builderonline.com/firms/bowen-family-homes
2004,2003,top100,58,ALH II,,"1,274",$179,51,https://www.builderonline.com/firms/alh-ii
2004,2003,top100,59,St. Joe Co.,p,"1,241",$761,N/A,https://www.builderonline.com/firms/st-joe-co
2004,2003,top100,60,Trend Homes,,"1,233",$189,67,https://www.builderonline.com/firms/trend-homes
2004,2003,top100,61,The Corky McMillin Cos.,,"1,225",$558,65,https://www.builderonline.com/firms/the-corky-mcmillin-cos
2004,2003,top100,62,Avatar Holdings,p,"1,193",$253,71,https://www.builderonline.com/firms/avatar-holdings
2004,2003,top100,64,California Homes,,"1,167",$340,79,https://www.builderonline.com/firms/california-homes
2004,2003,top100,67,Lakewood Homes,,"1,059",$266,53,https://www.builderonline.com/firms/lakewood-homes
2004,2003,top100,68,Crosswinds Communities,,"1,045",$277,43,https://www.builderonline.com/firms/crosswinds-communities
2004,2003,top100,69,Levitt and Sons,p,"1,029",$230,72,https://www.builderonline.com/firms/levitt-and-sons
2004,2003,top100,70,Castle & Cooke,,"1,022",$496,86,https://www.builderonline.com/firms/castle-cooke
2004,2003,top100,71,Fischer Homes,,"1,008",$199,66,https://www.builderonline.com/firms/fischer-homes
2004,2003,top100,72,Davis Homes,,"1,002",$159,57,https://www.builderonline.com/firms/davis-homes
2004,2003,top100,73,Ball Homes,,992,$155,69,https://www.builderonline.com/firms/ball-homes
2004,2003,top100,74,MJC Cos.,,983,$178,129,https://www.builderonline.com/firms/mjc-cos
2004,2003,top100,75,Polygon Northwest Co.,,974,$251,70,https://www.builderonline.com/firms/polygon-northwest-co
2004,2003,top100,76,ICI Homes,,972,$325,82,https://www.builderonline.com/firms/ici-homes
2004,2003,top100,78,Capital Pacific Holdings,p,934,$373,93,https://www.builderonline.com/firms/capital-pacific-holdings
2004,2003,top100,79,Century Homebuilders,,885,$201,63,https://www.builderonline.com/firms/century-homebuilders
2004,2003,top100,80,The Mitchell Co.,,876,$158,96,https://www.builderonline.com/firms/the-mitchell-co
2004,2003,top100,81,Warmington Homes California,,846,$289,74,https://www.builderonline.com/firms/warmington-homes-california
2004,2003,top100,82,2004 Legend Home Corp.,,845,$131,N/A,https://www.builderonline.com/builder-100-listing/2004-legend-home-corp/
2004,2003,top100,84,Dunmore Homes,,835,$258,110,https://www.builderonline.com/firms/dunmore-homes
2004,2003,top100,84,Kalian Cos./Reeves Williams,,835,$158,84,https://www.builderonline.com/firms/kalian-cos-reeves-williams
2004,2003,top100,86,Brown Family Communities,,832,$133,88,https://www.builderonline.com/firms/brown-family-communities
2004,2003,top100,87,Landstar Homes,,805,$260,107,https://www.builderonline.com/firms/landstar-homes
2004,2003,top100,88,Cambridge Homes,,782,$188,N/A,https://www.builderonline.com/firms/cambridge-homes
2004,2003,top100,89,Astoria Homes,,780,$158,111,https://www.builderonline.com/firms/astoria-homes
2004,2003,top100,90,Fieldstone Communities,,776,$309,79,https://www.builderonline.com/firms/fieldstone-communities
2004,2003,top100,91,DRB Group,,758,$175,N/A,https://www.builderonline.com/firms/drb-group
2004,2003,top100,92,Brayson Homes,,752,$126,89,https://www.builderonline.com/firms/brayson-homes
2004,2003,top100,93,Inland Homes,,748,$147,116,https://www.builderonline.com/firms/inland-homes
2004,2003,top100,94,Ole South Properties,,743,$86,100,https://www.builderonline.com/firms/ole-south-properties
2004,2003,top100,95,Reynen & Bardis Development,,737,$326,N/A,https://www.builderonline.com/firms/reynen-bardis-development
2004,2003,top100,96,Century Vintage Homes,,735,$160,97,https://www.builderonline.com/firms/century-vintage-homes
2004,2003,top100,97,Sunrise Co.,,719,$255,N/A,https://www.builderonline.com/firms/sunrise-co
2004,2003,top100,98,Lakemont Homes,,718,$215,N/A,https://www.builderonline.com/firms/lakemont-homes
2004,2003,top100,100,The Olson Co.,,701,$306,N/A,https://www.builderonline.com/firms/the-olson-co
2004,2003,top100,101,Eastwood Homes,,672,$96,N/A,https://www.builderonline.com/firms/eastwood-homes
2004,2003,top100,102,Hacienda Builders,,666,$121,N/A,https://www.builderonline.com/firms/hacienda-builders
2004,2003,top100,103,JTS Communities,,660,$325,N/A,https://www.builderonline.com/firms/jts-communities
2004,2003,top100,104,Ivory Homes,,657,$173,N/A,https://www.builderonline.com/firms/ivory-homes
2004,2003,top100,105,Gemcraft Homes,,651,$165,N/A,https://www.builderonline.com/firms/gemcraft-homes
2004,2003,top100,106,Hunt Building Co.,,645,$303,N/A,https://www.builderonline.com/firms/hunt-building-co
2004,2003,top100,108,Albert D. Seeno Construction,,629,$307,N/A,https://www.builderonline.com/firms/albert-d-seeno-construction
2004,2003,top100,109,Young Homes,,618,$0,N/A,https://www.builderonline.com/firms/young-homes
2004,2003,next100,110,John Mourier Construction,,617,$224,N/A,https://www.builderonline.com/firms/john-mourier-construction
2004,2003,next100,111,Great Western Homes,,617,$81,N/A,https://www.builderonline.com/firms/great-western-homes
2004,2003,next100,112,Main Street Homes,,613,$73,N/A,https://www.builderonline.com/firms/main-street-homes
2004,2003,next100,113,Park Square Homes,,601,$139,N/A,https://www.builderonline.com/firms/park-square-homes
2004,2003,next100,114,TK Constructors,,601,$69,N/A,https://www.builderonline.com/firms/tk-constructors
2004,2003,next100,115,Barratt American,,598,$216,N/A,https://www.builderonline.com/firms/barratt-american
2004,2003,next100,116,Whittaker Builders,,594,$121,N/A,https://www.builderonline.com/firms/whittaker-builders
2004,2003,next100,117,Ryan Building Group,,584,$160,N/A,https://www.builderonline.com/firms/ryan-building-group
2004,2003,next100,118,Veridian Homes,,579,$135,N/A,https://www.builderonline.com/firms/veridian-homes
2004,2003,next100,119,AR Homes,,571,$282,N/A,https://www.builderonline.com/firms/ar-homes
2004,2003,next100,120,Maracay Homes Arizona,,570,$142,N/A,https://www.builderonline.com/firms/maracay-homes-arizona
2004,2003,next100,121,Palmetto Traditional Homes,,570,$90,N/A,https://www.builderonline.com/firms/palmetto-traditional-homes
2004,2003,next100,122,Classic Homes,,567,$188,N/A,https://www.builderonline.com/firms/classic-homes
2004,2003,next100,123,Windward Homes,,566,$88,N/A,https://www.builderonline.com/firms/windward-homes
2004,2003,next100,124,Seda Construction Co.,,566,$101,N/A,https://www.builderonline.com/firms/seda-construction-co
2004,2003,next100,125,Tadian Homes,,563,$157,N/A,https://www.builderonline.com/firms/tadian-homes
2004,2003,next100,126,Van Metre Cos.,,549,$356,N/A,https://www.builderonline.com/firms/van-metre-cos
2004,2003,next100,128,Meridian Homes of Georgia,,544,$85,N/A,https://www.builderonline.com/firms/meridian-homes-of-georgia
2004,2003,next100,129,Sivage-Thomas Homes,,537,$76,N/A,https://www.builderonline.com/firms/sivage-thomas-homes
2004,2003,next100,130,M.W. Johnson Construction,,530,$114,N/A,https://www.builderonline.com/firms/mw-johnson-construction
2004,2003,next100,132,Rockford Homes,,507,$106,N/A,https://www.builderonline.com/firms/rockford-homes
2004,2003,next100,133,Dura Builders,,505,$89,N/A,https://www.builderonline.com/firms/dura-builders
2004,2003,next100,134,Kennedy Group of Cos.,,495,$145,N/A,https://www.builderonline.com/firms/kennedy-group-of-cos
2004,2003,next100,135,David Cutler Group,,493,$265,N/A,https://www.builderonline.com/firms/david-cutler-group
2004,2003,next100,136,Lowder New Homes,,489,$143,N/A,https://www.builderonline.com/firms/lowder-new-homes
2004,2003,next100,137,Pembroke Enterprises,,489,$137,N/A,https://www.builderonline.com/firms/pembroke-enterprises
2004,2003,next100,138,America’s First Home,,487,$70,N/A,https://www.builderonline.com/firms/americas-first-home
2004,2003,next100,139,Shugart Enterprises,,483,$61,N/A,https://www.builderonline.com/firms/shugart-enterprises
2004,2003,next100,140,Village Homes of Colorado,,482,$187,N/A,https://www.builderonline.com/firms/village-homes-of-colorado
2004,2003,next100,141,Arbor Custom Homes,,481,$127,N/A,https://www.builderonline.com/firms/arbor-custom-homes
2004,2003,next100,142,The Estridge Cos.,,477,$138,N/A,https://www.builderonline.com/firms/the-estridge-cos
2004,2003,next100,143,Vantage/Raylee Homes,,474,$66,N/A,https://www.builderonline.com/firms/vantage-raylee-homes
2004,2003,next100,144,Barker-Coleman Communities,,473,$93,N/A,https://www.builderonline.com/firms/barker-coleman-communities
2004,2003,next100,145,Bielinski Homes,,468,$105,N/A,https://www.builderonline.com/firms/bielinski-homes
2004,2003,next100,146,T.H. Properties,,466,$115,N/A,https://www.builderonline.com/firms/t-h-properties
2004,2003,next100,148,Centerline Homes,,455,$127,N/A,https://www.builderonline.com/firms/centerline-homes
2004,2003,next100,149,Kara Homes,,453,$198,N/A,https://www.builderonline.com/firms/kara-homes
2004,2003,next100,150,Wensmann Homes,,452,$114,N/A,https://www.builderonline.com/firms/wensmann-homes
2004,2003,next100,151,Pageantry Cos.,,447,$84,N/A,https://www.builderonline.com/firms/pageantry-cos
2004,2003,next100,152,Suarez Housing Corp.,,446,$79,N/A,https://www.builderonline.com/firms/suarez-housing-corp
2004,2003,next100,153,Longford Homes,,444,$108,N/A,https://www.builderonline.com/firms/longford-homes
2004,2003,next100,154,Mattamy U.S. Group,,437,$104,N/A,https://www.builderonline.com/firms/mattamy-us-group
2004,2003,next100,155,Winmark Homes,,433,$79,N/A,https://www.builderonline.com/firms/winmark-homes
2004,2003,next100,156,Darling Homes,,432,$134,N/A,https://www.builderonline.com/firms/darling-homes
2004,2003,next100,157,Sares-Regis Group,,429,$351,N/A,https://www.builderonline.com/firms/sares-regis-group
2004,2003,next100,158,Gentry Homes,,429,$128,N/A,https://www.builderonline.com/firms/gentry-homes
2004,2003,next100,159,Realen Homes,,429,$145,N/A,https://www.builderonline.com/firms/realen-homes
2004,2003,next100,160,View Homes,,428,$35,N/A,https://www.builderonline.com/firms/view-homes
2004,2003,next100,161,The Kirk Corp.,,421,$134,N/A,https://www.builderonline.com/firms/the-kirk-corp
2004,2003,next100,162,Wiseman-Hughes,,410,$109,N/A,https://www.builderonline.com/firms/wiseman-hughes
2004,2003,next100,163,Salisbury Homes,,406,$63,N/A,https://www.builderonline.com/firms/salisbury-homes
2004,2003,next100,164,Premier Design Homes,,398,$42,N/A,https://www.builderonline.com/firms/premier-design-homes
2004,2003,next100,165,The Greater Construction Corp.,,397,$89,N/A,https://www.builderonline.com/firms/the-greater-construction-corp
2004,2003,next100,166,Ideal Homes,,378,$45,N/A,https://www.builderonline.com/firms/ideal-homes
2004,2003,next100,167,Wood Partners,,374,$30,N/A,https://www.builderonline.com/firms/wood-partners
2004,2003,next100,168,Beechwood Homes,,373,$149,N/A,https://www.builderonline.com/firms/beechwood-homes
2004,2003,next100,169,Marrano Homes/Marc Equity Corp.,,369,$117,N/A,https://www.builderonline.com/firms/marrano-homes-marc-equity-corp
2004,2003,next100,170,Southern Homes,,368,$78,N/A,https://www.builderonline.com/firms/southern-homes
2004,2003,next100,171,2004 Inverness Group,,368,$71,N/A,https://www.builderonline.com/builder-100-listing/2004-inverness-group/
2004,2003,next100,172,Spectrum Communities,,359,$199,N/A,https://www.builderonline.com/firms/spectrum-communities
2004,2003,next100,173,McStain Enterprises,,358,$112,N/A,https://www.builderonline.com/firms/mcstain-enterprises
2004,2003,next100,175,Miller and Smith,,351,$199,N/A,https://www.builderonline.com/firms/miller-and-smith
2004,2003,next100,177,Carefree Homes,,349,$45,N/A,https://www.builderonline.com/firms/carefree-homes
2004,2003,next100,178,Taylor-Morley Homes,,345,$100,N/A,https://www.builderonline.com/firms/taylor-morley-homes
2004,2003,next100,179,Bill Clark Homes,,344,$57,N/A,https://www.builderonline.com/firms/bill-clark-homes
2004,2003,next100,180,Berks Homes,,340,$82,N/A,https://www.builderonline.com/firms/berks-homes
2004,2003,next100,181,Anderson Homes,,329,$46,N/A,https://www.builderonline.com/firms/anderson-homes
2004,2003,next100,182,Signature Homes,,328,$94,N/A,https://www.builderonline.com/firms/signature-homes
2004,2003,next100,183,Lombardo Cos.,,326,$108,N/A,https://www.builderonline.com/firms/lombardo-cos
2004,2003,next100,184,Peachtree Residential Properties,,323,$123,N/A,https://www.builderonline.com/firms/peachtree-residential-properties
2004,2003,next100,186,New Tradition Homes,,316,$65,N/A,https://www.builderonline.com/firms/new-tradition-homes_1
2004,2003,next100,187,Venture Homes,,314,$65,N/A,https://www.builderonline.com/firms/venture-homes
2004,2003,next100,189,David Powers Homes,,306,$104,N/A,https://www.builderonline.com/firms/david-powers-homes
2004,2003,next100,190,Stanley Martin Cos.,,306,$189,N/A,https://www.builderonline.com/firms/stanley-martin-cos
2004,2003,next100,191,Forrest Homes,,305,$44,N/A,https://www.builderonline.com/firms/forrest-homes
2004,2003,next100,192,Roger Snellenberger Development,,303,$112,N/A,https://www.builderonline.com/firms/roger-snellenberger-development
2004,2003,next100,193,Crawford Homes,,302,$47,N/A,https://www.builderonline.com/firms/crawford-homes
2004,2003,next100,194,Dixon Builders,,298,$60,N/A,https://www.builderonline.com/firms/dixon-builders
2004,2003,next100,195,Mayer Homes,,295,$99,N/A,https://www.builderonline.com/firms/mayer-homes
2004,2003,next100,196,Poinsett Homes,,294,$49,N/A,https://www.builderonline.com/firms/poinsett-homes
2004,2003,next100,197,SeaGate Homes,,293,$37,N/A,https://www.builderonline.com/firms/seagate-homes
2004,2003,next100,200,Ginsburg Development,,284,$252,N/A,https://www.builderonline.com/firms/ginsburg-development
2005,2004,top100,1,D.R. Horton,p,"44,005","$11,156",1,https://www.builderonline.com/firms/dr-horton
2005,2004,top100,2,Pulte Homes,p,"38,612","$11,711",2,https://www.builderonline.com/firms/pulte-homes
2005,2004,top100,3,Lennar Corp.,p,"36,204","$10,505",3,https://www.builderonline.com/firms/lennar-corp
2005,2004,top100,4,Centex Corp.,p,"32,896","$12,062",4,https://www.builderonline.com/firms/centex-corp
2005,2004,top100,5,2005 KB Home,p,"26,937","$7,052",5,https://www.builderonline.com/builder-100-listing/2005-kb-home/
2005,2004,top100,6,Beazer Homes,p,"16,417","$4,009",6,https://www.builderonline.com/firms/beazer-homes-usa
2005,2004,top100,7,The Ryland Group,p,"15,101","$3,952",7,https://www.builderonline.com/firms/the-ryland-group
2005,2004,top100,8,Hovnanian Enterprises,p,"14,586","$4,160",9,https://www.builderonline.com/firms/hovnanian-enterprises
2005,2004,top100,9,M.D.C. Holdings,p,"13,876","$4,009",10,https://www.builderonline.com/firms/mdc-holdings
2005,2004,top100,10,NVR,p,"12,749","$4,300",8,https://www.builderonline.com/firms/nvr
2005,2004,top100,11,Standard Pacific Corp.,p,"9,091","$3,535",11,https://www.builderonline.com/firms/standard-pacific-corp
2005,2004,top100,12,Technical Olympic USA,p,"7,337","$2,100",12,https://www.builderonline.com/firms/technical-olympic-usa
2005,2004,top100,13,Meritage Homes Corp.,p,"7,254","$2,040",14,https://www.builderonline.com/firms/meritage-homes-corp
2005,2004,top100,14,2005 Toll Brothers,p,"6,627","$3,893",15,https://www.builderonline.com/builder-100-listing/2005-toll-brothers/
2005,2004,top100,15,Shea Homes,,"6,408","$2,794",13,https://www.builderonline.com/firms/shea-homes
2005,2004,top100,16,Weyerhaeuser Real Estate Co.,p,"5,274","$2,494",16,https://www.builderonline.com/firms/weyerhaeuser-real-estate-co
2005,2004,top100,17,Mercedes Homes,,"4,579","$1,011",20,https://www.builderonline.com/firms/mercedes-homes
2005,2004,top100,18,Morrison Homes,p,"4,422","$1,290",22,https://www.builderonline.com/firms/morrison-homes
2005,2004,top100,19,Habitat for Humanity International,,"4,344",$170,17,https://www.builderonline.com/firms/habitat-for-humanity-international
2005,2004,top100,20,2005 M/I Homes,p,"4,303","$1,175",19,https://www.builderonline.com/builder-100-listing/2005-m-i-homes/
2005,2004,top100,21,The Villages of Lake Sumter,,"3,955",$948,25,https://www.builderonline.com/firms/the-villages-of-lake-sumter
2005,2004,top100,22,David Weekley Homes,,"3,952","$1,031",23,https://www.builderonline.com/firms/david-weekley-homes
2005,2004,top100,23,Choice Homes,,"3,822",$497,18,https://www.builderonline.com/firms/choice-homes
2005,2004,top100,24,Kimball Hill Homes,,"3,672",$963,21,https://www.builderonline.com/firms/kimball-hill-homes
2005,2004,top100,26,William Lyon Homes,p,"3,471","$1,822",30,https://www.builderonline.com/firms/william-lyon-homes
2005,2004,top100,27,Jim Walter Homes,p,"3,251",$234,24,https://www.builderonline.com/firms/jim-walter-homes
2005,2004,top100,28,Woodside Group,,"3,205","$1,033",28,https://www.builderonline.com/firms/woodside-group
2005,2004,top100,29,Drees Homes,,"3,062","$1,023",29,https://www.builderonline.com/firms/drees-homes
2005,2004,top100,30,Holiday Builders,,"2,970",$425,31,https://www.builderonline.com/firms/holiday-builders
2005,2004,top100,31,MHI,,"2,848",$553,26,https://www.builderonline.com/firms/mhi
2005,2004,top100,32,Dominion Homes,p,"2,837",$542,27,https://www.builderonline.com/firms/dominion-homes
2005,2004,top100,33,"Perry Homes, a Joint Venture",,"2,792",$594,35,https://www.builderonline.com/firms/perry-homes-a-joint-venture
2005,2004,top100,34,Pasquinelli Construction Co.,,"2,680",$570,33,https://www.builderonline.com/firms/pasquinelli-construction-co
2005,2004,top100,35,C.P. Morgan Communities,,"2,585",$344,32,https://www.builderonline.com/firms/cp-morgan-communities
2005,2004,top100,37,Transeastern Properties,,"2,385",$466,38,https://www.builderonline.com/firms/transeastern-properties
2005,2004,top100,38,American West Homebuilding Group,,"2,295",$623,36,https://www.builderonline.com/firms/american-west-homebuilding-group
2005,2004,top100,39,WCI Communities,p,"2,194","$1,806",37,https://www.builderonline.com/firms/wci-communities
2005,2004,top100,40,Epmark,,"2,115",$381,43,https://www.builderonline.com/firms/epmark
2005,2004,top100,41,Neumann Homes,,"2,068",$561,54,https://www.builderonline.com/firms/neumann-homes
2005,2004,top100,42,John Laing Homes,,"2,045","$1,043",39,https://www.builderonline.com/firms/john-laing-homes
2005,2004,top100,43,St. Joe Towns & Resorts,p,"2,006",$712,59,https://www.builderonline.com/firms/st-joe-towns-resorts
2005,2004,top100,44,Crosswinds Communities,,"2,000",$481,68,https://www.builderonline.com/firms/crosswinds-communities
2005,2004,top100,45,Levitt and Sons,p,"1,929",$471,69,https://www.builderonline.com/firms/levitt-and-sons
2005,2004,top100,46,Orleans Homebuilders,p,"1,919",$644,49,https://www.builderonline.com/firms/orleans-homebuilders
2005,2004,top100,47,Ashton Woods Homes,,"1,911",$770,50,https://www.builderonline.com/firms/ashton-woods-homes
2005,2004,top100,48,The Corky McMillin Cos.,,"1,908",$854,61,https://www.builderonline.com/firms/the-corky-mcmillin-cos
2005,2004,top100,49,McCar Homes,,"1,897",$413,41,https://www.builderonline.com/firms/mccar-homes
2005,2004,top100,50,Bowen Family Homes,,"1,829",$319,56,https://www.builderonline.com/firms/bowen-family-homes
2005,2004,top100,51,First Home Builders of Florida,,"1,819",$308,65,https://www.builderonline.com/firms/first-home-builders-of-florida
2005,2004,top100,52,John Wieland Homes and Neighborhoods,,"1,812",$730,44,https://www.builderonline.com/firms/john-wieland-homes-and-neighborhoods
2005,2004,top100,53,Brookfield Homes Corp.,p,"1,798","$1,232",47,https://www.builderonline.com/firms/brookfield-homes-corp
2005,2004,top100,54,Robson Resort Communities,,"1,752",$609,48,https://www.builderonline.com/firms/robson-resort-communities
2005,2004,top100,55,GL Homes of Florida,,"1,700",$744,40,https://www.builderonline.com/firms/gl-homes-of-florida
2005,2004,top100,56,Fulton Homes,,"1,641",$412,52,https://www.builderonline.com/firms/fulton-homes
2005,2004,top100,57,ICI Homes,,"1,624",$526,76,https://www.builderonline.com/firms/ici-homes
2005,2004,top100,58,Royce Homes,,"1,605",$369,45,https://www.builderonline.com/firms/royce-homes
2005,2004,top100,60,Lakewood Homes,,"1,547",$385,67,https://www.builderonline.com/firms/lakewood-homes
2005,2004,top100,61,Elliott Homes,,"1,520",$550,57,https://www.builderonline.com/firms/elliott-homes
2005,2004,top100,62,Town & Country Homes,,"1,460",$400,52,https://www.builderonline.com/firms/town-country-homes
2005,2004,top100,63,The Rottlund Co.,,"1,450",$334,46,https://www.builderonline.com/firms/the-rottlund-co
2005,2004,top100,64,Avatar Holdings,p,"1,427",$330,62,https://www.builderonline.com/firms/avatar-holdings
2005,2004,top100,65,2005 Gehan Homes,,"1,408",$234,55,https://www.builderonline.com/builder-100-listing/2005-gehan-homes/
2005,2004,top100,66,Capital Pacific Holdings,p,"1,312",$487,78,https://www.builderonline.com/firms/capital-pacific-holdings
2005,2004,top100,67,Corey Barton Homes,,"1,253",$190,63,https://www.builderonline.com/firms/corey-barton-homes
2005,2004,top100,68,First Texas Homes,,"1,218",$247,66,https://www.builderonline.com/firms/first-texas-homes
2005,2004,top100,70,"California Homes, A Mathews Co.",,"1,146",$401,64,https://www.builderonline.com/firms/california-homes-a-mathews-co
2005,2004,top100,71,The Mitchell Co.,,"1,112",$210,80,https://www.builderonline.com/firms/the-mitchell-co
2005,2004,top100,72,Ball Homes,,"1,108",$184,73,https://www.builderonline.com/firms/ball-homes
2005,2004,top100,73,MJC Cos.,,"1,098",$239,74,https://www.builderonline.com/firms/mjc-cos
2005,2004,top100,74,Hunt Building Co.,,"1,096",$376,106,https://www.builderonline.com/firms/hunt-building-co
2005,2004,top100,76,Castle & Cooke,,"1,083",$565,70,https://www.builderonline.com/firms/castle-cooke
2005,2004,top100,76,Fischer Homes,,"1,083",$231,71,https://www.builderonline.com/firms/fischer-homes
2005,2004,top100,78,Park Square Homes,,"1,051",$277,113,https://www.builderonline.com/firms/park-square-homes
2005,2004,top100,79,Astoria Homes,,"1,035",$223,89,https://www.builderonline.com/firms/astoria-homes
2005,2004,top100,80,Davis Homes,,"1,023",$168,72,https://www.builderonline.com/firms/davis-homes
2005,2004,top100,81,Century Homebuilders,,"1,004",$0,79,https://www.builderonline.com/firms/century-homebuilders
2005,2004,top100,82,Brown Family Communities,,980,$180,86,https://www.builderonline.com/firms/brown-family-communities
2005,2004,top100,83,The Warmington Group,,974,$591,81,https://www.builderonline.com/firms/the-warmington-group
2005,2004,top100,85,2005 Legend Home Corp.,,962,$148,82,https://www.builderonline.com/builder-100-listing/2005-legend-home-corp/
2005,2004,top100,86,Obra Homes,,934,$93,N/A,https://www.builderonline.com/firms/obra-homes
2005,2004,top100,87,Grand Homes,,915,$267,83,https://www.builderonline.com/firms/grand-homes
2005,2004,top100,89,Century Vintage Homes,,824,$218,96,https://www.builderonline.com/firms/century-vintage-homes
2005,2004,top100,89,Inland Homebuilding Group,,824,$185,93,https://www.builderonline.com/firms/inland-homebuilding-group
2005,2004,top100,91,DRB Group,,810,$213,91,https://www.builderonline.com/firms/drb-group
2005,2004,top100,92,Hacienda Builders,,808,$176,102,https://www.builderonline.com/firms/hacienda-builders
2005,2004,top100,93,Montalbano Builders,,795,$173,N/A,https://www.builderonline.com/firms/montalbano-builders
2005,2004,top100,94,Gemcraft Homes,,793,$213,105,https://www.builderonline.com/firms/gemcraft-homes
2005,2004,top100,95,Landstar Homes,,791,$218,87,https://www.builderonline.com/firms/landstar-homes
2005,2004,top100,96,Dunmore Homes,,776,$287,84,https://www.builderonline.com/firms/dunmore-homes
2005,2004,top100,97,Ole South Properties,,774,$93,94,https://www.builderonline.com/firms/ole-south-properties
2005,2004,top100,98,Ivory Homes,,772,$219,104,https://www.builderonline.com/firms/ivory-homes
2005,2004,top100,99,Arbor Custom Homes,,769,$186,141,https://www.builderonline.com/firms/arbor-custom-homes
2005,2004,top100,100,Frontier Communities,,731,$203,N/A,https://www.builderonline.com/firms/frontier-communities
2005,2004,top100,101,The Olson Co.,,728,$315,100,https://www.builderonline.com/firms/the-olson-co
2005,2004,top100,102,JTS Communities,,725,$387,103,https://www.builderonline.com/firms/jts-communities
2005,2004,top100,104,Eastwood Homes,,710,$103,101,https://www.builderonline.com/firms/eastwood-homes
2005,2004,top100,105,Kalian Cos./Reeves Williams,,708,$151,84,https://www.builderonline.com/firms/kalian-cos-reeves-williams
2005,2004,top100,106,Fieldstone Communities,,703,$365,90,https://www.builderonline.com/firms/fieldstone-communities
2005,2004,top100,107,Barratt American,,702,$322,115,https://www.builderonline.com/firms/barratt-american
2005,2004,top100,108,Classic Homes,,694,$211,122,https://www.builderonline.com/firms/classic-homes
2005,2004,next100,109,Mattamy U.S. Group,,678,$169,154,https://www.builderonline.com/firms/mattamy-us-group
2005,2004,next100,110,Kennedy Group of Cos.,,653,$206,134,https://www.builderonline.com/firms/kennedy-group-of-cos
2005,2004,next100,111,Sares-Regis Group,,645,$342,157,https://www.builderonline.com/firms/sares-regis-group
2005,2004,next100,112,Sunrise Co.,,642,$405,97,https://www.builderonline.com/firms/sunrise-co
2005,2004,next100,113,Lowder New Homes,,624,$192,136,https://www.builderonline.com/firms/lowder-new-homes
2005,2004,next100,114,Maracay Homes Arizona,,606,$174,120,https://www.builderonline.com/firms/maracay-homes-arizona
2005,2004,next100,115,AR Homes,,603,$338,119,https://www.builderonline.com/firms/ar-homes
2005,2004,next100,115,TK Constructors,,603,$72,113,https://www.builderonline.com/firms/tk-constructors
2005,2004,next100,115,Highland Homes,,603,$73,146,https://www.builderonline.com/firms/highland-homes
2005,2004,next100,119,M.W. Johnson Construction,,600,$140,130,https://www.builderonline.com/firms/mw-johnson-construction
2005,2004,next100,119,Ryan Building Group,,600,$164,117,https://www.builderonline.com/firms/ryan-building-group
2005,2004,next100,121,Centerline Homes,,597,$174,148,https://www.builderonline.com/firms/centerline-homes
2005,2004,next100,122,Artistic Homes,,590,$83,107,https://www.builderonline.com/firms/artistic-homes
2005,2004,next100,123,Main Street Homes,,589,$70,112,https://www.builderonline.com/firms/main-street-homes
2005,2004,next100,124,Renar Homes,,581,$94,N/A,https://www.builderonline.com/firms/renar-homes
2005,2004,next100,125,Winmark Homes,,576,$122,155,https://www.builderonline.com/firms/winmark-homes
2005,2004,next100,126,Darling Homes,,575,$180,156,https://www.builderonline.com/firms/darling-homes
2005,2004,next100,127,Hills Communities,,571,$216,77,https://www.builderonline.com/firms/hills-communities
2005,2004,next100,128,Bill Clark Homes,,569,$100,179,https://www.builderonline.com/firms/bill-clark-homes
2005,2004,next100,129,Village Homes of Colorado,,566,$216,140,https://www.builderonline.com/firms/village-homes-of-colorado
2005,2004,next100,130,Vantage/Raylee Homes,,565,$87,143,https://www.builderonline.com/firms/vantage-raylee-homes
2005,2004,next100,131,Greater Construction Corp.,,562,$133,165,https://www.builderonline.com/firms/greater-construction-corp
2005,2004,next100,132,Veridian Homes,,558,$140,118,https://www.builderonline.com/firms/veridian-homes
2005,2004,next100,133,Pageantry Cos.,,552,$139,151,https://www.builderonline.com/firms/pageantry-cos
2005,2004,next100,134,HistoryMaker Homes,,548,$74,N/A,https://www.builderonline.com/firms/historymaker-homes
2005,2004,next100,135,The IDI Group Cos.,,540,$131,N/A,https://www.builderonline.com/firms/the-idi-group-cos
2005,2004,next100,136,View Homes,,537,$44,160,https://www.builderonline.com/firms/view-homes
2005,2004,next100,137,Wood Partners,,525,$37,167,https://www.builderonline.com/firms/wood-partners
2005,2004,next100,138,Whittaker Builders,,515,$113,116,https://www.builderonline.com/firms/whittaker-builders
2005,2004,next100,139,T.H. Properties,,512,$142,146,https://www.builderonline.com/firms/t-h-properties
2005,2004,next100,140,2005 Van Metre Cos.,,507,$337,126,https://www.builderonline.com/builder-100-listing/2005-van-metre-cos/
2005,2004,next100,141,Premier Design Homes,,503,$59,164,https://www.builderonline.com/firms/premier-design-homes
2005,2004,next100,142,The Enterprise Cos.,,502,$263,N/A,https://www.builderonline.com/firms/the-enterprise-cos
2005,2004,next100,143,Wiseman-Hughes,,485,$139,162,https://www.builderonline.com/firms/wiseman-hughes
2005,2004,next100,144,John Mourier Construction,,483,$242,110,https://www.builderonline.com/firms/john-mourier-construction
2005,2004,next100,145,David Cutler Group,,479,$477,135,https://www.builderonline.com/firms/david-cutler-group
2005,2004,next100,146,Craftmark Group,,474,$307,131,https://www.builderonline.com/firms/craftmark-group
2005,2004,next100,147,Ideal Homes,,470,$59,166,https://www.builderonline.com/firms/ideal-homes
2005,2004,next100,148,Kara Homes,,466,$202,149,https://www.builderonline.com/firms/kara-homes
2005,2004,next100,149,Meridian Homes USA,,462,$74,128,https://www.builderonline.com/firms/meridian-homes-usa
2005,2004,next100,150,Rockford Homes,,459,$109,132,https://www.builderonline.com/firms/rockford-homes
2005,2004,next100,152,Shugart Enterprises,,446,$61,139,https://www.builderonline.com/firms/shugart-enterprises
2005,2004,next100,155,Seda Construction Co.,,442,$90,123,https://www.builderonline.com/firms/seda-construction-co
2005,2004,next100,156,Bielinski Homes,,435,$120,145,https://www.builderonline.com/firms/bielinski-homes
2005,2004,next100,157,Lakemont Homes,,434,$160,98,https://www.builderonline.com/firms/lakemont-homes
2005,2004,next100,158,Suarez Housing Corp.,,430,$86,152,https://www.builderonline.com/firms/suarez-housing-corp
2005,2004,next100,159,2005 Inverness Group,,425,$87,170,https://www.builderonline.com/builder-100-listing/2005-inverness-group/
2005,2004,next100,160,Matthews Brothers Builders,,423,$73,185,https://www.builderonline.com/firms/matthews-brothers-builders
2005,2004,next100,161,St. Lawrence Homes,,421,$129,N/A,https://www.builderonline.com/firms/st-lawrence-homes
2005,2004,next100,162,Ivanhoe-Huntley Homes,,415,$127,N/A,https://www.builderonline.com/firms/ivanhoe-huntley-homes
2005,2004,next100,162,Pacific Community Builder,,415,$178,N/A,https://www.builderonline.com/firms/pacific-community-builder
2005,2004,next100,164,Wathen-Castanos,,410,$131,N/A,https://www.builderonline.com/firms/wathen-castanos
2005,2004,next100,164,The Kirk Corp.,,410,$139,161,https://www.builderonline.com/firms/the-kirk-corp
2005,2004,next100,166,Pembroke Enterprises,,399,$146,136,https://www.builderonline.com/firms/pembroke-enterprises
2005,2004,next100,167,The Jones Co. of Tennessee,,393,$103,N/A,https://www.builderonline.com/firms/the-jones-co-of-tennessee
2005,2004,next100,168,Admiral Homes,,390,$80,N/A,https://www.builderonline.com/firms/admiral-homes
2005,2004,next100,169,David Powers Homes,,388,$150,189,https://www.builderonline.com/firms/david-powers-homes
2005,2004,next100,169,Miller and Smith,,388,$241,175,https://www.builderonline.com/firms/miller-and-smith
2005,2004,next100,171,Schumacher Homes,,381,$82,N/A,https://www.builderonline.com/firms/schumacher-homes
2005,2004,next100,172,Lombardo Cos.,,367,$125,183,https://www.builderonline.com/firms/lombardo-cos
2005,2004,next100,173,California Pacific Homes,,362,$337,N/A,https://www.builderonline.com/firms/california-pacific-homes
2005,2004,next100,174,The Bozzuto Group,,359,$463,N/A,https://www.builderonline.com/firms/the-bozzuto-group
2005,2004,next100,175,Colonial Homes,,355,$130,N/A,https://www.builderonline.com/firms/colonial-homes
2005,2004,next100,175,Carefree Homes,,355,$53,177,https://www.builderonline.com/firms/carefree-homes
2005,2004,next100,175,Ryder Homes,,355,$182,N/A,https://www.builderonline.com/firms/ryder-homes
2005,2004,next100,179,Comstock Holding Co.,,328,$110,N/A,https://www.builderonline.com/firms/comstock-holding-co_o
2005,2004,next100,180,Poinsett Homes,,327,$57,196,https://www.builderonline.com/firms/poinsett-homes
2005,2004,next100,181,T.R. Hughes,,323,$81,N/A,https://www.builderonline.com/firms/tr-hughes
2005,2004,next100,182,Keystone Custom Homes,,321,$80,N/A,https://www.builderonline.com/firms/keystone-custom-homes
2005,2004,next100,182,Peachtree Residential Properties,,321,$130,184,https://www.builderonline.com/firms/peachtree-residential-properties
2005,2004,next100,184,Anderson Homes,,315,$46,181,https://www.builderonline.com/firms/anderson-homes
2005,2004,next100,184,Mayer Homes,,315,$125,195,https://www.builderonline.com/firms/mayer-homes
2005,2004,next100,186,Bailey & Dutton,,314,$92,N/A,https://www.builderonline.com/firms/bailey-dutton
2005,2004,next100,186,Hamlet Homes Corp.,,314,$67,197,https://www.builderonline.com/firms/hamlet-homes-corp
2005,2004,next100,188,Berks Homes,,312,$80,180,https://www.builderonline.com/firms/berks-homes
2005,2004,next100,189,LGI Homes,,311,$39,N/A,https://www.builderonline.com/firms/lgi-homes
2005,2004,next100,190,Medallion Home,,308,$61,N/A,https://www.builderonline.com/firms/medallion-home
2005,2004,next100,192,Southern Homes of Polk County,,303,$40,N/A,https://www.builderonline.com/firms/southern-homes-of-polk-county
2005,2004,next100,193,Stanley Martin Cos.,,302,$169,189,https://www.builderonline.com/firms/stanley-martin-cos
2005,2004,next100,193,Robert Harris Homes,,302,$80,N/A,https://www.builderonline.com/firms/robert-harris-homes
2005,2004,next100,195,MBK Homes,,300,$151,N/A,https://www.builderonline.com/firms/mbk-homes
2005,2004,next100,196,Homes by Kennedy,,298,$68,127,https://www.builderonline.com/firms/homes-by-kennedy
2005,2004,next100,197,Pringle Development,,295,$71,N/A,https://www.builderonline.com/firms/pringle-development
2005,2004,next100,198,Greenvale Homes,,291,$47,N/A,https://www.builderonline.com/firms/greenvale-homes
2005,2004,next100,199,Ence Homes,,290,$73,N/A,https://www.builderonline.com/firms/ence-homes
2005,2004,next100,200,The Oberer Cos.,,286,$78,N/A,https://www.builderonline.com/firms/the-oberer-cos
2006,2005,top100,1,D.R. Horton,p,"51,383","$14,246",1,https://www.builderonline.com/firms/dr-horton
2006,2005,top100,2,Pulte Homes,p,"45,630","$14,694",2,https://www.builderonline.com/firms/pulte-homes
2006,2005,top100,3,Lennar Corp.,p,"42,359","$13,867",3,https://www.builderonline.com/firms/lennar-corp
2006,2005,top100,4,Centex Corp.,p,"37,022","$14,673",4,https://www.builderonline.com/firms/centex-corp
2006,2005,top100,5,KB Home,p,"31,009","$9,442",5,https://www.builderonline.com/firms/kb-home
2006,2005,top100,6,Beazer Homes,p,"18,401","$5,189",6,https://www.builderonline.com/firms/beazer-homes-usa
2006,2005,top100,7,Hovnanian Enterprises,p,"17,783","$5,879",8,https://www.builderonline.com/firms/hovnanian-enterprises
2006,2005,top100,8,The Ryland Group,p,"16,673","$4,818",7,https://www.builderonline.com/firms/the-ryland-group
2006,2005,top100,9,M.D.C. Holdings,p,"15,307","$4,880",9,https://www.builderonline.com/firms/mdc-holdings
2006,2005,top100,10,NVR,p,"13,787","$5,262",10,https://www.builderonline.com/firms/nvr
2006,2005,top100,11,Standard Pacific Corp.,p,"11,694","$4,226",11,https://www.builderonline.com/firms/standard-pacific-corp
2006,2005,top100,12,Technical Olympic USA,p,"9,435","$3,053",12,https://www.builderonline.com/firms/technical-olympic-usa
2006,2005,top100,13,Meritage Homes Corp.,p,"9,406","$3,001",13,https://www.builderonline.com/firms/meritage-homes-corp
2006,2005,top100,14,Toll Brothers,p,"8,769","$5,793",14,https://www.builderonline.com/firms/toll-brothers
2006,2005,top100,15,Shea Homes,,"6,901","$3,236",15,https://www.builderonline.com/firms/shea-homes
2006,2005,top100,16,Mercedes Homes,,"5,714","$1,550",17,https://www.builderonline.com/firms/mercedes-homes
2006,2005,top100,17,Weyerhaeuser Real Estate Co.,p,"5,647","$2,915",16,https://www.builderonline.com/firms/weyerhaeuser-real-estate-co
2006,2005,top100,18,Habitat for Humanity International,,"4,993",$198,19,https://www.builderonline.com/firms/habitat-for-humanity-international
2006,2005,top100,19,Morrison Homes,p,"4,921","$1,580",18,https://www.builderonline.com/firms/morrison-homes
2006,2005,top100,20,David Weekley Homes,,"4,612","$1,272",22,https://www.builderonline.com/firms/david-weekley-homes
2006,2005,top100,21,M/I Homes,p,"4,291","$1,348",20,https://www.builderonline.com/firms/m-i-homes
2006,2005,top100,22,The Villages of Lake Sumter,,"4,263","$1,149",21,https://www.builderonline.com/firms/the-villages-of-lake-sumter
2006,2005,top100,23,Taylor Woodrow Homes,p,"3,932","$2,078",25,https://www.builderonline.com/firms/taylor-woodrow-homes
2006,2005,top100,24,Kimball Hill Homes,,"3,881","$1,153",24,https://www.builderonline.com/firms/kimball-hill-homes
2006,2005,top100,25,Holiday Builders,,"3,819",$695,30,https://www.builderonline.com/firms/holiday-builders
2006,2005,top100,26,Pasquinelli Construction Co.,,"3,693",$788,34,https://www.builderonline.com/firms/pasquinelli-construction-co
2006,2005,top100,27,Woodside Group,,"3,676","$1,378",28,https://www.builderonline.com/firms/woodside-group
2006,2005,top100,28,Choice Homes,,"3,300",$447,23,https://www.builderonline.com/firms/choice-homes
2006,2005,top100,29,William Lyon Homes,p,"3,196","$1,856",26,https://www.builderonline.com/firms/william-lyon-homes
2006,2005,top100,30,MHI,,"3,100",$625,31,https://www.builderonline.com/firms/mhi
2006,2005,top100,31,C.P. Morgan Communities,,"3,040",$425,35,https://www.builderonline.com/firms/cp-morgan-communities
2006,2005,top100,32,Drees Homes,,"3,038","$1,093",29,https://www.builderonline.com/firms/drees-homes
2006,2005,top100,33,WCI Communities,p,"2,909","$2,600",39,https://www.builderonline.com/firms/wci-communities
2006,2005,top100,34,John Laing Homes,,"2,891","$1,650",42,https://www.builderonline.com/firms/john-laing-homes
2006,2005,top100,35,"Perry Homes, a Joint Venture",,"2,688",$0,33,https://www.builderonline.com/firms/perry-homes-a-joint-venture
2006,2005,top100,36,Epcon Communities,,"2,677",$482,40,https://www.builderonline.com/firms/epcon-communities
2006,2005,top100,37,Highland Homes,,"2,639",$693,36,https://www.builderonline.com/firms/highland-homes
2006,2005,top100,38,Orleans Homebuilders,p,"2,547",$983,46,https://www.builderonline.com/firms/orleans-homebuilders
2006,2005,top100,39,Jim Walter Homes,p,"2,361",$455,27,https://www.builderonline.com/firms/jim-walter-homes
2006,2005,top100,40,McCar Homes,,"2,216",$526,49,https://www.builderonline.com/firms/mccar-homes
2006,2005,top100,41,Fulton Homes,,"2,202",$599,56,https://www.builderonline.com/firms/fulton-homes
2006,2005,top100,42,Crosswinds Communities,,"2,200",$529,44,https://www.builderonline.com/firms/crosswinds-communities
2006,2005,top100,43,American West Homebuilding Group,,"2,191",$718,38,https://www.builderonline.com/firms/american-west-homebuilding-group
2006,2005,top100,44,Dominion Homes,p,"2,146",$416,32,https://www.builderonline.com/firms/dominion-homes
2006,2005,top100,45,The Corky McMillin Cos.,,"1,973",$880,48,https://www.builderonline.com/firms/the-corky-mcmillin-cos
2006,2005,top100,46,Neumann Homes,,"1,943",$518,41,https://www.builderonline.com/firms/neumann-homes
2006,2005,top100,47,ICI Homes,,"1,934",$662,57,https://www.builderonline.com/firms/ici-homes
2006,2005,top100,48,Ashton Woods Homes,,"1,929",$523,47,https://www.builderonline.com/firms/ashton-woods-homes
2006,2005,top100,49,Avatar Holdings,p,"1,914",$510,64,https://www.builderonline.com/firms/avatar-holdings
2006,2005,top100,50,McBride & Son Enterprises,,"1,803",$583,59,https://www.builderonline.com/firms/mcbride-son-enterprises
2006,2005,top100,51,Levitt and Sons,p,"1,789",$443,45,https://www.builderonline.com/firms/levitt-and-sons
2006,2005,top100,52,Bowen Family Homes,,"1,764",$344,50,https://www.builderonline.com/firms/bowen-family-homes
2006,2005,top100,53,Lakewood Homes,,"1,714",$415,60,https://www.builderonline.com/firms/lakewood-homes
2006,2005,top100,54,Capital Pacific Holdings,p,"1,707",$689,66,https://www.builderonline.com/firms/capital-pacific-holdings
2006,2005,top100,55,John Wieland Homes and Neighborhoods,,"1,704",$763,52,https://www.builderonline.com/firms/john-wieland-homes-and-neighborhoods
2006,2005,top100,56,Royce Homes,,"1,690",$405,58,https://www.builderonline.com/firms/royce-homes
2006,2005,top100,57,Corey Barton Homes,,"1,645",$201,67,https://www.builderonline.com/firms/corey-barton-homes
2006,2005,top100,58,Fieldstone Communities,,"1,622",$640,106,https://www.builderonline.com/firms/fieldstone-communities
2006,2005,top100,59,Brookfield Homes Corp.,p,"1,582","$1,231",53,https://www.builderonline.com/firms/brookfield-homes-corp
2006,2005,top100,60,First Texas Homes,,"1,438",$317,68,https://www.builderonline.com/firms/first-texas-homes
2006,2005,top100,61,The Mitchell Co.,,"1,421",$339,71,https://www.builderonline.com/firms/the-mitchell-co
2006,2005,top100,62,Scenic Homes,,"1,385",$222,N/A,https://www.builderonline.com/firms/scenic-homes
2006,2005,top100,63,Robson Resort Communities,,"1,329",$549,54,https://www.builderonline.com/firms/robson-resort-communities
2006,2005,top100,64,GL Homes,,"1,293",$625,55,https://www.builderonline.com/firms/gl-homes
2006,2005,top100,65,Elliott Homes,,"1,280",$550,61,https://www.builderonline.com/firms/elliott-homes
2006,2005,top100,66,2006 Gehan Homes,,"1,279",$205,65,https://www.builderonline.com/builder-100-listing/2006-gehan-homes/
2006,2005,top100,67,Mattamy U.S. Group,,"1,250",$276,109,https://www.builderonline.com/firms/mattamy-us-group
2006,2005,top100,68,The Warmington Group,,"1,224",$769,83,https://www.builderonline.com/firms/the-warmington-group
2006,2005,top100,69,Park Square Homes,,"1,215",$412,78,https://www.builderonline.com/firms/park-square-homes
2006,2005,top100,70,Reynen & Bardis Communities,,"1,213",$818,75,https://www.builderonline.com/firms/reynen-bardis-communities
2006,2005,top100,71,The Rottlund Co.,,"1,189",$302,63,https://www.builderonline.com/firms/the-rottlund-co
2006,2005,top100,72,Matthews Homes,,"1,187",$454,70,https://www.builderonline.com/firms/matthews-homes
2006,2005,top100,73,Fischer Homes,,"1,150",$244,76,https://www.builderonline.com/firms/fischer-homes
2006,2005,top100,74,America’s First Home,,"1,129",$206,N/A,https://www.builderonline.com/firms/americas-first-home
2006,2005,top100,75,Trend Homes,,"1,108",$286,69,https://www.builderonline.com/firms/trend-homes
2006,2005,top100,76,2006 Legend Home Corp.,,"1,084",$169,85,https://www.builderonline.com/builder-100-listing/2006-legend-home-corp/
2006,2005,top100,77,Ball Homes,,"1,074",$191,72,https://www.builderonline.com/firms/ball-homes
2006,2005,top100,78,Century Homebuilders,,"1,066",$320,81,https://www.builderonline.com/firms/century-homebuilders
2006,2005,top100,79,Vantage/Raylee Homes,,"1,015",$190,130,https://www.builderonline.com/firms/vantage-raylee-homes
2006,2005,top100,80,Castle & Cooke,,"1,012",$623,76,https://www.builderonline.com/firms/castle-cooke
2006,2005,top100,80,Astoria Homes,,"1,012",$294,79,https://www.builderonline.com/firms/astoria-homes
2006,2005,top100,82,Brown Family Communities,,"1,011",$352,82,https://www.builderonline.com/firms/brown-family-communities
2006,2005,top100,83,MCZ Development Corp.,,"1,000","$1,450",84,https://www.builderonline.com/firms/mcz-development-corp
2006,2005,top100,84,Armadillo Homes,,986,$145,N/A,https://www.builderonline.com/firms/armadillo-homes
2006,2005,top100,85,Polygon Northwest Co.,,959,$254,88,https://www.builderonline.com/firms/polygon-northwest-co
2006,2005,top100,86,Ivory Homes,,956,$320,98,https://www.builderonline.com/firms/ivory-homes
2006,2005,top100,87,Obra Homes,,925,$95,86,https://www.builderonline.com/firms/obra-homes
2006,2005,top100,88,DRB Group,,924,$285,91,https://www.builderonline.com/firms/drb-group
2006,2005,top100,89,Gemcraft Homes,,918,$305,94,https://www.builderonline.com/firms/gemcraft-homes
2006,2005,top100,90,Wood Partners,,905,$56,137,https://www.builderonline.com/firms/wood-partners
2006,2005,top100,91,Grand Homes,,894,$282,87,https://www.builderonline.com/firms/grand-homes
2006,2005,top100,92,Ryan Building Group,,889,$257,119,https://www.builderonline.com/firms/ryan-building-group
2006,2005,top100,93,Bill Clark Homes,,883,$171,128,https://www.builderonline.com/firms/bill-clark-homes
2006,2005,top100,94,Eastwood Homes,,877,$137,104,https://www.builderonline.com/firms/eastwood-homes
2006,2005,top100,95,Montalbano Builders,,865,$232,93,https://www.builderonline.com/firms/montalbano-builders
2006,2005,top100,96,Davis Homes,,861,$155,80,https://www.builderonline.com/firms/davis-homes
2006,2005,top100,97,Hacienda Builders,,860,$215,92,https://www.builderonline.com/firms/hacienda-builders
2006,2005,top100,98,MJC Cos.,,859,$178,73,https://www.builderonline.com/firms/mjc-cos
2006,2005,top100,99,Pageantry Cos.,,848,$230,133,https://www.builderonline.com/firms/pageantry-cos
2006,2005,top100,100,Arbor Custom Homes,,842,$200,99,https://www.builderonline.com/firms/arbor-custom-homes
2006,2005,next100,101,Trammell Crow Residential,,831,"$1,307",N/A,https://www.builderonline.com/firms/trammell-crow-residential
2006,2005,next100,102,Century Vintage Homes,,813,$278,89,https://www.builderonline.com/firms/century-vintage-homes
2006,2005,next100,103,Centerline Homes,,809,$217,121,https://www.builderonline.com/firms/centerline-homes
2006,2005,next100,104,Frontier Communities,,793,$308,100,https://www.builderonline.com/firms/frontier-communities
2006,2005,next100,105,JTS Communities,,770,$550,102,https://www.builderonline.com/firms/jts-communities
2006,2005,next100,106,Hills Communities,,754,$191,127,https://www.builderonline.com/firms/hills-communities
2006,2005,next100,107,Novare Group,,752,$209,N/A,https://www.builderonline.com/firms/novare-group
2006,2005,next100,108,Kennedy Group of Cos.,,737,$219,110,https://www.builderonline.com/firms/kennedy-group-of-cos
2006,2005,next100,109,Hubble Homes,,734,$106,118,https://www.builderonline.com/firms/hubble-homes
2006,2005,next100,110,Highland Homes of Florida,,712,$115,115,https://www.builderonline.com/firms/highland-homes_1
2006,2005,next100,111,Inland Homes,,689,$187,89,https://www.builderonline.com/firms/inland-homes
2006,2005,next100,112,Ole South Properties,,681,$94,97,https://www.builderonline.com/firms/ole-south-properties
2006,2005,next100,113,Darling Homes,,678,$233,126,https://www.builderonline.com/firms/darling-homes
2006,2005,next100,114,Renar Homes,,677,$127,124,https://www.builderonline.com/firms/renar-homes
2006,2005,next100,115,Kalian Cos./Reeves Williams,,669,$133,105,https://www.builderonline.com/firms/kalian-cos-reeves-williams
2006,2005,next100,116,Jerry’s Homes,,663,$103,N/A,https://www.builderonline.com/firms/jerrys-homes
2006,2005,next100,117,Classic Homes,,653,$222,108,https://www.builderonline.com/firms/classic-homes
2006,2005,next100,118,Legend Homes of Oregon,,626,$186,N/A,https://www.builderonline.com/firms/legend-homes-of-oregon
2006,2005,next100,119,TK Constructors,,618,$81,115,https://www.builderonline.com/firms/tk-constructors
2006,2005,next100,120,Comstock Holding Co.,p,616,$226,179,https://www.builderonline.com/firms/comstock-holding-co_o
2006,2005,next100,121,Winmark Homes,,615,$175,125,https://www.builderonline.com/firms/winmark-homes
2006,2005,next100,122,AR Homes,,606,$382,115,https://www.builderonline.com/firms/ar-homes
2006,2005,next100,123,T.H. Properties,,604,$172,139,https://www.builderonline.com/firms/t-h-properties
2006,2005,next100,124,Sares-Regis Group,,595,$635,111,https://www.builderonline.com/firms/sares-regis-group
2006,2005,next100,125,Ivanhoe-Huntley Homes,,594,$150,162,https://www.builderonline.com/firms/ivanhoe-huntley-homes
2006,2005,next100,126,M.W. Johnson Construction,,591,$134,119,https://www.builderonline.com/firms/mw-johnson-construction
2006,2005,next100,127,Kara Homes,,590,$288,148,https://www.builderonline.com/firms/kara-homes
2006,2005,next100,128,DeLuca Enterprises,,586,$210,N/A,https://www.builderonline.com/firms/deluca-enterprises
2006,2005,next100,129,Premier Design Homes,,583,$92,141,https://www.builderonline.com/firms/premier-design-homes
2006,2005,next100,130,The Mungo Cos.,,571,$123,N/A,https://www.builderonline.com/firms/the-mungo-cos
2006,2005,next100,130,Wilshire Homes,,571,$151,N/A,https://www.builderonline.com/firms/wilshire-homes
2006,2005,next100,132,Shugart Enterprises,,567,$82,152,https://www.builderonline.com/firms/shugart-enterprises
2006,2005,next100,133,Veridian Homes,,552,$146,132,https://www.builderonline.com/firms/veridian-homes
2006,2005,next100,134,David Cutler Group,,551,$529,145,https://www.builderonline.com/firms/david-cutler-group
2006,2005,next100,135,Craftmark Group,,543,$361,146,https://www.builderonline.com/firms/craftmark-group
2006,2005,next100,136,Meridian Homes USA,,538,$93,149,https://www.builderonline.com/firms/meridian-homes-usa
2006,2005,next100,137,Whittaker Builders,,535,$131,138,https://www.builderonline.com/firms/whittaker-builders
2006,2005,next100,138,JLS Custom Homes,,531,$125,N/A,https://www.builderonline.com/firms/jls-custom-homes
2006,2005,next100,139,American Homes & Land,,523,$84,N/A,https://www.builderonline.com/firms/american-homes-land
2006,2005,next100,140,Village Homes of Colorado,,515,$205,129,https://www.builderonline.com/firms/village-homes-of-colorado
2006,2005,next100,141,SeaGate Homes,,512,$101,154,https://www.builderonline.com/firms/seagate-homes
2006,2005,next100,142,HPH Homes,,511,$117,N/A,https://www.builderonline.com/firms/hph-homes
2006,2005,next100,143,The Enterprise Cos.,,509,$281,142,https://www.builderonline.com/firms/the-enterprise-cos
2006,2005,next100,144,St. Lawrence Homes,,502,$163,161,https://www.builderonline.com/firms/st-lawrence-homes
2006,2005,next100,145,Barratt American,,498,$332,107,https://www.builderonline.com/firms/barratt-american
2006,2005,next100,146,Miller and Smith,,497,$295,169,https://www.builderonline.com/firms/miller-and-smith
2006,2005,next100,147,Van Metre Cos.,,482,$383,140,https://www.builderonline.com/firms/van-metre-cos
2006,2005,next100,148,R&B Construction,,475,$56,N/A,https://www.builderonline.com/firms/r-b-construction
2006,2005,next100,149,Rausch Coleman,,472,$63,N/A,https://www.builderonline.com/firms/rausch-coleman
2006,2005,next100,150,Main Street Homes,,470,$57,123,https://www.builderonline.com/firms/main-street-homes
2006,2005,next100,151,Southern Homes,,466,$148,N/A,https://www.builderonline.com/firms/southern-homes
2006,2005,next100,152,Ence Homes,,451,$141,199,https://www.builderonline.com/firms/ence-homes
2006,2005,next100,153,The Jones Co. of Tennessee,,448,$124,167,https://www.builderonline.com/firms/the-jones-co-of-tennessee
2006,2005,next100,154,Ideal Homes,,435,$57,147,https://www.builderonline.com/firms/ideal-homes
2006,2005,next100,155,Robert Harris Homes,,425,$119,193,https://www.builderonline.com/firms/robert-harris-homes
2006,2005,next100,155,Rockford Homes,,425,$105,150,https://www.builderonline.com/firms/rockford-homes
2006,2005,next100,157,Wiseman-Hughes,,415,$118,143,https://www.builderonline.com/firms/wiseman-hughes
2006,2005,next100,158,The Estridge Cos.,,412,$153,153,https://www.builderonline.com/firms/the-estridge-cos
2006,2005,next100,158,Dunmore Homes,,412,$163,96,https://www.builderonline.com/firms/dunmore-homes
2006,2005,next100,160,Magellan Development Group,,410,$228,N/A,https://www.builderonline.com/firms/magellan-development-group
2006,2005,next100,161,JD Pierce Co.,,405,$116,N/A,https://www.builderonline.com/firms/jd-pierce-co
2006,2005,next100,162,Matthews Brothers Builders,,404,$82,160,https://www.builderonline.com/firms/matthews-brothers-builders
2006,2005,next100,162,Lombardo Cos.,,404,$97,172,https://www.builderonline.com/firms/lombardo-cos
2006,2005,next100,162,The Kirk Corp.,,404,$137,164,https://www.builderonline.com/firms/the-kirk-corp
2006,2005,next100,165,Sun Country Homes,,401,$75,N/A,https://www.builderonline.com/firms/sun-country-homes
2006,2005,next100,166,2006 HHHunt Homes,,396,$223,N/A,https://www.builderonline.com/builder-100-listing/2006-hhhunt-homes/
2006,2005,next100,167,Southern Homes of Polk County,,384,$68,192,https://www.builderonline.com/firms/southern-homes-of-polk-county
2006,2005,next100,168,Venture Homes,,378,$84,N/A,https://www.builderonline.com/firms/venture-homes
2006,2005,next100,169,MBK Homes,,368,$173,195,https://www.builderonline.com/firms/mbk-homes
2006,2005,next100,169,Ginsburg Development Cos.,,368,$575,N/A,https://www.builderonline.com/firms/ginsburg-development-cos
2006,2005,next100,171,Trophy Homes,,362,$47,191,https://www.builderonline.com/firms/trophy-homes
2006,2005,next100,172,Greenvale Homes,,360,$60,198,https://www.builderonline.com/firms/greenvale-homes
2006,2005,next100,173,Suarez Housing Corp.,,357,$97,158,https://www.builderonline.com/firms/suarez-housing-corp
2006,2005,next100,174,Pierce Homes of Carolina,,356,$54,N/A,https://www.builderonline.com/firms/pierce-homes-of-carolina
2006,2005,next100,175,T.W. Lewis,,355,$200,N/A,https://www.builderonline.com/firms/tw-lewis
2006,2005,next100,177,Lowder New Homes,,353,$128,113,https://www.builderonline.com/firms/lowder-new-homes
2006,2005,next100,178,Stanley Martin Cos.,,352,$267,193,https://www.builderonline.com/firms/stanley-martin-cos
2006,2005,next100,178,Traton Homes,,333,$126,N/A,https://www.builderonline.com/firms/traton-homes
2006,2005,next100,179,Lane Co.,,350,$298,N/A,https://www.builderonline.com/firms/lane-co
2006,2005,next100,180,Don Morissette Homes,,349,$165,N/A,https://www.builderonline.com/firms/don-morissette-homes
2006,2005,next100,181,David Powers Homes,,346,$139,169,https://www.builderonline.com/firms/david-powers-homes
2006,2005,next100,181,G.T. Architecture Contractors Corp.,,346,$55,N/A,https://www.builderonline.com/firms/gt-architecture-contractors-corp
2006,2005,next100,183,Jagoe Homes,,344,$49,N/A,https://www.builderonline.com/firms/jagoe-homes
2006,2005,next100,183,MLP Investments,,344,$324,N/A,https://www.builderonline.com/firms/mlp-investments
2006,2005,next100,185,Wathen-Castanos-Mazmanian,,343,$135,164,https://www.builderonline.com/firms/wathen-castanos-mazmanian
2006,2005,next100,186,Syncon Homes,,340,$164,N/A,https://www.builderonline.com/firms/syncon-homes
2006,2005,next100,187,EGStoltzfus Homes,,337,$87,N/A,https://www.builderonline.com/firms/egstoltzfus-homes
2006,2005,next100,188,Homeland Legacy,,334,$60,N/A,https://www.builderonline.com/firms/homeland-legacy
2006,2005,next100,189,Bruce Williams Homes,,333,$101,N/A,https://www.builderonline.com/firms/bruce-williams-homes
2006,2005,next100,190,Keystone Custom Homes,,332,$99,182,https://www.builderonline.com/firms/keystone-custom-homes
2006,2005,next100,191,JPI,,329,"$1,290",N/A,https://www.builderonline.com/firms/jpi
2006,2005,next100,191,The IDI Group Cos.,,329,$84,135,https://www.builderonline.com/firms/the-idi-group-cos
2006,2005,next100,191,Imperial Homes Texas,,329,$76,N/A,https://www.builderonline.com/firms/imperial-homes-texas
2006,2005,next100,194,Medallion Home,,325,$65,190,https://www.builderonline.com/firms/medallion-home
2006,2005,next100,195,The Grupe Co.,,324,$232,N/A,https://www.builderonline.com/firms/the-grupe-co
2006,2005,next100,196,Forrest Homes,,323,$61,N/A,https://www.builderonline.com/firms/forrest-homes
2006,2005,next100,197,Anderson Homes,,321,$48,184,https://www.builderonline.com/firms/anderson-homes
2006,2005,next100,198,Pacific Communities,,320,$145,162,https://www.builderonline.com/firms/pacific-communities
2006,2005,next100,199,H/S Development Co.,,313,$68,N/A,https://www.builderonline.com/firms/h-s-development-co
2006,2005,next100,199,T.R. Hughes,,313,$89,181,https://www.builderonline.com/firms/tr-hughes
2007,2006,top100,0,Castle and Cooke,,0,$0,N/A,https://www.builderonline.com/firms/castle-and-cooke
2007,2006,top100,1,D.R. Horton,p,"53,410","$15,016",1,https://www.builderonline.com/firms/dr-horton
2007,2006,top100,2,Lennar Corp.,p,"49,568","$16,267",3,https://www.builderonline.com/firms/lennar-corp
2007,2006,top100,3,Pulte Homes,p,"41,487","$14,274",2,https://www.builderonline.com/firms/pulte-homes
2007,2006,top100,4,Centex Corp.,p,"37,539","$14,400",4,https://www.builderonline.com/firms/centex-corp
2007,2006,top100,5,KB Home,p,"32,124","$11,004",5,https://www.builderonline.com/firms/kb-home
2007,2006,top100,6,Hovnanian Enterprises,p,"20,201","$7,016",7,https://www.builderonline.com/firms/hovnanian-enterprises
2007,2006,top100,7,Beazer Homes,p,"17,500","$5,159",6,https://www.builderonline.com/firms/beazer-homes-usa
2007,2006,top100,8,The Ryland Group,p,"15,392","$4,757",8,https://www.builderonline.com/firms/the-ryland-group
2007,2006,top100,9,NVR,p,"15,139","$6,134",10,https://www.builderonline.com/firms/nvr
2007,2006,top100,10,M.D.C. Holdings,p,"13,123","$4,802",9,https://www.builderonline.com/firms/mdc-holdings
2007,2006,top100,11,Standard Pacific Corp.,p,"10,763","$4,145",11,https://www.builderonline.com/firms/standard-pacific-corp
2007,2006,top100,12,Meritage Homes Corp.,p,"10,487","$3,461",13,https://www.builderonline.com/firms/meritage-homes-corp
2007,2006,top100,13,Technical Olympic USA,p,"9,602","$2,640",12,https://www.builderonline.com/firms/technical-olympic-usa
2007,2006,top100,14,Toll Brothers,p,"8,601","$6,123",14,https://www.builderonline.com/firms/toll-brothers
2007,2006,top100,15,Weyerhaeuser Real Estate Co.,p,"5,836","$3,335",17,https://www.builderonline.com/firms/weyerhaeuser-real-estate-co
2007,2006,top100,16,Habitat for Humanity International,,"5,820",$374,18,https://www.builderonline.com/firms/habitat-for-humanity-international
2007,2006,top100,17,Shea Homes,,"5,755","$3,045",15,https://www.builderonline.com/firms/shea-homes
2007,2006,top100,18,David Weekley Homes,,"5,360","$1,544",20,https://www.builderonline.com/firms/david-weekley-homes
2007,2006,top100,19,Morrison Homes,p,"4,347","$1,390",19,https://www.builderonline.com/firms/morrison-homes
2007,2006,top100,20,Mercedes Homes,,"4,264","$1,300",16,https://www.builderonline.com/firms/mercedes-homes
2007,2006,top100,21,M/I Homes,p,"4,109","$1,350",21,https://www.builderonline.com/firms/m-i-homes
2007,2006,top100,22,Kimball Hill Homes,,"4,079","$1,172",24,https://www.builderonline.com/firms/kimball-hill-homes
2007,2006,top100,23,The Villages of Lake Sumter,,"3,963","$1,182",22,https://www.builderonline.com/firms/the-villages-of-lake-sumter
2007,2006,top100,24,Pasquinelli Construction Co.,,"3,781",$825,26,https://www.builderonline.com/firms/pasquinelli-construction-co
2007,2006,top100,25,MHI,,"3,450",$749,30,https://www.builderonline.com/firms/mhi
2007,2006,top100,26,Woodside Group,,"3,335","$1,345",27,https://www.builderonline.com/firms/woodside-group
2007,2006,top100,27,C.P. Morgan Communities,,"3,331",$509,31,https://www.builderonline.com/firms/cp-morgan-communities
2007,2006,top100,28,Holiday Builders,,"3,157",$701,25,https://www.builderonline.com/firms/holiday-builders
2007,2006,top100,29,Drees Homes,,"3,154","$1,167",32,https://www.builderonline.com/firms/drees-homes
2007,2006,top100,30,"Perry Homes, a Joint Venture",,"3,141",$729,35,https://www.builderonline.com/firms/perry-homes-a-joint-venture
2007,2006,top100,31,Highland Homes,,"2,951",$878,37,https://www.builderonline.com/firms/highland-homes
2007,2006,top100,32,Taylor Woodrow Homes,p,"2,900","$2,183",23,https://www.builderonline.com/firms/taylor-woodrow-homes
2007,2006,top100,33,William Lyon Homes,,"2,887","$1,492",29,https://www.builderonline.com/firms/william-lyon-homes
2007,2006,top100,34,Choice Homes,,"2,843",$413,28,https://www.builderonline.com/firms/choice-homes
2007,2006,top100,35,Epcon Communities,,"2,782",$501,36,https://www.builderonline.com/firms/epcon-communities
2007,2006,top100,36,Jim Walter Homes,p,"2,567",$495,39,https://www.builderonline.com/firms/jim-walter-homes
2007,2006,top100,37,Ashton Woods Homes,,"2,471",$735,48,https://www.builderonline.com/firms/ashton-woods-homes
2007,2006,top100,38,John Laing Homes,,"2,269","$1,643",34,https://www.builderonline.com/firms/john-laing-homes
2007,2006,top100,39,McCar Homes,,"2,265",$628,40,https://www.builderonline.com/firms/mccar-homes
2007,2006,top100,40,WCI Communities,p,"2,215","$2,050",33,https://www.builderonline.com/firms/wci-communities
2007,2006,top100,41,Avatar Holdings,p,"2,122",$835,49,https://www.builderonline.com/firms/avatar-holdings
2007,2006,top100,42,Orleans Homebuilders,p,"2,079",$925,38,https://www.builderonline.com/firms/orleans-homebuilders
2007,2006,top100,43,McBride & Son Enterprises,,"2,028",$638,50,https://www.builderonline.com/firms/mcbride-son-enterprises
2007,2006,top100,44,Fieldstone Communities,,"1,900",$605,58,https://www.builderonline.com/firms/fieldstone-communities
2007,2006,top100,45,American West Homebuilding Group,,"1,889",$750,43,https://www.builderonline.com/firms/american-west-homebuilding-group
2007,2006,top100,46,Royce Homes,,"1,837",$432,56,https://www.builderonline.com/firms/royce-homes
2007,2006,top100,47,Crosswinds Communities,,"1,750",$360,42,https://www.builderonline.com/firms/crosswinds-communities
2007,2006,top100,48,Bowen Family Homes,,"1,728",$404,52,https://www.builderonline.com/firms/bowen-family-homes
2007,2006,top100,49,First Texas Homes,,"1,691",$402,60,https://www.builderonline.com/firms/first-texas-homes
2007,2006,top100,50,Levitt and Sons,p,"1,660",$505,51,https://www.builderonline.com/firms/levitt-and-sons
2007,2006,top100,51,The Corky McMillin Cos.,,"1,586","$1,100",45,https://www.builderonline.com/firms/the-corky-mcmillin-cos
2007,2006,top100,52,Centrum Properties,,"1,560",$621,N/A,https://www.builderonline.com/firms/centrum-properties
2007,2006,top100,53,Capital Pacific Holdings,,"1,502",$555,54,https://www.builderonline.com/firms/capital-pacific-holdings
2007,2006,top100,54,Scenic Homes,,"1,474",$272,62,https://www.builderonline.com/firms/scenic-homes
2007,2006,top100,55,Robson Resort Communities,,"1,473",$638,63,https://www.builderonline.com/firms/robson-resort-communities
2007,2006,top100,57,GL Homes,,"1,443",$872,64,https://www.builderonline.com/firms/gl-homes
2007,2006,top100,58,2007 Legend Home Corp.,,"1,404",$226,76,https://www.builderonline.com/builder-100-listing/2007-legend-home-corp/
2007,2006,top100,59,Neumann Homes,,"1,378",$425,46,https://www.builderonline.com/firms/neumann-homes
2007,2006,top100,60,Dominion Homes,p,"1,335",$257,44,https://www.builderonline.com/firms/dominion-homes
2007,2006,top100,61,Fischer Homes,,"1,310",$281,73,https://www.builderonline.com/firms/fischer-homes
2007,2006,top100,62,Eastwood Homes,,"1,275",$223,94,https://www.builderonline.com/firms/eastwood-homes
2007,2006,top100,63,ICI Homes,,"1,265",$502,47,https://www.builderonline.com/firms/ici-homes
2007,2006,top100,64,The Enterprise Cos.,,"1,215",$558,143,https://www.builderonline.com/firms/the-enterprise-cos
2007,2006,top100,65,MCZ Development Corp.,,"1,205","$1,600",83,https://www.builderonline.com/firms/mcz-development-corp
2007,2006,top100,66,Ivory Homes,,"1,203",$440,86,https://www.builderonline.com/firms/ivory-homes
2007,2006,top100,67,CBH Homes,,"1,194",$250,57,https://www.builderonline.com/firms/cbh-homes
2007,2006,top100,68,Brookfield Homes Corp.,p,"1,159",$888,59,https://www.builderonline.com/firms/brookfield-homes-corp
2007,2006,top100,69,HistoryMaker Homes,,"1,151",$160,N/A,https://www.builderonline.com/firms/historymaker-homes
2007,2006,top100,70,Obra Homes,,"1,127",$135,87,https://www.builderonline.com/firms/obra-homes
2007,2006,top100,71,America’s First Home,,"1,095",$273,74,https://www.builderonline.com/firms/americas-first-home
2007,2006,top100,73,Warmington Homes,,"1,078",$673,68,https://www.builderonline.com/firms/warmington-homes
2007,2006,top100,75,The Rottlund Co.,,"1,025",$259,71,https://www.builderonline.com/firms/the-rottlund-co
2007,2006,top100,76,Park Square Homes,,"1,013",$400,69,https://www.builderonline.com/firms/park-square-homes
2007,2006,top100,77,Novare Group,,"1,004",$251,107,https://www.builderonline.com/firms/novare-group
2007,2006,top100,78,Polygon Northwest Co.,,994,$306,85,https://www.builderonline.com/firms/polygon-northwest-co
2007,2006,top100,79,Main Street Homes,,991,$127,150,https://www.builderonline.com/firms/main-street-homes
2007,2006,top100,80,Armadillo Homes,,973,$160,84,https://www.builderonline.com/firms/armadillo-homes
2007,2006,top100,81,The Mitchell Co.,,965,$301,61,https://www.builderonline.com/firms/the-mitchell-co
2007,2006,top100,82,Comstock Holding Co.,p,940,$243,120,https://www.builderonline.com/firms/comstock-holding-co_o
2007,2006,top100,82,Casa Linda Homes,,940,$104,N/A,https://www.builderonline.com/firms/casa-linda-homes
2007,2006,top100,84,Frontier Communities,,933,$333,104,https://www.builderonline.com/firms/frontier-communities
2007,2006,top100,85,Trend Homes,,926,$303,75,https://www.builderonline.com/firms/trend-homes
2007,2006,top100,86,William Ryan Homes,,910,$256,92,https://www.builderonline.com/firms/william-ryan-homes
2007,2006,top100,87,Westport Homes,,906,$158,N/A,https://www.builderonline.com/firms/westport-homes
2007,2006,top100,88,Ball Homes,,874,$169,77,https://www.builderonline.com/firms/ball-homes
2007,2006,top100,90,Wood Partners,,866,$96,90,https://www.builderonline.com/firms/wood-partners
2007,2006,top100,91,Elliott Homes,,840,$656,65,https://www.builderonline.com/firms/elliott-homes
2007,2006,top100,92,Lakewood Homes,,837,$201,53,https://www.builderonline.com/firms/lakewood-homes
2007,2006,top100,93,Brown Family Communities,,826,$262,82,https://www.builderonline.com/firms/brown-family-communities
2007,2006,top100,94,The Olson Co.,,787,$400,N/A,https://www.builderonline.com/firms/the-olson-co
2007,2006,top100,95,Hubble Homes,,775,$141,109,https://www.builderonline.com/firms/hubble-homes
2007,2006,top100,96,Grand Homes,,773,$259,91,https://www.builderonline.com/firms/grand-homes
2007,2006,top100,97,Pacific West Cos.,,771,$205,N/A,https://www.builderonline.com/firms/pacific-west-cos
2007,2006,top100,98,Gemcraft Homes,,770,$265,89,https://www.builderonline.com/firms/gemcraft-homes
2007,2006,top100,98,Matthews Homes,,770,$360,72,https://www.builderonline.com/firms/matthews-homes
2007,2006,top100,100,Ole South Properties,,743,$113,112,https://www.builderonline.com/firms/ole-south-properties
2007,2006,top100,101,AR Homes,,726,$492,122,https://www.builderonline.com/firms/ar-homes
2007,2006,top100,102,Kennedy Group of Cos.,,721,$234,108,https://www.builderonline.com/firms/kennedy-group-of-cos
2007,2006,top100,103,Darling Homes,,709,$264,113,https://www.builderonline.com/firms/darling-homes
2007,2006,next100,104,Reynen & Bardis Communities,,698,$448,70,https://www.builderonline.com/firms/reynen-bardis-communities
2007,2006,next100,105,Pageantry Homes,,693,$209,99,https://www.builderonline.com/firms/pageantry-homes
2007,2006,next100,106,The Mungo Cos.,,683,$139,130,https://www.builderonline.com/firms/the-mungo-cos
2007,2006,next100,107,Highland Homes of Florida,,667,$163,110,https://www.builderonline.com/firms/highland-homes_1
2007,2006,next100,108,Magellan Development Group,,661,$382,160,https://www.builderonline.com/firms/magellan-development-group
2007,2006,next100,109,Kalian Co./Reeves Williams,,640,$101,115,https://www.builderonline.com/firms/kalian-co-reeves-williams
2007,2006,next100,110,Arbor Custom Homes,,624,$205,100,https://www.builderonline.com/firms/arbor-custom-homes
2007,2006,next100,111,Hacienda Builders,,611,$210,97,https://www.builderonline.com/firms/hacienda-builders
2007,2006,next100,112,S&A Homes,,610,$200,N/A,https://www.builderonline.com/firms/s-a-homes
2007,2006,next100,113,Astoria Homes,,606,$200,80,https://www.builderonline.com/firms/astoria-homes
2007,2006,next100,113,Classic Homes,,606,$261,117,https://www.builderonline.com/firms/classic-homes
2007,2006,next100,113,Shugart Enterprises,,606,$87,132,https://www.builderonline.com/firms/shugart-enterprises
2007,2006,next100,116,Hills Communities,,605,$181,106,https://www.builderonline.com/firms/hills-communities
2007,2006,next100,117,MJC Cos.,,598,$126,98,https://www.builderonline.com/firms/mjc-cos
2007,2006,next100,118,Trammell Crow Residential,,596,"$1,187",101,https://www.builderonline.com/firms/trammell-crow-residential
2007,2006,next100,119,The Knight Group,,584,$96,N/A,https://www.builderonline.com/firms/the-knight-group
2007,2006,next100,120,Brayson Homes,,576,$0,N/A,https://www.builderonline.com/firms/brayson-homes
2007,2006,next100,121,Rausch Coleman Homes,,575,$82,149,https://www.builderonline.com/firms/rausch-coleman-homes
2007,2006,next100,122,Pringle Development,,574,$156,N/A,https://www.builderonline.com/firms/pringle-development
2007,2006,next100,123,Meridian Homes USA,,567,$113,136,https://www.builderonline.com/firms/meridian-homes-usa
2007,2006,next100,124,DRB Group,,563,$202,88,https://www.builderonline.com/firms/drb-group
2007,2006,next100,126,HPH Homes,,550,$129,142,https://www.builderonline.com/firms/hph-homes
2007,2006,next100,126,Winmark Homes,,550,$140,121,https://www.builderonline.com/firms/winmark-homes
2007,2006,next100,128,Centerline Homes,,535,$195,103,https://www.builderonline.com/firms/centerline-homes
2007,2006,next100,128,DeLuca Enterprises,,535,$231,128,https://www.builderonline.com/firms/deluca-enterprises
2007,2006,next100,130,R&B Construction,,532,$73,148,https://www.builderonline.com/firms/r-b-construction
2007,2006,next100,131,Ideal Homes,,525,$75,154,https://www.builderonline.com/firms/ideal-homes
2007,2006,next100,132,David Cutler Group,,514,$397,134,https://www.builderonline.com/firms/david-cutler-group
2007,2006,next100,133,E H Building Group II,,512,$138,N/A,https://www.builderonline.com/firms/e-h-building-group-ii
2007,2006,next100,134,JLS Custom Homes,,508,$141,138,https://www.builderonline.com/firms/jls-custom-homes
2007,2006,next100,135,Element Homes,,493,$184,N/A,https://www.builderonline.com/firms/element-homes
2007,2006,next100,135,SeaGate Homes,,493,$112,141,https://www.builderonline.com/firms/seagate-homes
2007,2006,next100,137,Artistic Homes,,491,$92,N/A,https://www.builderonline.com/firms/artistic-homes
2007,2006,next100,138,St. Lawrence Homes,,489,$191,144,https://www.builderonline.com/firms/st-lawrence-homes
2007,2006,next100,139,M.W. Johnson Construction,,487,$116,126,https://www.builderonline.com/firms/mw-johnson-construction
2007,2006,next100,140,Cheldan Homes,,476,$67,N/A,https://www.builderonline.com/firms/cheldan-homes
2007,2006,next100,141,Homes by Kennedy,,454,$92,N/A,https://www.builderonline.com/firms/homes-by-kennedy
2007,2006,next100,142,Premier Design Homes,,452,$77,129,https://www.builderonline.com/firms/premier-design-homes
2007,2006,next100,143,Landmark Valley Homes,,446,$43,N/A,https://www.builderonline.com/firms/landmark-valley-homes
2007,2006,next100,144,T.H. Properties,,444,$138,123,https://www.builderonline.com/firms/t-h-properties
2007,2006,next100,145,Miller and Smith,,442,$287,146,https://www.builderonline.com/firms/miller-and-smith
2007,2006,next100,145,Jerry’s Homes,,442,$79,116,https://www.builderonline.com/firms/jerrys-homes
2007,2006,next100,147,2007 HHHunt Homes,,440,$214,166,https://www.builderonline.com/builder-100-listing/2007-hhhunt-homes/
2007,2006,next100,148,Veridian Homes,,439,$120,133,https://www.builderonline.com/firms/veridian-homes
2007,2006,next100,149,Gateway Homes,,429,$65,N/A,https://www.builderonline.com/firms/gateway-homes
2007,2006,next100,150,Simmons Homes,,420,$76,N/A,https://www.builderonline.com/firms/simmons-homes
2007,2006,next100,151,LGI Homes,,418,$54,N/A,https://www.builderonline.com/firms/lgi-homes
2007,2006,next100,152,Poinsett Homes,,410,$97,N/A,https://www.builderonline.com/firms/poinsett-homes
2007,2006,next100,153,Triton Homes,,400,$49,N/A,https://www.builderonline.com/firms/triton-homes
2007,2006,next100,154,Barratt American,,397,$251,145,https://www.builderonline.com/firms/barratt-american
2007,2006,next100,156,Craftmark Group,,395,$326,135,https://www.builderonline.com/firms/craftmark-group
2007,2006,next100,157,MBK Homes,,392,$212,169,https://www.builderonline.com/firms/mbk-homes
2007,2006,next100,158,Van Metre Cos.,,391,$321,147,https://www.builderonline.com/firms/van-metre-cos
2007,2006,next100,159,Thornton Homes,,388,$76,N/A,https://www.builderonline.com/firms/thornton-homes
2007,2006,next100,160,Shelby Homes,,381,$176,N/A,https://www.builderonline.com/firms/shelby-homes
2007,2006,next100,161,G.T. Architecture Contractors Corp.,,379,$71,181,https://www.builderonline.com/firms/gt-architecture-contractors-corp
2007,2006,next100,162,The Jones Co. of Tennessee,,377,$116,153,https://www.builderonline.com/firms/the-jones-co-of-tennessee
2007,2006,next100,163,Matthews Brothers Builders,,376,$97,162,https://www.builderonline.com/firms/matthews-brothers-builders
2007,2006,next100,164,David Powers Homes,,372,$139,181,https://www.builderonline.com/firms/david-powers-homes
2007,2006,next100,165,Hamlet Homes Corp.,,369,$106,N/A,https://www.builderonline.com/firms/hamlet-homes-corp
2007,2006,next100,166,Wathen-Castanos-Mazmanian,,365,$26,185,https://www.builderonline.com/firms/wathen-castanos-mazmanian
2007,2006,next100,167,Medallion Home,,360,$84,194,https://www.builderonline.com/firms/medallion-home
2007,2006,next100,168,Ennis Homes,,358,$116,N/A,https://www.builderonline.com/firms/ennis-homes
2007,2006,next100,169,Kara Homes,,356,$217,127,https://www.builderonline.com/firms/kara-homes
2007,2006,next100,170,Keystone Custom Homes,,354,$110,190,https://www.builderonline.com/firms/keystone-custom-homes
2007,2006,next100,171,Stanley Martin Cos.,,352,$252,178,https://www.builderonline.com/firms/stanley-martin-cos
2007,2006,next100,172,Carefree Homes,,347,$56,N/A,https://www.builderonline.com/firms/carefree-homes
2007,2006,next100,173,Whittaker Builders,,343,$93,137,https://www.builderonline.com/firms/whittaker-builders
2007,2006,next100,174,SH Communities,,337,$173,151,https://www.builderonline.com/firms/sh-communities
2007,2006,next100,175,California Pacific Homes,,333,$338,N/A,https://www.builderonline.com/firms/california-pacific-homes
2007,2006,next100,176,The Dragas Cos.,,331,$101,N/A,https://www.builderonline.com/firms/the-dragas-cos
2007,2006,next100,177,2007 Wiseman-Hughes Enterprises,,330,$86,157,https://www.builderonline.com/builder-100-listing/2007-wiseman-hughes-enterprises/
2007,2006,next100,178,The Kirk Corp.,,328,$112,162,https://www.builderonline.com/firms/the-kirk-corp
2007,2006,next100,179,John Mourier Construction,,325,$177,N/A,https://www.builderonline.com/firms/john-mourier-construction
2007,2006,next100,180,T.W. Lewis Co.,,324,$236,175,https://www.builderonline.com/firms/tw-lewis-co
2007,2006,next100,181,Pacific Communities,,322,$183,198,https://www.builderonline.com/firms/pacific-communities
2007,2006,next100,182,Venture Homes,,319,$82,168,https://www.builderonline.com/firms/venture-homes
2007,2006,next100,183,Harkins Builders,,318,$235,N/A,https://www.builderonline.com/firms/harkins-builders
2007,2006,next100,184,Lowder New Homes,,316,$78,177,https://www.builderonline.com/firms/lowder-new-homes
2007,2006,next100,185,AHO Homes,,313,$42,N/A,https://www.builderonline.com/firms/aho-homes
2007,2006,next100,186,Traton Homes,,309,$123,N/A,https://www.builderonline.com/firms/traton-homes
2007,2006,next100,187,Jagoe Homes,,306,$47,183,https://www.builderonline.com/firms/jagoe-homes
2007,2006,next100,187,Sotherby Homes,,306,$132,N/A,https://www.builderonline.com/firms/sotherby-homes
2007,2006,next100,189,Greenvale Homes,,304,$48,172,https://www.builderonline.com/firms/greenvale-homes
2007,2006,next100,190,Eagle Construction of Virginia,,303,$132,N/A,https://www.builderonline.com/firms/eagle-construction-of-virginia
2007,2006,next100,190,McStain Enterprises,,303,$106,N/A,https://www.builderonline.com/firms/mcstain-enterprises
2007,2006,next100,190,Premier Communities,,303,$93,N/A,https://www.builderonline.com/firms/premier-communities
2007,2006,next100,193,Anderson Homes,,301,$50,197,https://www.builderonline.com/firms/anderson-homes
2007,2006,next100,194,Lane Co.,,300,$410,179,https://www.builderonline.com/firms/lane-co
2007,2006,next100,194,Supreme Builders,,300,$45,N/A,https://www.builderonline.com/firms/supreme-builders
2007,2006,next100,196,Providence Homes,,297,$107,N/A,https://www.builderonline.com/firms/providence-homes
2007,2006,next100,197,John Willis Homes,,295,$180,N/A,https://www.builderonline.com/firms/john-willis-homes
2007,2006,next100,198,Ence Homes,,293,$113,152,https://www.builderonline.com/firms/ence-homes
2007,2006,next100,199,Sares-Regis Group,,292,$528,124,https://www.builderonline.com/firms/sares-regis-group
2007,2006,next100,200,Westbrook Homes,,290,$42,N/A,https://www.builderonline.com/firms/westbrook-homes
2008,2007,top100,1,D.R. Horton,p,"37,717","$10,171",1,https://www.builderonline.com/firms/dr-horton
2008,2007,top100,2,Lennar Corp.,p,"33,283","$10,187",2,https://www.builderonline.com/firms/lennar-corp
2008,2007,top100,3,Centex Corp.,p,"30,684","$9,732",4,https://www.builderonline.com/firms/centex-corp
2008,2007,top100,4,Pulte Homes,p,"27,540","$9,263",3,https://www.builderonline.com/firms/pulte-homes
2008,2007,top100,5,KB Home,p,"23,743","$6,417",5,https://www.builderonline.com/firms/kb-home
2008,2007,top100,6,Hovnanian Enterprises,p,"14,928","$5,334",6,https://www.builderonline.com/firms/hovnanian-enterprises
2008,2007,top100,7,NVR,p,"13,513","$5,129",9,https://www.builderonline.com/firms/nvr
2008,2007,top100,8,Beazer Homes,p,"11,366",$0,7,https://www.builderonline.com/firms/beazer-homes-usa
2008,2007,top100,9,The Ryland Group,p,"10,319","$3,033",8,https://www.builderonline.com/firms/the-ryland-group
2008,2007,top100,10,M.D.C. Holdings,p,"8,195","$2,933",10,https://www.builderonline.com/firms/mdc-holdings
2008,2007,top100,11,Standard Pacific Corp.,p,"8,051","$3,369",11,https://www.builderonline.com/firms/standard-pacific-corp
2008,2007,top100,12,Meritage Homes Corp.,p,"7,687","$2,344",12,https://www.builderonline.com/firms/meritage-homes-corp
2008,2007,top100,13,Toll Brothers,p,"6,687","$4,646",14,https://www.builderonline.com/firms/toll-brothers
2008,2007,top100,14,Habitat for Humanity International,,"5,619",$0,16,https://www.builderonline.com/firms/habitat-for-humanity-international
2008,2007,top100,15,Taylor Morrison,p,"5,343","$2,477",32,https://www.builderonline.com/firms/taylor-morrison
2008,2007,top100,16,David Weekley Homes,,"4,587","$1,343",18,https://www.builderonline.com/firms/david-weekley-homes
2008,2007,top100,17,Weyerhaeuser Real Estate Co.,p,"4,427","$2,359",15,https://www.builderonline.com/firms/weyerhaeuser-real-estate-co
2008,2007,top100,18,Shea Homes,,"4,325","$2,150",17,https://www.builderonline.com/firms/shea-homes
2008,2007,top100,19,M/I Homes,p,"3,288","$1,015",21,https://www.builderonline.com/firms/m-i-homes
2008,2007,top100,20,Kimball Hill Homes,,"3,246",$895,22,https://www.builderonline.com/firms/kimball-hill-homes
2008,2007,top100,21,Pasquinelli,,"2,974",$613,24,https://www.builderonline.com/firms/pasquinelli
2008,2007,top100,22,Perry Homes,,"2,825",$718,30,https://www.builderonline.com/firms/perry-homes
2008,2007,top100,23,MHI,,"2,708",$625,25,https://www.builderonline.com/firms/mhi
2008,2007,top100,24,Woodside Homes,,"2,703","$1,007",26,https://www.builderonline.com/firms/woodside-homes
2008,2007,top100,25,C.P. Morgan Communities,,"2,677",$406,27,https://www.builderonline.com/firms/cp-morgan-communities
2008,2007,top100,26,Jim Walter Homes,p,"2,594",$478,36,https://www.builderonline.com/firms/jim-walter-homes
2008,2007,top100,27,Drees Homes,,"2,536",$947,29,https://www.builderonline.com/firms/drees-homes
2008,2007,top100,28,The Villages of Lake Sumter,,"2,403",$639,23,https://www.builderonline.com/firms/the-villages-of-lake-sumter
2008,2007,top100,29,Highland Homes,,"2,362",$790,31,https://www.builderonline.com/firms/highland-homes
2008,2007,top100,30,Mercedes Homes,,"2,357",$724,20,https://www.builderonline.com/firms/mercedes-homes
2008,2007,top100,31,William Lyon Homes,,"2,182","$1,105",33,https://www.builderonline.com/firms/william-lyon-homes
2008,2007,top100,32,McBride & Son Enterprises,,"2,102",$630,43,https://www.builderonline.com/firms/mcbride-son-enterprises
2008,2007,top100,33,The Related Group,,"2,082","$1,257",N/A,https://www.builderonline.com/firms/the-related-group
2008,2007,top100,34,McCar Homes,,"1,805",$490,39,https://www.builderonline.com/firms/mccar-homes
2008,2007,top100,35,MCZ Development Corp.,,"1,735",$728,65,https://www.builderonline.com/firms/mcz-development-corp
2008,2007,top100,36,Epcon Communities,,"1,734",$312,35,https://www.builderonline.com/firms/epcon-communities
2008,2007,top100,37,Ashton Woods Homes,,"1,687",$497,37,https://www.builderonline.com/firms/ashton-woods-homes
2008,2007,top100,38,Centrum Properties,,"1,677",$538,52,https://www.builderonline.com/firms/centrum-properties
2008,2007,top100,39,WCI Communities,p,"1,657",$940,40,https://www.builderonline.com/firms/wci-communities
2008,2007,top100,40,Choice Homes,,"1,567",$236,34,https://www.builderonline.com/firms/choice-homes
2008,2007,top100,41,First Texas Homes,,"1,462",$359,49,https://www.builderonline.com/firms/first-texas-homes
2008,2007,top100,42,Fieldstone Residential Communities,,"1,366",$405,44,https://www.builderonline.com/firms/fieldstone-residential-communities
2008,2007,top100,43,Bowen Family Homes,,"1,307",$329,48,https://www.builderonline.com/firms/bowen-family-homes
2008,2007,top100,44,Royce Homes,,"1,280",$226,46,https://www.builderonline.com/firms/royce-homes
2008,2007,top100,45,Engle Homes (Division of TOUSA Homes),p,"1,258",$416,N/A,https://www.builderonline.com/firms/engle-homes-division-of-tousa-homes
2008,2007,top100,46,GL Homes,,"1,234",$683,57,https://www.builderonline.com/firms/gl-homes
2008,2007,top100,47,2008 Gehan Homes,,"1,216",$212,N/A,https://www.builderonline.com/builder-100-listing/2008-gehan-homes/
2008,2007,top100,48,American West Homebuilding Group,,"1,209",$374,45,https://www.builderonline.com/firms/american-west-homebuilding-group
2008,2007,top100,49,Eastwood Homes,,"1,176",$220,62,https://www.builderonline.com/firms/eastwood-homes
2008,2007,top100,50,Holiday Builders,,"1,152",$236,28,https://www.builderonline.com/firms/holiday-builders
2008,2007,top100,51,Ivory Homes,,"1,128",$469,66,https://www.builderonline.com/firms/ivory-homes
2008,2007,top100,52,WL Homes,p,"1,119",$982,38,https://www.builderonline.com/firms/wl-homes
2008,2007,top100,53,John Wieland Homes and Neighborhoods,,"1,106",$611,56,https://www.builderonline.com/firms/john-wieland-homes-and-neighborhoods
2008,2007,top100,54,The Corky McMillin Cos.,,"1,101",$493,51,https://www.builderonline.com/firms/the-corky-mcmillin-cos
2008,2007,top100,55,Trend Homes,,"1,093",$309,85,https://www.builderonline.com/firms/trend-homes
2008,2007,top100,56,Scenic Homes,,"1,084",$240,54,https://www.builderonline.com/firms/scenic-homes
2008,2007,top100,57,Capital Pacific Holdings,,"1,045",$394,53,https://www.builderonline.com/firms/capital-pacific-holdings
2008,2007,top100,58,HistoryMaker Homes,,"1,012",$139,69,https://www.builderonline.com/firms/historymaker-homes
2008,2007,top100,59,Main Street Homes,,"1,008",$134,79,https://www.builderonline.com/firms/main-street-homes
2008,2007,top100,60,Wood Partners,,"1,001",$78,90,https://www.builderonline.com/firms/wood-partners
2008,2007,top100,61,Fischer Homes,,935,$198,61,https://www.builderonline.com/firms/fischer-homes
2008,2007,top100,62,Warmington Homes,,928,$560,73,https://www.builderonline.com/firms/warmington-homes
2008,2007,top100,63,Novare Group,,911,$300,77,https://www.builderonline.com/firms/novare-group
2008,2007,top100,64,HearthStone Homes,,899,$156,N/A,https://www.builderonline.com/firms/hearthstone-homes
2008,2007,top100,65,Comstock Holding Co.,p,886,$266,82,https://www.builderonline.com/firms/comstock-holding-co_o
2008,2007,top100,66,Polygon Northwest Co.,,849,$254,78,https://www.builderonline.com/firms/polygon-northwest-co
2008,2007,top100,67,CBH Homes,,833,$178,67,https://www.builderonline.com/firms/cbh-homes
2008,2007,top100,68,Avatar Holdings,p,780,$291,41,https://www.builderonline.com/firms/avatar-holdings
2008,2007,top100,69,William Ryan Homes,,779,$214,86,https://www.builderonline.com/firms/william-ryan-homes
2008,2007,top100,70,The Mungo Cos.,,775,$150,106,https://www.builderonline.com/firms/the-mungo-cos
2008,2007,top100,71,Trammell Crow Residential,,765,"$1,295",118,https://www.builderonline.com/firms/trammell-crow-residential
2008,2007,top100,72,Pacific West Cos.,,764,$171,97,https://www.builderonline.com/firms/pacific-west-cos
2008,2007,top100,73,Dominion Homes,p,754,$148,60,https://www.builderonline.com/firms/dominion-homes
2008,2007,top100,74,Armadillo Homes,,741,$123,80,https://www.builderonline.com/firms/armadillo-homes
2008,2007,top100,75,The Olson Co.,,739,$384,94,https://www.builderonline.com/firms/the-olson-co
2008,2007,top100,76,Westport Homes,,721,$139,87,https://www.builderonline.com/firms/westport-homes
2008,2007,top100,77,Ball Homes,,695,$133,88,https://www.builderonline.com/firms/ball-homes
2008,2007,top100,78,Mattamy U.S. Group,,663,$182,N/A,https://www.builderonline.com/firms/mattamy-us-group
2008,2007,top100,79,Grand Homes,,644,$231,96,https://www.builderonline.com/firms/grand-homes
2008,2007,top100,80,Castle & Cooke,,636,$392,89,https://www.builderonline.com/firms/castle-cooke
2008,2007,top100,80,Fulton Homes,,636,$226,72,https://www.builderonline.com/firms/fulton-homes
2008,2007,top100,82,Wilshire Homes,,634,$202,N/A,https://www.builderonline.com/firms/wilshire-homes
2008,2007,top100,83,Magellan Development Group,,632,$520,108,https://www.builderonline.com/firms/magellan-development-group
2008,2007,top100,84,ICI Homes,,622,$306,63,https://www.builderonline.com/firms/ici-homes
2008,2007,top100,85,Shugart Enterprises,,621,$99,113,https://www.builderonline.com/firms/shugart-enterprises
2008,2007,top100,86,Gemcraft Homes,,612,$201,98,https://www.builderonline.com/firms/gemcraft-homes
2008,2007,top100,86,S&A Homes,,612,$206,112,https://www.builderonline.com/firms/s-a-homes
2008,2007,top100,88,Bill Clark Homes,,605,$147,74,https://www.builderonline.com/firms/bill-clark-homes
2008,2007,top100,89,Rausch Coleman Homes,,600,$87,121,https://www.builderonline.com/firms/rausch-coleman-homes
2008,2007,top100,90,Darling Homes,,599,$242,103,https://www.builderonline.com/firms/darling-homes
2008,2007,top100,91,Ole South Properties,,594,$95,100,https://www.builderonline.com/firms/ole-south-properties
2008,2007,top100,91,The Rottlund Co.,,594,$159,75,https://www.builderonline.com/firms/the-rottlund-co
2008,2007,top100,93,Lakewood Homes,,593,$149,92,https://www.builderonline.com/firms/lakewood-homes
2008,2007,top100,94,View Homes,,585,$72,N/A,https://www.builderonline.com/firms/view-homes
2008,2007,top100,95,West Hills Development,,559,$194,110,https://www.builderonline.com/firms/west-hills-development
2008,2007,top100,96,Park Square Homes,,543,$186,76,https://www.builderonline.com/firms/park-square-homes
2008,2007,top100,97,Great Southern Homes,,530,$86,N/A,https://www.builderonline.com/firms/great-southern-homes
2008,2007,top100,98,Brown Family Communities,,522,$156,93,https://www.builderonline.com/firms/brown-family-communities
2008,2007,top100,99,The Knight Group,,514,$86,119,https://www.builderonline.com/firms/the-knight-group
2008,2007,top100,100,Hubble Homes,,513,$101,95,https://www.builderonline.com/firms/hubble-homes
2008,2007,next100,101,Castlerock Communities,,509,$82,N/A,https://www.builderonline.com/firms/castlerock-communities
2008,2007,next100,102,Centerline Homes,,503,$211,128,https://www.builderonline.com/firms/centerline-homes
2008,2007,next100,102,DRB Group,,503,$152,124,https://www.builderonline.com/firms/drb-group
2008,2007,next100,104,T.H. Properties,,501,$171,144,https://www.builderonline.com/firms/t-h-properties
2008,2007,next100,105,Hills Communities,,490,$167,116,https://www.builderonline.com/firms/hills-communities
2008,2007,next100,106,David Cutler Group,,480,$311,132,https://www.builderonline.com/firms/david-cutler-group
2008,2007,next100,107,Pageantry Homes,,478,$138,105,https://www.builderonline.com/firms/pageantry-homes
2008,2007,next100,108,Kalian Co./Reeves Williams,,467,$81,109,https://www.builderonline.com/firms/kalian-co-reeves-williams
2008,2007,next100,109,HPH Homes,,464,$106,126,https://www.builderonline.com/firms/hph-homes
2008,2007,next100,110,The Enterprise Cos.,,460,$217,64,https://www.builderonline.com/firms/the-enterprise-cos
2008,2007,next100,111,Montalbano Builders,,459,$114,N/A,https://www.builderonline.com/firms/montalbano-builders
2008,2007,next100,112,AR Homes,,446,$386,101,https://www.builderonline.com/firms/ar-homes
2008,2007,next100,113,R&B Construction,,443,$54,130,https://www.builderonline.com/firms/r-b-construction
2008,2007,next100,114,LGI Homes,,434,$59,151,https://www.builderonline.com/firms/lgi-homes
2008,2007,next100,115,Essex Homes Southeast,,429,$102,N/A,https://www.builderonline.com/firms/essex-homes-southeast
2008,2007,next100,116,Lifestyle Communities,,428,$63,N/A,https://www.builderonline.com/firms/lifestyle-communities
2008,2007,next100,117,Elliott Homes,,425,$242,91,https://www.builderonline.com/firms/elliott-homes
2008,2007,next100,118,Village Homes of Colorado,,412,$184,N/A,https://www.builderonline.com/firms/village-homes-of-colorado
2008,2007,next100,119,Meridian Homes USA,,410,$85,123,https://www.builderonline.com/firms/meridian-homes-usa
2008,2007,next100,120,Landmark Valley Homes,,407,$46,143,https://www.builderonline.com/firms/landmark-valley-homes
2008,2007,next100,121,Highland Homes of Florida,,405,$103,107,https://www.builderonline.com/firms/highland-homes_1
2008,2007,next100,122,Pringle Development,,401,$104,122,https://www.builderonline.com/firms/pringle-development
2008,2007,next100,123,Atlantic & Pacific Development,,400,$20,N/A,https://www.builderonline.com/firms/atlantic-pacific-development
2008,2007,next100,124,Beechwood Homes,,393,$195,N/A,https://www.builderonline.com/firms/beechwood-homes
2008,2007,next100,125,Home Creations,,392,$68,N/A,https://www.builderonline.com/firms/home-creations
2008,2007,next100,126,JLS Custom Homes,,388,$113,134,https://www.builderonline.com/firms/jls-custom-homes
2008,2007,next100,127,Sotherby Homes,,383,$164,187,https://www.builderonline.com/firms/sotherby-homes
2008,2007,next100,128,Applied Building Development,,375,$135,N/A,https://www.builderonline.com/firms/applied-building-development
2008,2007,next100,129,The Jones Co. of Tennessee,,373,$139,162,https://www.builderonline.com/firms/the-jones-co-of-tennessee
2008,2007,next100,130,2008 HHHunt Homes,,368,$220,147,https://www.builderonline.com/builder-100-listing/2008-hhhunt-homes/
2008,2007,next100,131,Legend Homes of Oregon,,362,$121,N/A,https://www.builderonline.com/firms/legend-homes-of-oregon
2008,2007,next100,132,MJC Cos.,,358,$65,117,https://www.builderonline.com/firms/mjc-cos
2008,2007,next100,133,Anderson Homes,,356,$64,193,https://www.builderonline.com/firms/anderson-homes
2008,2007,next100,134,Simmons Homes,,342,$61,150,https://www.builderonline.com/firms/simmons-homes
2008,2007,next100,135,Robert Harris Homes,,337,$110,154,https://www.builderonline.com/firms/robert-harris-homes
2008,2007,next100,136,Village Communities,,335,$55,N/A,https://www.builderonline.com/firms/village-communities
2008,2007,next100,137,Sares-Regis Group,,330,$575,199,https://www.builderonline.com/firms/sares-regis-group
2008,2007,next100,138,Miller and Smith,,321,$251,145,https://www.builderonline.com/firms/miller-and-smith
2008,2007,next100,139,Astoria Homes,,320,$98,113,https://www.builderonline.com/firms/astoria-homes
2008,2007,next100,140,Winmark Homes,,319,$88,126,https://www.builderonline.com/firms/winmark-homes
2008,2007,next100,141,Classic Homes,,305,$119,113,https://www.builderonline.com/firms/classic-homes
2008,2007,next100,141,The Kirk Corp.,,305,$105,178,https://www.builderonline.com/firms/the-kirk-corp
2008,2007,next100,143,SunCor Development Co.,p,304,$191,N/A,https://www.builderonline.com/firms/suncor-development-co
2008,2007,next100,144,Van Metre Cos.,,302,$257,158,https://www.builderonline.com/firms/van-metre-cos
2008,2007,next100,145,Lombardo Cos.,,301,$64,N/A,https://www.builderonline.com/firms/lombardo-cos
2008,2007,next100,146,Shelby Homes,,297,$133,160,https://www.builderonline.com/firms/shelby-homes
2008,2007,next100,147,John Mourier Construction,,290,$143,179,https://www.builderonline.com/firms/john-mourier-construction
2008,2007,next100,147,Keystone Custom Homes,,290,$96,170,https://www.builderonline.com/firms/keystone-custom-homes
2008,2007,next100,149,Craftmark Group,,289,$209,156,https://www.builderonline.com/firms/craftmark-group
2008,2007,next100,150,Berks Homes,,288,$100,N/A,https://www.builderonline.com/firms/berks-homes
2008,2007,next100,151,Thornton Homes,,283,$61,159,https://www.builderonline.com/firms/thornton-homes
2008,2007,next100,152,Homes by Kennedy,,280,$64,141,https://www.builderonline.com/firms/homes-by-kennedy
2008,2007,next100,153,Medallion Home,,279,$65,167,https://www.builderonline.com/firms/medallion-home
2008,2007,next100,153,Stanley Martin Cos.,,279,$157,171,https://www.builderonline.com/firms/stanley-martin-cos
2008,2007,next100,155,Hamlet Homes Corp.,,275,$86,165,https://www.builderonline.com/firms/hamlet-homes-corp
2008,2007,next100,156,T.W. Lewis Co.,,271,$206,180,https://www.builderonline.com/firms/tw-lewis-co
2008,2007,next100,157,David Powers Homes,,270,$107,164,https://www.builderonline.com/firms/david-powers-homes
2008,2007,next100,157,Wathen-Castanos-Mazmanian,,270,$88,166,https://www.builderonline.com/firms/wathen-castanos-mazmanian
2008,2007,next100,159,Regent Homes,,263,$51,N/A,https://www.builderonline.com/firms/regent-homes
2008,2007,next100,160,M.W. Johnson Construction,,260,$61,139,https://www.builderonline.com/firms/mw-johnson-construction
2008,2007,next100,161,Harkins Builders,,254,$257,183,https://www.builderonline.com/firms/harkins-builders
2008,2007,next100,161,Michael Sivage Homes and Communities,,254,$33,N/A,https://www.builderonline.com/firms/michael-sivage-homes-and-communities
2008,2007,next100,163,The Estridge Cos.,,248,$102,N/A,https://www.builderonline.com/firms/the-estridge-cos
2008,2007,next100,164,Peachtree Residential Properties,,240,$126,N/A,https://www.builderonline.com/firms/peachtree-residential-properties
2008,2007,next100,164,Residential Homes of America,,240,$104,N/A,https://www.builderonline.com/firms/residential-homes-of-america
2008,2007,next100,166,Greenvale Construction,,238,$40,189,https://www.builderonline.com/firms/greenvale-construction
2008,2007,next100,167,Patrick Malloy Communities,,236,$57,N/A,https://www.builderonline.com/firms/patrick-malloy-communities
2008,2007,next100,168,Westin Homes and Properties,,232,$59,N/A,https://www.builderonline.com/firms/westin-homes-and-properties
2008,2007,next100,169,Jagoe Homes,,229,$36,187,https://www.builderonline.com/firms/jagoe-homes
2008,2007,next100,170,Whittaker Homes,,226,$83,173,https://www.builderonline.com/firms/whittaker-homes
2008,2007,next100,171,Traton Homes,,225,$95,186,https://www.builderonline.com/firms/traton-homes
2008,2007,next100,172,Ennis Homes,,221,$67,168,https://www.builderonline.com/firms/ennis-homes
2008,2007,next100,173,H/S Development Co.,,218,$47,N/A,https://www.builderonline.com/firms/h-s-development-co
2008,2007,next100,174,Renar Homes,,216,$69,125,https://www.builderonline.com/firms/renar-homes
2008,2007,next100,175,Premier Communities,,214,$56,190,https://www.builderonline.com/firms/premier-communities
2008,2007,next100,176,Buena Vista Custom Homes,,209,$87,N/A,https://www.builderonline.com/firms/buena-vista-custom-homes
2008,2007,next100,177,Pacific Communities,,205,$138,181,https://www.builderonline.com/firms/pacific-communities
2008,2007,next100,178,Wade Jurney Homes,,204,$28,N/A,https://www.builderonline.com/firms/wade-jurney-homes
2008,2007,next100,178,Supreme Builders,,204,$27,194,https://www.builderonline.com/firms/supreme-builders
2008,2007,next100,180,Heritage Building Group,,203,$116,N/A,https://www.builderonline.com/firms/heritage-building-group
2008,2007,next100,181,Coleman Homes,,200,$31,N/A,https://www.builderonline.com/firms/coleman-homes
2008,2007,next100,182,SeaGate Homes,,198,$45,135,https://www.builderonline.com/firms/seagate-homes
2008,2007,next100,183,T.R. Hughes,,197,$57,N/A,https://www.builderonline.com/firms/tr-hughes
2008,2007,next100,184,McBee Homes,,195,$40,N/A,https://www.builderonline.com/firms/mcbee-homes
2008,2007,next100,185,Rockford Homes,,194,$66,N/A,https://www.builderonline.com/firms/rockford-homes
2008,2007,next100,186,Eagle Construction of Virginia,,193,$80,190,https://www.builderonline.com/firms/eagle-construction-of-virginia
2008,2007,next100,187,Prospect Homes of Richmond,,190,$60,N/A,https://www.builderonline.com/firms/prospect-homes-of-richmond
2008,2007,next100,188,MBK Homes,,189,$107,157,https://www.builderonline.com/firms/mbk-homes
2008,2007,next100,189,Lowder New Homes,,188,$50,184,https://www.builderonline.com/firms/lowder-new-homes
2008,2007,next100,190,Westbrook Homes,,185,$30,200,https://www.builderonline.com/firms/westbrook-homes
2008,2007,next100,191,Brentwood Homes,,180,$51,N/A,https://www.builderonline.com/firms/brentwood-homes
2008,2007,next100,192,Ence Homes,,176,$60,198,https://www.builderonline.com/firms/ence-homes
2008,2007,next100,193,Venture Homes,,174,$43,182,https://www.builderonline.com/firms/venture-homes
2008,2007,next100,194,Woodland Homes of Huntsville,,172,$59,N/A,https://www.builderonline.com/firms/woodland-homes-of-huntsville
2008,2007,next100,195,Premier Design Homes,,169,$64,142,https://www.builderonline.com/firms/premier-design-homes
2008,2007,next100,196,Sumeer Homes,,163,$38,N/A,https://www.builderonline.com/firms/sumeer-homes
2008,2007,next100,197,Cooper Homes,,162,$51,N/A,https://www.builderonline.com/firms/cooper-homes
2008,2007,next100,198,Grayhawk Homes,,157,$29,N/A,https://www.builderonline.com/firms/grayhawk-homes
2008,2007,next100,199,Jeff Benton Homes,,155,$51,N/A,https://www.builderonline.com/firms/jeff-benton-homes
2008,2007,next100,200,EYA,,153,$126,N/A,https://www.builderonline.com/firms/eya
2009,2008,top100,1,D.R. Horton,p,"23,915","$5,822",1,https://www.builderonline.com/firms/dr-horton
2009,2008,top100,2,Pulte Homes,p,"21,022","$6,289",4,https://www.builderonline.com/firms/pulte-homes
2009,2008,top100,3,Centex Corp.,p,"18,241","$5,318",3,https://www.builderonline.com/firms/centex-corp
2009,2008,top100,4,Lennar Corp.,p,"15,735","$4,575",2,https://www.builderonline.com/firms/lennar-corp
2009,2008,top100,5,KB Home,p,"12,438","$3,034",5,https://www.builderonline.com/firms/kb-home
2009,2008,top100,6,Hovnanian Enterprises,p,"11,281","$3,571",6,https://www.builderonline.com/firms/hovnanian-enterprises
2009,2008,top100,7,NVR,p,"10,741","$3,693",7,https://www.builderonline.com/firms/nvr
2009,2008,top100,8,The Ryland Group,p,"7,352","$1,976",9,https://www.builderonline.com/firms/the-ryland-group
2009,2008,top100,9,Beazer Homes,p,"6,624","$1,806",8,https://www.builderonline.com/firms/beazer-homes-usa
2009,2008,top100,10,Meritage Homes Corp.,p,"5,627","$1,523",12,https://www.builderonline.com/firms/meritage-homes-corp
2009,2008,top100,11,Habitat for Humanity International,,"5,459","$1,481",14,https://www.builderonline.com/firms/habitat-for-humanity-international
2009,2008,top100,12,Taylor Morrison,p,"5,421","$1,800",15,https://www.builderonline.com/firms/taylor-morrison
2009,2008,top100,13,Standard Pacific Corp.,p,"5,025","$1,718",11,https://www.builderonline.com/firms/standard-pacific-corp
2009,2008,top100,14,Toll Brothers,p,"4,743","$3,158",13,https://www.builderonline.com/firms/toll-brothers
2009,2008,top100,15,M.D.C. Holdings,p,"4,488","$1,460",10,https://www.builderonline.com/firms/mdc-holdings
2009,2008,top100,16,Shea Homes,,"3,225","$1,400",18,https://www.builderonline.com/firms/shea-homes
2009,2008,top100,17,David Weekley Homes,,"3,213",$982,16,https://www.builderonline.com/firms/david-weekley-homes
2009,2008,top100,18,Weyerhaeuser Real Estate Co.,p,"3,188","$1,408",17,https://www.builderonline.com/firms/weyerhaeuser-real-estate-co
2009,2008,top100,19,The Villages of Lake Sumter,,"2,238",$696,28,https://www.builderonline.com/firms/the-villages-of-lake-sumter
2009,2008,top100,20,Woodside Homes,,"2,072",$655,24,https://www.builderonline.com/firms/woodside-homes
2009,2008,top100,21,M/I Homes,p,"2,061",$608,19,https://www.builderonline.com/firms/m-i-homes
2009,2008,top100,22,Perry Homes,,"1,992",$569,22,https://www.builderonline.com/firms/perry-homes
2009,2008,top100,23,Highland Homes,,"1,944",$678,29,https://www.builderonline.com/firms/highland-homes
2009,2008,top100,24,Pasquinelli,,"1,926",$0,21,https://www.builderonline.com/firms/pasquinelli
2009,2008,top100,25,Drees Homes,,"1,762",$628,27,https://www.builderonline.com/firms/drees-homes
2009,2008,top100,26,MHI,,"1,675",$420,23,https://www.builderonline.com/firms/mhi
2009,2008,top100,27,Mercedes Homes,,"1,625",$0,30,https://www.builderonline.com/firms/mercedes-homes
2009,2008,top100,28,McBride & Son Enterprises,,"1,417",$397,32,https://www.builderonline.com/firms/mcbride-son-enterprises
2009,2008,top100,29,McCar Homes,,"1,377",$362,34,https://www.builderonline.com/firms/mccar-homes
2009,2008,top100,30,HearthStone Homes,,"1,290",$180,64,https://www.builderonline.com/firms/hearthstone-homes
2009,2008,top100,31,Epcon Communities Franchising,,"1,272",$307,36,https://www.builderonline.com/firms/epcon-communities-franchising
2009,2008,top100,32,William Lyon Homes,,"1,260",$526,31,https://www.builderonline.com/firms/william-lyon-homes
2009,2008,top100,33,Ashton Woods USA,,"1,202",$353,37,https://www.builderonline.com/firms/ashton-woods-usa
2009,2008,top100,34,Novare Development,,"1,105",$400,63,https://www.builderonline.com/firms/novare-development
2009,2008,top100,35,Orleans Homebuilders,p,"1,075",$486,N/A,https://www.builderonline.com/firms/orleans-homebuilders
2009,2008,top100,36,First Texas Homes,,857,$199,41,https://www.builderonline.com/firms/first-texas-homes
2009,2008,top100,37,The Corky McMillin Cos.,,830,$301,54,https://www.builderonline.com/firms/the-corky-mcmillin-cos
2009,2008,top100,38,The Mungo Cos.,,807,$143,70,https://www.builderonline.com/firms/the-mungo-cos
2009,2008,top100,39,Bowen Family Homes,,800,$219,43,https://www.builderonline.com/firms/bowen-family-homes
2009,2008,top100,40,Fieldstone Residential Communities,,792,$359,42,https://www.builderonline.com/firms/fieldstone-residential-communities
2009,2008,top100,41,Brookfield Homes Corp.,p,750,$449,N/A,https://www.builderonline.com/firms/brookfield-homes-corp
2009,2008,top100,42,CBH Homes,,737,$126,67,https://www.builderonline.com/firms/cbh-homes
2009,2008,top100,43,GL Homes,,736,$305,46,https://www.builderonline.com/firms/gl-homes
2009,2008,top100,44,Holiday Builders,,735,$130,50,https://www.builderonline.com/firms/holiday-builders
2009,2008,top100,45,Ivory Homes,,719,$277,51,https://www.builderonline.com/firms/ivory-homes
2009,2008,top100,46,2009 Gehan Homes,,716,$126,47,https://www.builderonline.com/builder-100-listing/2009-gehan-homes/
2009,2008,top100,47,Scenic Homes,,684,$92,56,https://www.builderonline.com/firms/scenic-homes
2009,2008,top100,48,HistoryMaker Homes,,651,$88,58,https://www.builderonline.com/firms/historymaker-homes
2009,2008,top100,49,John Wieland Homes & Neighborhoods,,644,$397,53,https://www.builderonline.com/firms/john-wieland-homes-neighborhoods
2009,2008,top100,50,Westport Homes,,629,$111,76,https://www.builderonline.com/firms/westport-homes
2009,2008,top100,51,Mattamy U.S. Group,,607,$141,78,https://www.builderonline.com/firms/mattamy-us-group
2009,2008,top100,52,Fischer Homes,,603,$127,61,https://www.builderonline.com/firms/fischer-homes
2009,2008,top100,53,Hunter Communities,,602,$80,N/A,https://www.builderonline.com/firms/hunter-communities
2009,2008,top100,54,Ball Homes,,583,$114,77,https://www.builderonline.com/firms/ball-homes
2009,2008,top100,55,Capital Pacific Holdings,,581,$189,57,https://www.builderonline.com/firms/capital-pacific-holdings
2009,2008,top100,55,Eastwood Homes,,581,$114,49,https://www.builderonline.com/firms/eastwood-homes
2009,2008,top100,57,Warmington Homes,,567,$289,62,https://www.builderonline.com/firms/warmington-homes
2009,2008,top100,58,Darling Homes,,523,$227,90,https://www.builderonline.com/firms/darling-homes
2009,2008,top100,59,Rausch Coleman Homes,,521,$79,89,https://www.builderonline.com/firms/rausch-coleman-homes
2009,2008,top100,60,Dominion Homes,,516,$98,73,https://www.builderonline.com/firms/dominion-homes
2009,2008,top100,61,Gemcraft Homes,,501,$156,86,https://www.builderonline.com/firms/gemcraft-homes
2009,2008,top100,62,Armadillo Homes,,495,$82,74,https://www.builderonline.com/firms/armadillo-homes
2009,2008,top100,63,Polygon Northwest Co.,,492,$149,66,https://www.builderonline.com/firms/polygon-northwest-co
2009,2008,top100,64,Castle & Cooke,,491,$238,80,https://www.builderonline.com/firms/castle-cooke
2009,2008,top100,65,View Homes,,487,$64,94,https://www.builderonline.com/firms/view-homes
2009,2008,top100,65,DRB Group,,487,$133,102,https://www.builderonline.com/firms/drb-group
2009,2008,top100,67,Grand Homes,,486,$161,79,https://www.builderonline.com/firms/grand-homes
2009,2008,top100,68,LGI Homes,,475,$63,114,https://www.builderonline.com/firms/lgi-homes
2009,2008,top100,69,S&A Homes,,449,$178,86,https://www.builderonline.com/firms/s-a-homes
2009,2008,top100,70,Fulton Homes Corp.,,428,$153,80,https://www.builderonline.com/firms/fulton-homes-corp
2009,2008,top100,71,Hubble Homes,,425,$75,100,https://www.builderonline.com/firms/hubble-homes
2009,2008,top100,72,Great Southern Homes,,414,$63,97,https://www.builderonline.com/firms/great-southern-homes
2009,2008,top100,73,Ole South Properties,,405,$63,91,https://www.builderonline.com/firms/ole-south-properties
2009,2008,top100,74,William Ryan Homes,,397,$103,69,https://www.builderonline.com/firms/william-ryan-homes
2009,2008,top100,75,West Hills Development,,395,$135,95,https://www.builderonline.com/firms/west-hills-development
2009,2008,top100,76,Home Creations,,389,$65,125,https://www.builderonline.com/firms/home-creations
2009,2008,top100,77,Castlerock Communities,,386,$64,101,https://www.builderonline.com/firms/castlerock-communities
2009,2008,top100,78,T.H. Properties,,385,$125,104,https://www.builderonline.com/firms/t-h-properties
2009,2008,top100,79,American West Homebuilding Group,,383,$146,48,https://www.builderonline.com/firms/american-west-homebuilding-group
2009,2008,top100,79,The Rottlund Co.,,383,$89,91,https://www.builderonline.com/firms/the-rottlund-co
2009,2008,top100,81,MCZ Development Corp.,,376,$169,35,https://www.builderonline.com/firms/mcz-development-corp
2009,2008,top100,82,Shugart Enterprises,,374,$61,85,https://www.builderonline.com/firms/shugart-enterprises
2009,2008,top100,83,Trammell Crow Residential,,366,$0,71,https://www.builderonline.com/firms/trammell-crow-residential
2009,2008,top100,84,Highland Homes of Florida,,355,$101,121,https://www.builderonline.com/firms/highland-homes_1
2009,2008,top100,85,The Olson Co.,,354,$183,75,https://www.builderonline.com/firms/the-olson-co
2009,2008,top100,86,Essex Homes Southeast,,340,$83,115,https://www.builderonline.com/firms/essex-homes-southeast
2009,2008,top100,86,Texas BBL,,340,$217,N/A,https://www.builderonline.com/firms/texas-bbl
2009,2008,top100,88,Pacific West Cos.,,335,$64,72,https://www.builderonline.com/firms/pacific-west-cos
2009,2008,top100,88,Beechwood Homes,,335,$160,124,https://www.builderonline.com/firms/beechwood-homes
2009,2008,top100,90,Caviness and Cates Communities,,315,$75,N/A,https://www.builderonline.com/firms/caviness-and-cates-communities
2009,2008,top100,91,Wood Partners,,308,$75,60,https://www.builderonline.com/firms/wood-partners
2009,2008,top100,92,Hills Communities,,302,$132,105,https://www.builderonline.com/firms/hills-communities
2009,2008,top100,93,Elliott Homes,,298,$149,117,https://www.builderonline.com/firms/elliott-homes
2009,2008,top100,93,The Jones Co. of Tennessee,,298,$100,129,https://www.builderonline.com/firms/the-jones-co-of-tennessee
2009,2008,top100,95,HPH Homes,,296,$71,109,https://www.builderonline.com/firms/hph-homes
2009,2008,top100,96,Centerline Homes,,283,$87,102,https://www.builderonline.com/firms/centerline-homes
2009,2008,top100,97,Stanley Martin Cos.,,279,$160,153,https://www.builderonline.com/firms/stanley-martin-cos
2009,2008,top100,98,Simmons Homes,,278,$49,134,https://www.builderonline.com/firms/simmons-homes
2009,2008,top100,99,H&H Homes,,276,$59,N/A,https://www.builderonline.com/firms/h-h-homes
2009,2008,top100,99,Park Square Homes,,276,$80,96,https://www.builderonline.com/firms/park-square-homes
2009,2008,next100,100,Keystone Custom Homes,,272,$83,147,https://www.builderonline.com/firms/keystone-custom-homes
2009,2008,next100,101,ICI Homes,,269,$131,84,https://www.builderonline.com/firms/ici-homes
2009,2008,next100,102,Van Metre Cos.,,263,$211,144,https://www.builderonline.com/firms/van-metre-cos
2009,2008,next100,103,Miller and Smith,,259,$141,138,https://www.builderonline.com/firms/miller-and-smith
2009,2008,next100,104,Avatar Holdings,p,247,$112,68,https://www.builderonline.com/firms/avatar-holdings
2009,2008,next100,105,Meridian Homes USA,,232,$51,119,https://www.builderonline.com/firms/meridian-homes-usa
2009,2008,next100,106,Landmark Valley Homes,,228,$30,120,https://www.builderonline.com/firms/landmark-valley-homes
2009,2008,next100,106,Michael Sivage Homes and Communities,,228,$32,161,https://www.builderonline.com/firms/michael-sivage-homes-and-communities
2009,2008,next100,108,John Mourier Construction,,226,$87,147,https://www.builderonline.com/firms/john-mourier-construction
2009,2008,next100,109,Classic Homes,,225,$96,141,https://www.builderonline.com/firms/classic-homes
2009,2008,next100,110,Wade Jurney Homes,,215,$29,178,https://www.builderonline.com/firms/wade-jurney-homes
2009,2008,next100,111,AR Homes,,213,$193,112,https://www.builderonline.com/firms/ar-homes
2009,2008,next100,111,SunCor Development Co.,,213,$110,143,https://www.builderonline.com/firms/suncor-development-co
2009,2008,next100,113,McCaffrey Homes,,212,$75,N/A,https://www.builderonline.com/firms/mccaffrey-homes
2009,2008,next100,114,Village Homes of Colorado,,210,$88,118,https://www.builderonline.com/firms/village-homes-of-colorado
2009,2008,next100,115,Harwood Homes,,208,$90,N/A,https://www.builderonline.com/firms/harwood-homes
2009,2008,next100,115,Heritage Building Group,,208,$130,180,https://www.builderonline.com/firms/heritage-building-group
2009,2008,next100,117,Keystone Homes,,199,$35,N/A,https://www.builderonline.com/firms/keystone-homes
2009,2008,next100,117,Lakewood Homes,,199,$68,93,https://www.builderonline.com/firms/lakewood-homes
2009,2008,next100,119,Astoria Homes,,198,$49,139,https://www.builderonline.com/firms/astoria-homes
2009,2008,next100,120,The Estridge Cos.,,197,$85,163,https://www.builderonline.com/firms/the-estridge-cos
2009,2008,next100,121,Sares-Regis Group,,194,$418,137,https://www.builderonline.com/firms/sares-regis-group
2009,2008,next100,122,Trend Homes,,193,$42,55,https://www.builderonline.com/firms/trend-homes
2009,2008,next100,123,PCS Homes,,186,$46,N/A,https://www.builderonline.com/firms/pcs-homes
2009,2008,next100,124,Wathen-Castanos-Mazmanian,,184,$47,157,https://www.builderonline.com/firms/wathen-castanos-mazmanian
2009,2008,next100,125,Medallion Home,,183,$43,153,https://www.builderonline.com/firms/medallion-home
2009,2008,next100,126,T.W. Lewis Co.,,172,$109,156,https://www.builderonline.com/firms/tw-lewis-co
2009,2008,next100,127,Gables Holding Corp.,,170,$31,N/A,https://www.builderonline.com/firms/gables-holding-corp
2009,2008,next100,128,MBK Homes,,169,$108,188,https://www.builderonline.com/firms/mbk-homes
2009,2008,next100,128,Pageantry Homes,,169,$47,107,https://www.builderonline.com/firms/pageantry-homes
2009,2008,next100,130,Westin Homes and Properties,,167,$45,168,https://www.builderonline.com/firms/westin-homes-and-properties
2009,2008,next100,131,Village Communities Real Estate,,164,$27,136,https://www.builderonline.com/firms/village-communities-real-estate
2009,2008,next100,131,Bloomfield Homes,,164,$31,N/A,https://www.builderonline.com/firms/bloomfield-homes
2009,2008,next100,133,Jeff Benton Homes,,161,$53,199,https://www.builderonline.com/firms/jeff-benton-homes
2009,2008,next100,133,Marrano Homes/Marc Equity Corp.,,161,$66,N/A,https://www.builderonline.com/firms/marrano-homes-marc-equity-corp
2009,2008,next100,135,2009 Neal Communities of Southwest Florida,,159,$66,N/A,https://www.builderonline.com/builder-100-listing/2009-neal-communities-of-southwest-florida/
2009,2008,next100,136,MJC Cos.,,157,$30,132,https://www.builderonline.com/firms/mjc-cos
2009,2008,next100,137,2009,,156,$68,177,https://www.builderonline.com/builder-100-listing/2009-2/
2009,2008,next100,137,Shumaker Homes,,156,$35,N/A,https://www.builderonline.com/firms/shumaker-homes
2009,2008,next100,139,Magellan Development Group,,152,$399,83,https://www.builderonline.com/firms/magellan-development-group
2009,2008,next100,140,Premier Communities,,150,$51,175,https://www.builderonline.com/firms/premier-communities
2009,2008,next100,141,Comstock Holding Co.,p,147,$47,65,https://www.builderonline.com/firms/comstock-holding-co_o
2009,2008,next100,141,C.F. Jordan,,147,$337,N/A,https://www.builderonline.com/firms/cf-jordan
2009,2008,next100,143,Lombardo Cos.,,142,$34,145,https://www.builderonline.com/firms/lombardo-cos
2009,2008,next100,143,Legend Homes of Oregon,,142,$52,131,https://www.builderonline.com/firms/legend-homes-of-oregon
2009,2008,next100,143,Traton Homes,,142,$54,171,https://www.builderonline.com/firms/traton-homes
2009,2008,next100,146,Woodland Homes of Huntsville,,141,$43,194,https://www.builderonline.com/firms/woodland-homes-of-huntsville
2009,2008,next100,146,Providence Homes,,141,$39,N/A,https://www.builderonline.com/firms/providence-homes
2009,2008,next100,148,Harkins Builders,,140,$249,161,https://www.builderonline.com/firms/harkins-builders
2009,2008,next100,149,Compass Pointe Homes,,139,$25,N/A,https://www.builderonline.com/firms/compass-pointe-homes
2009,2008,next100,149,McBee Homes,,139,$30,184,https://www.builderonline.com/firms/mcbee-homes
2009,2008,next100,151,Greenvale Construction,,138,$24,166,https://www.builderonline.com/firms/greenvale-construction
2009,2008,next100,151,Ennis Homes,,138,$66,172,https://www.builderonline.com/firms/ennis-homes
2009,2008,next100,153,Meeting Street Homes & Communities,,135,$27,N/A,https://www.builderonline.com/firms/meeting-street-homes-communities
2009,2008,next100,153,Peachtree Residential Properties,,135,$70,164,https://www.builderonline.com/firms/peachtree-residential-properties
2009,2008,next100,153,Tempest Homes,,135,$20,N/A,https://www.builderonline.com/firms/tempest-homes
2009,2008,next100,156,Bozzuto & Associates,,131,$526,N/A,https://www.builderonline.com/firms/bozzuto-associates
2009,2008,next100,157,Braselton Homes,,130,$25,N/A,https://www.builderonline.com/firms/braselton-homes
2009,2008,next100,158,Eagle Construction of Virginia,,128,$51,186,https://www.builderonline.com/firms/eagle-construction-of-virginia
2009,2008,next100,159,C and C Builders of Columbia,,126,$0,N/A,https://www.builderonline.com/firms/c-and-c-builders-of-columbia
2009,2008,next100,159,Southern Homes,,126,$26,N/A,https://www.builderonline.com/firms/southern-homes
2009,2008,next100,161,Main Street Homes,,120,$49,N/A,https://www.builderonline.com/firms/main-street-homes
2009,2008,next100,162,Armstrong Homes,,119,$30,N/A,https://www.builderonline.com/firms/armstrong-homes
2009,2008,next100,163,Hamlet Homes,,116,$31,155,https://www.builderonline.com/firms/hamlet-homes
2009,2008,next100,164,Kendall Homes,,115,$20,N/A,https://www.builderonline.com/firms/kendall-homes
2009,2008,next100,165,Unmistakably Premier Homes,,112,$21,N/A,https://www.builderonline.com/firms/unmistakably-premier-homes
2009,2008,next100,166,Patrick Malloy Communities,,109,$22,167,https://www.builderonline.com/firms/patrick-malloy-communities
2009,2008,next100,166,Thornton Construction Co.,,109,$25,151,https://www.builderonline.com/firms/thornton-construction-co
2009,2008,next100,168,The Builders Group of West Alabama,,107,$21,N/A,https://www.builderonline.com/firms/the-builders-group-of-west-alabama
2009,2008,next100,169,Grayhawk Homes,,106,$21,198,https://www.builderonline.com/firms/grayhawk-homes
2009,2008,next100,170,SeaGate Homes,,105,$21,182,https://www.builderonline.com/firms/seagate-homes
2009,2008,next100,171,Minks Custom Homes,,104,$33,N/A,https://www.builderonline.com/firms/minks-custom-homes
2009,2008,next100,172,Cachet Homes,,102,$51,N/A,https://www.builderonline.com/firms/cachet-homes
2009,2008,next100,172,Avtec Homes,,102,$14,N/A,https://www.builderonline.com/firms/avtec-homes
2009,2008,next100,172,Sumeer Homes,,102,$25,196,https://www.builderonline.com/firms/sumeer-homes
2009,2008,next100,175,Ence Homes,,95,$31,192,https://www.builderonline.com/firms/ence-homes
2009,2008,next100,176,Wynn Construction,,94,$14,N/A,https://www.builderonline.com/firms/wynn-construction
2009,2008,next100,176,Rivendale Homes,,94,$42,N/A,https://www.builderonline.com/firms/rivendale-homes
2009,2008,next100,178,EYA,,93,$61,200,https://www.builderonline.com/firms/eya
2009,2008,next100,179,2009 HHHunt Homes,,90,$118,130,https://www.builderonline.com/builder-100-listing/2009-hhhunt-homes/
2009,2008,next100,180,ABD Development,,88,$49,128,https://www.builderonline.com/firms/abd-development
2009,2008,next100,181,Lazarus-Shouse Communities,,87,$21,N/A,https://www.builderonline.com/firms/lazarus-shouse-communities
2009,2008,next100,181,Schieler & Rassi Quality Builders,,87,$23,N/A,https://www.builderonline.com/firms/schieler-rassi-quality-builders
2009,2008,next100,183,Cassidy Homes,,86,$20,N/A,https://www.builderonline.com/firms/cassidy-homes
2009,2008,next100,184,Imagine Homes,,85,$16,N/A,https://www.builderonline.com/firms/imagine-homes
2009,2008,next100,185,Lowder New Homes,,82,$22,189,https://www.builderonline.com/firms/lowder-new-homes
2009,2008,next100,186,Keller Homes,,80,$39,N/A,https://www.builderonline.com/firms/keller-homes
2009,2008,next100,187,Kalian Cos.,,77,$14,108,https://www.builderonline.com/firms/kalian-cos
2009,2008,next100,188,Creative Homes of Texas,,75,$10,N/A,https://www.builderonline.com/firms/creative-homes
2009,2008,next100,189,Anderson Homes,,73,$40,N/A,https://www.builderonline.com/firms/anderson-homes
2009,2008,next100,190,Artistic Homes,,71,$0,N/A,https://www.builderonline.com/firms/artistic-homes
2009,2008,next100,190,Homes by Kennedy,,71,$12,152,https://www.builderonline.com/firms/homes-by-kennedy
2009,2008,next100,192,Heckman Homes,,69,$16,N/A,https://www.builderonline.com/firms/heckman-homes
2009,2008,next100,193,Heartstone Development,,68,$26,N/A,https://www.builderonline.com/firms/heartstone-development
2009,2008,next100,194,Petros Homes,,66,$24,N/A,https://www.builderonline.com/firms/petros-homes
2009,2008,next100,195,Ryder Homes,,65,$42,N/A,https://www.builderonline.com/firms/ryder-homes
2009,2008,next100,196,Southeastern Building Corp.,,63,$15,N/A,https://www.builderonline.com/firms/southeastern-building-corp
2009,2008,next100,197,Gallagher & Henry,,42,$27,N/A,https://www.builderonline.com/firms/gallagher-henry
2009,2008,next100,198,Titan Homes,,38,$10,N/A,https://www.builderonline.com/firms/titan-homes
2009,2008,next100,199,LeCesse Development Corp.,,30,$283,N/A,https://www.builderonline.com/firms/lecesse-development-corp
2010,2009,top100,1,D.R. Horton,p,"18,164","$3,872",1,https://www.builderonline.com/firms/dr-horton
2010,2009,top100,2,Pulte Homes,p,"15,013","$4,084",2,https://www.builderonline.com/firms/pulte-homes
2010,2009,top100,3,Lennar Corp.,p,"11,478","$3,119",4,https://www.builderonline.com/firms/lennar-corp
2010,2009,top100,4,NVR,p,"9,042","$2,756",7,https://www.builderonline.com/firms/nvr
2010,2009,top100,5,KB Home,p,"8,488","$1,825",5,https://www.builderonline.com/firms/kb-home
2010,2009,top100,6,Centex Corp.,p,"6,900",$0,3,https://www.builderonline.com/firms/centex-corp
2010,2009,top100,7,Hovnanian Enterprises,p,"5,659","$1,709",6,https://www.builderonline.com/firms/hovnanian-enterprises
2010,2009,top100,8,Habitat for Humanity International,,"5,294","$1,400",11,https://www.builderonline.com/firms/habitat-for-humanity-international
2010,2009,top100,9,The Ryland Group,p,"5,129","$1,284",8,https://www.builderonline.com/firms/the-ryland-group
2010,2009,top100,10,Beazer Homes,p,"4,411","$1,006",9,https://www.builderonline.com/firms/beazer-homes-usa
2010,2009,top100,11,Meritage Homes Corp.,p,"4,039",$970,10,https://www.builderonline.com/firms/meritage-homes-corp
2010,2009,top100,12,Standard Pacific Corp.,p,"3,581","$1,238",13,https://www.builderonline.com/firms/standard-pacific-corp
2010,2009,top100,13,Taylor Morrison,,"3,347","$1,316",12,https://www.builderonline.com/firms/taylor-morrison
2010,2009,top100,14,M.D.C. Holdings,p,"3,013",$898,15,https://www.builderonline.com/firms/mdc-holdings
2010,2009,top100,15,Toll Brothers,p,"2,965","$1,755",14,https://www.builderonline.com/firms/toll-brothers
2010,2009,top100,16,M/I Homes,p,"2,409",$570,21,https://www.builderonline.com/firms/m-i-homes
2010,2009,top100,17,David Weekley Homes,,"2,229",$690,17,https://www.builderonline.com/firms/david-weekley-homes
2010,2009,top100,18,Weyerhaeuser Real Estate Co.,p,"2,167",$904,18,https://www.builderonline.com/firms/weyerhaeuser-real-estate-co
2010,2009,top100,19,The Villages,,"2,115",$658,19,https://www.builderonline.com/firms/the-villages
2010,2009,top100,20,Shea Homes,,"2,091",$839,16,https://www.builderonline.com/firms/shea-homes
2010,2009,top100,21,Woodside Homes,,"1,788",$469,20,https://www.builderonline.com/firms/woodside-homes
2010,2009,top100,22,Drees Homes,,"1,500",$520,25,https://www.builderonline.com/firms/drees-homes
2010,2009,top100,23,Highland Homes,,"1,455",$511,23,https://www.builderonline.com/firms/highland-homes
2010,2009,top100,24,Ashton Woods USA,,"1,319",$320,33,https://www.builderonline.com/firms/ashton-woods-usa
2010,2009,top100,25,McGuyer Homebuilders (MHI),,"1,280",$326,26,https://www.builderonline.com/firms/mcguyer-homebuilders-mhi
2010,2009,top100,26,Perry Homes,,"1,267",$369,22,https://www.builderonline.com/firms/perry-homes
2010,2009,top100,27,McBride & Son Enterprises,,"1,176",$302,28,https://www.builderonline.com/firms/mcbride-son-enterprises
2010,2009,top100,28,HearthStone Homes,,995,$160,30,https://www.builderonline.com/firms/hearthstone-homes
2010,2009,top100,29,William Lyon Homes,,915,$309,32,https://www.builderonline.com/firms/william-lyon-homes
2010,2009,top100,30,Epcon Communities Franchising,,859,$205,31,https://www.builderonline.com/firms/epcon-communities-franchising
2010,2009,top100,31,The Corky McMillin Cos.,,825,$259,37,https://www.builderonline.com/firms/the-corky-mcmillin-cos
2010,2009,top100,32,WCI Communities,,758,$490,N/A,https://www.builderonline.com/firms/wci-communities
2010,2009,top100,33,G.L. Homes of Florida Holding Corp.,,745,$256,43,https://www.builderonline.com/firms/gl-homes-of-florida-holding-corp
2010,2009,top100,34,Orleans Homebuilders,p,727,$279,35,https://www.builderonline.com/firms/orleans-homebuilders
2010,2009,top100,35,The Mungo Cos.,,716,$111,38,https://www.builderonline.com/firms/the-mungo-cos
2010,2009,top100,36,Rausch Coleman Homes,,711,$98,59,https://www.builderonline.com/firms/rausch-coleman-homes
2010,2009,top100,37,Brookfield Homes Corp.,p,703,$376,41,https://www.builderonline.com/firms/brookfield-homes-corp
2010,2009,top100,37,2010 Gehan Homes,,703,$128,46,https://www.builderonline.com/builder-100-listing/2010-gehan-homes/
2010,2009,top100,39,Fischer Homes,,696,$143,52,https://www.builderonline.com/firms/fischer-homes
2010,2009,top100,40,Fieldstone Homes,,694,$99,40,https://www.builderonline.com/firms/fieldstone-homes
2010,2009,top100,40,Westport Homes,,694,$102,50,https://www.builderonline.com/firms/westport-homes
2010,2009,top100,42,First Texas Homes,,688,$166,36,https://www.builderonline.com/firms/first-texas-homes
2010,2009,top100,43,Dominion Homes,,659,$117,60,https://www.builderonline.com/firms/dominion-homes
2010,2009,top100,44,Mattamy Homes,,649,$151,51,https://www.builderonline.com/firms/mattamy-homes
2010,2009,top100,45,CBH Homes,,616,$90,42,https://www.builderonline.com/firms/cbh-homes
2010,2009,top100,46,Hayden Homes,,590,$100,N/A,https://www.builderonline.com/firms/hayden-homes
2010,2009,top100,47,Ball Homes,,580,$113,54,https://www.builderonline.com/firms/ball-homes
2010,2009,top100,48,Eastwood Homes,,560,$104,56,https://www.builderonline.com/firms/eastwood-homes
2010,2009,top100,49,Fulton Homes,,548,$131,70,https://www.builderonline.com/firms/fulton-homes
2010,2009,top100,50,Ivory Homes,,523,$159,45,https://www.builderonline.com/firms/ivory-homes
2010,2009,top100,51,View Homes,,516,$68,66,https://www.builderonline.com/firms/view-homes
2010,2009,top100,52,Home Creations,,501,$75,76,https://www.builderonline.com/firms/home-creations
2010,2009,top100,53,Hunter Communities,,500,$63,53,https://www.builderonline.com/firms/hunter-communities
2010,2009,top100,54,Polygon Northwest Co.,,466,$122,63,https://www.builderonline.com/firms/polygon-northwest-co
2010,2009,top100,55,True Homes,,463,$80,N/A,https://www.builderonline.com/firms/true-homes
2010,2009,top100,56,H&H Homes,,455,$89,99,https://www.builderonline.com/firms/h-h-homes
2010,2009,top100,57,Castlerock Communities,,433,$71,77,https://www.builderonline.com/firms/castlerock-communities
2010,2009,top100,57,LGI Homes,,433,$56,68,https://www.builderonline.com/firms/lgi-homes
2010,2009,top100,59,SummerHill Homes,,429,$264,N/A,https://www.builderonline.com/firms/summerhill-homes
2010,2009,top100,60,The Rottlund Co.,,420,$89,79,https://www.builderonline.com/firms/the-rottlund-co
2010,2009,top100,61,Tilson Homes,,415,$80,N/A,https://www.builderonline.com/firms/tilson-homes
2010,2009,top100,62,HistoryMaker Homes,,412,$57,48,https://www.builderonline.com/firms/historymaker-homes
2010,2009,top100,63,John Wieland Homes and Neighborhoods,,405,$215,49,https://www.builderonline.com/firms/john-wieland-homes-and-neighborhoods
2010,2009,top100,64,ICI Homes,,403,$140,101,https://www.builderonline.com/firms/ici-homes
2010,2009,top100,65,American West Homebuilding Group,,396,$118,80,https://www.builderonline.com/firms/american-west-homebuilding-group
2010,2009,top100,66,DRB Group,,395,$84,65,https://www.builderonline.com/firms/drb-group
2010,2009,top100,67,Heartland Homes,,392,$120,N/A,https://www.builderonline.com/firms/heartland-homes
2010,2009,top100,68,Caviness and Cates Communities,,386,$82,89,https://www.builderonline.com/firms/caviness-and-cates-communities
2010,2009,top100,69,Grand Homes,,384,$128,67,https://www.builderonline.com/firms/grand-homes
2010,2009,top100,70,Wayne Homes,,370,$55,N/A,https://www.builderonline.com/firms/wayne-homes
2010,2009,top100,71,Castle & Cooke,,362,$177,64,https://www.builderonline.com/firms/castle-cooke
2010,2009,top100,71,Holiday Builders,,362,$61,44,https://www.builderonline.com/firms/holiday-builders
2010,2009,top100,73,Highland Homes of Florida,,334,$69,84,https://www.builderonline.com/firms/highland-homes_1
2010,2009,top100,73,Darling Homes,,334,$145,58,https://www.builderonline.com/firms/darling-homes
2010,2009,top100,75,Armadillo Construction Co.,,325,$57,62,https://www.builderonline.com/firms/armadillo-construction-co
2010,2009,top100,76,Gemcraft Homes,,320,$84,61,https://www.builderonline.com/firms/gemcraft-homes
2010,2009,top100,77,Van Metre Cos.,,316,$214,102,https://www.builderonline.com/firms/van-metre-cos
2010,2009,top100,78,Betenbough Homes,,310,$43,N/A,https://www.builderonline.com/firms/betenbough-homes
2010,2009,top100,79,Centerline Homes,,309,$77,95,https://www.builderonline.com/firms/centerline-homes
2010,2009,top100,80,Essex Homes Southeast,,308,$65,85,https://www.builderonline.com/firms/essex-homes-southeast
2010,2009,top100,81,Bowen Family Homes,,305,$63,39,https://www.builderonline.com/firms/bowen-family-homes
2010,2009,top100,82,NeighborWorks America,,302,$0,N/A,https://www.builderonline.com/firms/neighborworks-america
2010,2009,top100,83,Bill Clark Homes,,296,$65,N/A,https://www.builderonline.com/firms/bill-clark-homes
2010,2009,top100,84,Stanley Martin Homes,,293,$153,96,https://www.builderonline.com/firms/stanley-martin-homes
2010,2009,top100,84,Simmons Homes,,293,$51,97,https://www.builderonline.com/firms/simmons-homes
2010,2009,top100,86,S&A Homes,,292,$151,69,https://www.builderonline.com/firms/s-a-homes
2010,2009,top100,87,Craftmark Group,,283,$146,N/A,https://www.builderonline.com/firms/craftmark-group
2010,2009,top100,87,Michael Sivage Homes & Communities,,283,$39,106,https://www.builderonline.com/firms/michael-sivage-homes-communities
2010,2009,top100,89,Ole South Properties,,282,$50,73,https://www.builderonline.com/firms/ole-south-properties
2010,2009,top100,90,Ideal Homes,,278,$50,N/A,https://www.builderonline.com/firms/ideal-homes
2010,2009,top100,91,West Hills Development Co.,,274,$92,75,https://www.builderonline.com/firms/west-hills-development-co
2010,2009,top100,92,Signature Homes,,270,$76,N/A,https://www.builderonline.com/firms/signature-homes
2010,2009,top100,93,Miller and Smith,,267,$123,103,https://www.builderonline.com/firms/miller-and-smith
2010,2009,top100,93,Oakwood Homes,,267,$63,N/A,https://www.builderonline.com/firms/oakwood-homes
2010,2009,top100,95,Cheldan Homes,,264,$43,N/A,https://www.builderonline.com/firms/cheldan-homes
2010,2009,top100,96,Vantage Builders,,261,$47,N/A,https://www.builderonline.com/firms/vantage-builders
2010,2009,top100,97,Lombardo Cos.,,255,$43,143,https://www.builderonline.com/firms/lombardo-cos
2010,2009,top100,98,Sares-Regis Group,,253,$340,121,https://www.builderonline.com/firms/sares-regis-group
2010,2009,top100,99,Beechwood Homes,,248,$125,87,https://www.builderonline.com/firms/beechwood-homes
2010,2009,top100,100,Jagoe Homes,,246,$43,N/A,https://www.builderonline.com/firms/jagoe-homes
2010,2009,next100,100,Wade Jurney Homes,,246,$37,110,https://www.builderonline.com/firms/wade-jurney-homes
2010,2009,next100,102,2010 DSLD,,238,$38,N/A,https://www.builderonline.com/builder-100-listing/2010-dsld/
2010,2009,next100,103,Hills Communities,,235,$104,91,https://www.builderonline.com/firms/hills-communities
2010,2009,next100,103,Kettler,,235,$636,N/A,https://www.builderonline.com/firms/kettler
2010,2009,next100,105,Bloomfield Homes,,234,$45,131,https://www.builderonline.com/firms/bloomfield-homes
2010,2009,next100,105,William Ryan Homes,,234,$60,74,https://www.builderonline.com/firms/william-ryan-homes
2010,2009,next100,107,Avatar Holdings,p,230,$74,104,https://www.builderonline.com/firms/avatar-holdings
2010,2009,next100,108,Elliott Homes,,220,$81,92,https://www.builderonline.com/firms/elliott-homes
2010,2009,next100,109,Keystone Custom Homes,,217,$65,100,https://www.builderonline.com/firms/keystone-custom-homes
2010,2009,next100,110,McCaffrey Homes,,216,$65,113,https://www.builderonline.com/firms/mccaffrey-homes
2010,2009,next100,111,Hubble Homes,,214,$30,71,https://www.builderonline.com/firms/hubble-homes
2010,2009,next100,112,John Mourier Construction,,204,$82,108,https://www.builderonline.com/firms/john-mourier-construction
2010,2009,next100,112,Shugart Enterprises,,204,$34,82,https://www.builderonline.com/firms/shugart-enterprises
2010,2009,next100,114,Carefree Homes,,202,$33,N/A,https://www.builderonline.com/firms/carefree-homes
2010,2009,next100,115,Classic Homes,,196,$91,109,https://www.builderonline.com/firms/classic-homes
2010,2009,next100,116,HPH Homes,,195,$49,94,https://www.builderonline.com/firms/hph-homes
2010,2009,next100,116,Providence Homes,,195,$49,146,https://www.builderonline.com/firms/providence-homes
2010,2009,next100,118,Gentry Homes,,192,$72,N/A,https://www.builderonline.com/firms/gentry-homes
2010,2009,next100,119,Park Square Homes,,191,$56,98,https://www.builderonline.com/firms/park-square-homes
2010,2009,next100,120,Keystone Homes,,190,$31,117,https://www.builderonline.com/firms/keystone-homes
2010,2009,next100,121,The Estridge Cos.,,189,$80,120,https://www.builderonline.com/firms/the-estridge-cos
2010,2009,next100,121,Village Communities,,189,$20,131,https://www.builderonline.com/firms/village-communities
2010,2009,next100,123,The Warmington Group,,185,$95,57,https://www.builderonline.com/firms/the-warmington-group
2010,2009,next100,123,PCS Homes,,185,$43,123,https://www.builderonline.com/firms/pcs-homes
2010,2009,next100,125,Westin Homes,,183,$48,130,https://www.builderonline.com/firms/westin-homes
2010,2009,next100,126,Neal Communities,,176,$64,135,https://www.builderonline.com/firms/neal-communities
2010,2009,next100,126,The Olson Co.,,176,$75,84,https://www.builderonline.com/firms/the-olson-co
2010,2009,next100,128,Buffington Homebuilding Group,,175,$43,N/A,https://www.builderonline.com/firms/buffington-homebuilding-group
2010,2009,next100,128,Grayhawk Homes,,175,$34,169,https://www.builderonline.com/firms/grayhawk-homes
2010,2009,next100,128,The Jones Co. of Tennessee,,175,$60,92,https://www.builderonline.com/firms/the-jones-co-of-tennessee
2010,2009,next100,131,Jeff Benton Homes,,174,$54,133,https://www.builderonline.com/firms/jeff-benton-homes
2010,2009,next100,132,MJC Cos.,,170,$26,136,https://www.builderonline.com/firms/mjc-cos
2010,2009,next100,133,EYA,,161,$102,178,https://www.builderonline.com/firms/eya
2010,2009,next100,134,Capital Pacific Holdings,,159,$71,55,https://www.builderonline.com/firms/capital-pacific-holdings
2010,2009,next100,135,Gateway Homes,,156,$22,N/A,https://www.builderonline.com/firms/gateway-homes
2010,2009,next100,135,Wood Partners,,156,$26,90,https://www.builderonline.com/firms/wood-partners
2010,2009,next100,137,MBK Homes,,153,$66,128,https://www.builderonline.com/firms/mbk-homes
2010,2009,next100,138,Chesapeake Homes,,151,$6,N/A,https://www.builderonline.com/firms/chesapeake-homes
2010,2009,next100,139,Shumaker Homes,,150,$28,137,https://www.builderonline.com/firms/shumaker-homes
2010,2009,next100,140,Compass Pointe Homes,,148,$26,149,https://www.builderonline.com/firms/compass-pointe-homes
2010,2009,next100,140,Southern Homes,,148,$30,159,https://www.builderonline.com/firms/southern-homes
2010,2009,next100,141,Heritage Building Group,,146,$77,115,https://www.builderonline.com/firms/heritage-building-group
2010,2009,next100,142,Charter Homes and Neighborhoods,,143,$47,N/A,https://www.builderonline.com/firms/charter-homes-and-neighborhoods
2010,2009,next100,143,2010 HHHunt Homes,,141,$41,179,https://www.builderonline.com/builder-100-listing/2010-hhhunt-homes/
2010,2009,next100,144,Unmistakably Premier Homes,,135,$25,165,https://www.builderonline.com/firms/unmistakably-premier-homes
2010,2009,next100,145,Meridian Homes USA,,128,$27,105,https://www.builderonline.com/firms/meridian-homes-usa
2010,2009,next100,146,AR Homes,,125,$106,111,https://www.builderonline.com/firms/ar-homes
2010,2009,next100,146,Marrano Homes/Marc Equity Corp.,,125,$51,133,https://www.builderonline.com/firms/marrano-homes-marc-equity-corp
2010,2009,next100,146,Streetman Homes,,125,$42,N/A,https://www.builderonline.com/firms/streetman-homes
2010,2009,next100,149,Harwood Homes,,119,$41,115,https://www.builderonline.com/firms/harwood-homes
2010,2009,next100,149,Tempest Homes,,119,$16,153,https://www.builderonline.com/firms/tempest-homes
2010,2009,next100,151,Keystone Group,,117,$22,N/A,https://www.builderonline.com/firms/keystone-group
2010,2009,next100,152,Harkins Builders,,115,$234,148,https://www.builderonline.com/firms/harkins-builders
2010,2009,next100,153,Forino Co.,,113,$29,N/A,https://www.builderonline.com/firms/forino-co
2010,2009,next100,154,Minks Custom Homes,,111,$35,171,https://www.builderonline.com/firms/minks-custom-homes
2010,2009,next100,155,Traton Homes,,107,$36,143,https://www.builderonline.com/firms/traton-homes
2010,2009,next100,156,Southern Home Builders,,106,$20,N/A,https://www.builderonline.com/firms/southern-home-builders
2010,2009,next100,157,Ence Homes,,105,$26,175,https://www.builderonline.com/firms/ence-homes
2010,2009,next100,157,Premier Communities,,105,$24,140,https://www.builderonline.com/firms/premier-communities
2010,2009,next100,159,Pacific West Cos.,,103,$18,87,https://www.builderonline.com/firms/pacific-west-cos
2010,2009,next100,160,Brookstone Homes,,101,$22,N/A,https://www.builderonline.com/firms/brookstone-homes/
2010,2009,next100,160,Eagle Construction of Virginia,,101,$41,158,https://www.builderonline.com/firms/eagle-construction-of-virginia
2010,2009,next100,162,T.W. Lewis Co.,,97,$51,126,https://www.builderonline.com/firms/tw-lewis-co
2010,2009,next100,163,2010,,96,$69,137,https://www.builderonline.com/builder-100-listing/2010-2/
2010,2009,next100,164,Braselton Homes,,95,$17,157,https://www.builderonline.com/firms/braselton-homes
2010,2009,next100,164,Kendall Homes,,95,$14,164,https://www.builderonline.com/firms/kendall-homes
2010,2009,next100,166,Armstrong Homes,,92,$23,162,https://www.builderonline.com/firms/armstrong-homes
2010,2009,next100,167,Landon Homes,,90,$23,N/A,https://www.builderonline.com/firms/landon-homes
2010,2009,next100,167,Imagine Homes,,90,$18,184,https://www.builderonline.com/firms/imagine-homes
2010,2009,next100,167,Rodrock Homes,,90,$25,N/A,https://www.builderonline.com/firms/rodrock-homes
2010,2009,next100,170,Key Land Homes,,89,$25,N/A,https://www.builderonline.com/firms/key-land-homes
2010,2009,next100,171,T.H. Properties,,86,$26,78,https://www.builderonline.com/firms/t-h-properties
2010,2009,next100,171,Wynn Construction,,86,$13,176,https://www.builderonline.com/firms/wynn-construction
2010,2009,next100,173,Greenvale Construction,,85,$14,151,https://www.builderonline.com/firms/greenvale-construction
2010,2009,next100,174,The Bozzuto Group,,84,$628,156,https://www.builderonline.com/firms/the-bozzuto-group
2010,2009,next100,175,TriStone Homes,,83,$15,N/A,https://www.builderonline.com/firms/tristone-homes
2010,2009,next100,176,Anderson Homes,,80,$17,N/A,https://www.builderonline.com/firms/anderson-homes
2010,2009,next100,176,Sabal Homes,,80,$16,N/A,https://www.builderonline.com/firms/sabal-homes
2010,2009,next100,178,Bonterra Builders,,79,$19,N/A,https://www.builderonline.com/firms/bonterra-builders
2010,2009,next100,179,Sitterle Homes,,77,$30,N/A,https://www.builderonline.com/firms/sitterle-homes
2010,2009,next100,179,Trend Homes,,77,$14,122,https://www.builderonline.com/firms/trend-homes
2010,2009,next100,181,Main Street Homes,,76,$28,161,https://www.builderonline.com/firms/main-street-homes
2010,2009,next100,181,JordanBuilt Homes,,76,$14,N/A,https://www.builderonline.com/firms/jordanbuilt-homes
2010,2009,next100,181,Newmark Homes,,76,$20,N/A,https://www.builderonline.com/firms/newmark-homes
2010,2009,next100,184,Comstock Holding Co.,p,74,$25,141,https://www.builderonline.com/firms/comstock-holding-co_o
2010,2009,next100,185,Avtec Homes,,73,$10,172,https://www.builderonline.com/firms/avtec-homes
2010,2009,next100,185,Legend Homes of Oregon,,73,$23,143,https://www.builderonline.com/firms/legend-homes-of-oregon
2010,2009,next100,185,Rivendale Homes,,73,$21,176,https://www.builderonline.com/firms/rivendale-homes
2010,2009,next100,188,Cristo Homes,,70,$12,N/A,https://www.builderonline.com/firms/cristo-homes
2010,2009,next100,189,Cornell Homes,,68,$35,N/A,https://www.builderonline.com/firms/cornell-homes
2010,2009,next100,190,Lazarus-Shouse Communities,,65,$12,181,https://www.builderonline.com/firms/lazarus-shouse-communities
2010,2009,next100,190,Neuse Builders of New Bern,,65,$10,N/A,https://www.builderonline.com/firms/neuse-builders-of-new-bern
2010,2009,next100,190,Shaddock Homes,,65,$35,N/A,https://www.builderonline.com/firms/shaddock-homes
2010,2009,next100,193,Petros Homes,,62,$18,194,https://www.builderonline.com/firms/petros-homes
2010,2009,next100,194,Bayway Homes,,62,$10,N/A,https://www.builderonline.com/firms/bayway-homes
2010,2009,next100,195,The Builders Group of West Alabama,,60,$13,168,https://www.builderonline.com/firms/the-builders-group-of-west-alabama
2010,2009,next100,196,Lowder New Homes,,59,$15,185,https://www.builderonline.com/firms/lowder-new-homes
2010,2009,next100,197,Lakewood Homes,,56,$42,117,https://www.builderonline.com/firms/lakewood-homes
2010,2009,next100,197,Schieler & Rassi Quality Builders,,56,$12,181,https://www.builderonline.com/firms/schieler-rassi-quality-builders
2010,2009,next100,199,Patrick Malloy Communities,,55,$11,166,https://www.builderonline.com/firms/patrick-malloy-communities
2011,2010,top100,2,PulteGroup,p,"17,095","$4,569",2,https://www.builderonline.com/firms/pultegroup
2011,2010,top100,2,D.R. Horton,p,0,$0,1,https://www.builderonline.com/firms/dr-horton
2011,2010,top100,3,Lennar Corp.,p,"10,955","$3,074",3,https://www.builderonline.com/firms/lennar-corp
2011,2010,top100,4,NVR,p,"10,030","$3,042",4,https://www.builderonline.com/firms/nvr
2011,2010,top100,5,KB Home,p,"7,346","$1,590",5,https://www.builderonline.com/firms/kb-home
2011,2010,top100,6,Habitat for Humanity International,,"6,032","$1,400",8,https://www.builderonline.com/firms/habitat-for-humanity-international
2011,2010,top100,7,Hovnanian Enterprises,p,"5,009","$1,496",7,https://www.builderonline.com/firms/hovnanian-enterprises
2011,2010,top100,8,The Ryland Group,p,"4,245","$1,064",9,https://www.builderonline.com/firms/the-ryland-group
2011,2010,top100,9,Beazer Homes,p,"4,233",$939,10,https://www.builderonline.com/firms/beazer-homes-usa
2011,2010,top100,10,Meritage Homes Corp.,p,"3,700",$942,11,https://www.builderonline.com/firms/meritage-homes-corp
2011,2010,top100,11,M.D.C. Holdings,p,"3,245",$959,14,https://www.builderonline.com/firms/mdc-holdings
2011,2010,top100,12,Standard Pacific Corp.,p,"2,700",$950,12,https://www.builderonline.com/firms/standard-pacific-corp
2011,2010,top100,13,Toll Brothers,p,"2,642","$1,495",15,https://www.builderonline.com/firms/toll-brothers
2011,2010,top100,14,Taylor Morrison,,"2,570","$1,500",13,https://www.builderonline.com/firms/taylor-morrison
2011,2010,top100,15,M/I Homes,p,"2,434",$620,16,https://www.builderonline.com/firms/m-i-homes
2011,2010,top100,16,The Villages of Lake Sumter,,"2,208",$512,19,https://www.builderonline.com/firms/the-villages-of-lake-sumter
2011,2010,top100,17,Weyerhaeuser Real Estate Co.,p,"2,125",$923,18,https://www.builderonline.com/firms/weyerhaeuser-real-estate-co
2011,2010,top100,18,Shea Homes,,"2,002",$835,20,https://www.builderonline.com/firms/shea-homes
2011,2010,top100,19,David Weekley Homes,,"1,857",$612,17,https://www.builderonline.com/firms/david-weekley-homes
2011,2010,top100,20,Highland Homes,,"1,704",$599,23,https://www.builderonline.com/firms/highland-homes
2011,2010,top100,21,The Related Group,,"1,634",$961,N/A,https://www.builderonline.com/firms/the-related-group
2011,2010,top100,22,Drees Homes,,"1,511",$513,22,https://www.builderonline.com/firms/drees-homes
2011,2010,top100,23,Woodside Homes,,"1,444",$361,21,https://www.builderonline.com/firms/woodside-homes
2011,2010,top100,24,Perry Homes,,"1,298",$364,26,https://www.builderonline.com/firms/perry-homes
2011,2010,top100,25,Ashton Woods USA,,"1,197",$310,24,https://www.builderonline.com/firms/ashton-woods-usa
2011,2010,top100,26,McBride & Son Cos.,,"1,187",$306,27,https://www.builderonline.com/firms/mcbride-son-cos
2011,2010,top100,27,2011 Gehan Homes,,"1,136",$217,37,https://www.builderonline.com/builder-100-listing/2011-gehan-homes/
2011,2010,top100,28,MHI-McGuyer Homebuilders,,"1,105",$305,25,https://www.builderonline.com/firms/mhi-mcguyer-homebuilders
2011,2010,top100,29,First Texas Homes,,945,$250,42,https://www.builderonline.com/firms/first-texas-homes
2011,2010,top100,30,GL Homes,,929,$330,33,https://www.builderonline.com/firms/gl-homes
2011,2010,top100,31,Epcon Communities Franchising,,847,$208,30,https://www.builderonline.com/firms/epcon-communities-franchising
2011,2010,top100,32,William Lyon Homes,,760,$295,29,https://www.builderonline.com/firms/william-lyon-homes
2011,2010,top100,33,Rausch Coleman Homes,,740,$106,36,https://www.builderonline.com/firms/rausch-coleman-homes
2011,2010,top100,34,Fischer Homes,,732,$164,39,https://www.builderonline.com/firms/fischer-homes
2011,2010,top100,35,The Mungo Cos.,,660,$123,35,https://www.builderonline.com/firms/the-mungo-cos
2011,2010,top100,36,Westport Homes,,653,$102,40,https://www.builderonline.com/firms/westport-homes
2011,2010,top100,37,Polygon Northwest Co.,,604,$180,54,https://www.builderonline.com/firms/polygon-northwest-co
2011,2010,top100,38,American West Homebuilding Group,,602,$166,65,https://www.builderonline.com/firms/american-west-homebuilding-group
2011,2010,top100,39,Hayden Homes,,600,$112,46,https://www.builderonline.com/firms/hayden-homes
2011,2010,top100,40,Mattamy Homes,,597,$138,44,https://www.builderonline.com/firms/mattamy-homes
2011,2010,top100,41,The Corky McMillin Cos.,,588,$165,31,https://www.builderonline.com/firms/the-corky-mcmillin-cos
2011,2010,top100,42,Brookfield Homes Corp.,p,575,$339,37,https://www.builderonline.com/firms/brookfield-homes-corp
2011,2010,top100,43,True Homes USA,,571,$95,55,https://www.builderonline.com/firms/true-homes-usa
2011,2010,top100,44,Dominion Homes,,529,$100,43,https://www.builderonline.com/firms/dominion-homes
2011,2010,top100,45,2011 Legend Classic Homes,,515,$99,N/A,https://www.builderonline.com/builder-100-listing/2011-legend-classic-homes/
2011,2010,top100,46,NeighborWorks America,,503,$0,82,https://www.builderonline.com/firms/neighborworks-america
2011,2010,top100,46,View Homes,,503,$72,51,https://www.builderonline.com/firms/view-homes
2011,2010,top100,48,DRB Group,,502,$105,66,https://www.builderonline.com/firms/drb-group
2011,2010,top100,49,HearthStone Homes,,496,$68,28,https://www.builderonline.com/firms/hearthstone-homes
2011,2010,top100,50,CBH Homes,,493,$72,45,https://www.builderonline.com/firms/cbh-homes
2011,2010,top100,51,Fulton Homes,,489,$151,49,https://www.builderonline.com/firms/fulton-homes
2011,2010,top100,51,H&H Homes,,489,$108,56,https://www.builderonline.com/firms/h-h-homes
2011,2010,top100,53,Caviness and Cates Communities,,471,$93,68,https://www.builderonline.com/firms/caviness-and-cates-communities
2011,2010,top100,54,Hunter Communities,,464,$59,53,https://www.builderonline.com/firms/hunter-communities
2011,2010,top100,55,Ivory Homes,,456,$135,50,https://www.builderonline.com/firms/ivory-homes
2011,2010,top100,56,Armadillo Construction Co.,,455,$78,75,https://www.builderonline.com/firms/armadillo-construction-co
2011,2010,top100,56,Home Creations,,455,$74,52,https://www.builderonline.com/firms/home-creations
2011,2010,top100,58,LGI Homes,,439,$58,57,https://www.builderonline.com/firms/lgi-homes
2011,2010,top100,59,Castlerock Communities,,435,$74,57,https://www.builderonline.com/firms/castlerock-communities
2011,2010,top100,60,Ball Homes,,431,$90,47,https://www.builderonline.com/firms/ball-homes
2011,2010,top100,61,United Built Homes,,411,$64,N/A,https://www.builderonline.com/firms/united-built-homes
2011,2010,top100,62,Orleans Homebuilders,,407,$169,34,https://www.builderonline.com/firms/orleans-homebuilders
2011,2010,top100,63,Saratoga Homes,,405,$57,N/A,https://www.builderonline.com/firms/saratoga-homes
2011,2010,top100,63,Heartland Homes,,405,$126,67,https://www.builderonline.com/firms/heartland-homes
2011,2010,top100,65,John Wieland Homes and Neighborhoods,,401,$220,63,https://www.builderonline.com/firms/john-wieland-homes-and-neighborhoods
2011,2010,top100,65,Fieldstone Homes,,401,$63,40,https://www.builderonline.com/firms/fieldstone-homes
2011,2010,top100,67,Centerline Homes,,399,$127,79,https://www.builderonline.com/firms/centerline-homes
2011,2010,top100,68,Tilson Homes,,396,$72,61,https://www.builderonline.com/firms/tilson-homes
2011,2010,top100,69,Darling Homes,,385,$170,73,https://www.builderonline.com/firms/darling-homes
2011,2010,top100,70,Allen Edwin Homes,,381,$61,N/A,https://www.builderonline.com/firms/allen-edwin-homes
2011,2010,top100,71,Essex Homes Southeast,,372,$80,80,https://www.builderonline.com/firms/essex-homes-southeast
2011,2010,top100,72,Wayne Homes,,370,$60,70,https://www.builderonline.com/firms/wayne-homes
2011,2010,top100,73,Stanley Martin Cos.,,368,$193,84,https://www.builderonline.com/firms/stanley-martin-cos
2011,2010,top100,74,HistoryMaker Homes,,366,$52,62,https://www.builderonline.com/firms/historymaker-homes
2011,2010,top100,75,2011 DSLD,,362,$60,102,https://www.builderonline.com/builder-100-listing/2011-dsld/
2011,2010,top100,76,Betenbough Homes,,355,$54,78,https://www.builderonline.com/firms/betenbough-homes
2011,2010,top100,77,Oakwood Homes,,354,$82,93,https://www.builderonline.com/firms/oakwood-homes
2011,2010,top100,77,ICI Homes,,354,$137,64,https://www.builderonline.com/firms/ici-homes
2011,2010,top100,79,Chesmar Homes,,346,$74,N/A,https://www.builderonline.com/firms/chesmar-homes
2011,2010,top100,80,Signature Homes,,344,$89,92,https://www.builderonline.com/firms/signature-homes
2011,2010,top100,81,Holiday Builders,,339,$61,71,https://www.builderonline.com/firms/holiday-builders
2011,2010,top100,82,Grand Homes,,336,$110,69,https://www.builderonline.com/firms/grand-homes
2011,2010,top100,83,The Rottlund Co.,,334,$68,60,https://www.builderonline.com/firms/the-rottlund-co
2011,2010,top100,84,Bill Clark Homes,,315,$70,83,https://www.builderonline.com/firms/bill-clark-homes
2011,2010,top100,85,Van Metre Cos.,,312,$243,77,https://www.builderonline.com/firms/van-metre-cos
2011,2010,top100,86,Michael Sivage Homes and Communities,,297,$44,87,https://www.builderonline.com/firms/michael-sivage-homes-and-communities
2011,2010,top100,87,Bloomfield Homes,,295,$63,105,https://www.builderonline.com/firms/bloomfield-homes
2011,2010,top100,88,Cheldan Homes,,288,$45,95,https://www.builderonline.com/firms/cheldan-homes
2011,2010,top100,89,Granite Ridge Builders,,286,$8,N/A,https://www.builderonline.com/firms/granite-ridge-builders
2011,2010,top100,90,Ideal Homes,,285,$50,90,https://www.builderonline.com/firms/ideal-homes
2011,2010,top100,91,Gemcraft Homes,,283,$73,76,https://www.builderonline.com/firms/gemcraft-homes
2011,2010,top100,92,Craftmark Group,,281,$143,87,https://www.builderonline.com/firms/craftmark-group
2011,2010,top100,93,Gentry Homes,,275,$105,118,https://www.builderonline.com/firms/gentry-homes
2011,2010,top100,94,Neal Communities,,272,$75,126,https://www.builderonline.com/firms/neal-communities
2011,2010,top100,95,Ole South Properties,,265,$44,89,https://www.builderonline.com/firms/ole-south-properties
2011,2010,top100,96,Miller and Smith,,256,$153,93,https://www.builderonline.com/firms/miller-and-smith
2011,2010,top100,97,Century Communities,,253,$67,N/A,https://www.builderonline.com/firms/century-communities
2011,2010,top100,98,Jagoe Homes,,250,$40,100,https://www.builderonline.com/firms/jagoe-homes
2011,2010,top100,99,The Jones Co. of Tennessee,,249,$76,128,https://www.builderonline.com/firms/the-jones-co-of-tennessee
2011,2010,top100,100,Simmons Homes,,247,$40,84,https://www.builderonline.com/firms/simmons-homes
2011,2010,next100,100,Highland Homes of Florida,,247,$46,73,https://www.builderonline.com/firms/highland-homes_1
2011,2010,next100,102,Keystone Custom Homes,,245,$66,109,https://www.builderonline.com/firms/keystone-custom-homes
2011,2010,next100,103,Buffington Homes,,243,$58,128,https://www.builderonline.com/firms/buffington-homes
2011,2010,next100,104,WCI Communities,,235,$364,32,https://www.builderonline.com/firms/wci-communities
2011,2010,next100,105,Lombardo Homes,,234,$63,97,https://www.builderonline.com/firms/lombardo-homes
2011,2010,next100,106,ForeverHome,,225,$50,N/A,https://www.builderonline.com/firms/foreverhome
2011,2010,next100,107,Westin Homes and Properties,,224,$61,125,https://www.builderonline.com/firms/westin-homes-and-properties
2011,2010,next100,108,S&A Homes,,223,$115,86,https://www.builderonline.com/firms/s-a-homes
2011,2010,next100,109,Sares-Regis Group,,222,$529,98,https://www.builderonline.com/firms/sares-regis-group
2011,2010,next100,110,Shugart Enterprises,,221,$33,112,https://www.builderonline.com/firms/shugart-enterprises
2011,2010,next100,111,West Hills Development Co.,,217,$83,91,https://www.builderonline.com/firms/west-hills-development-co
2011,2010,next100,112,The Olson Co.,,209,$55,126,https://www.builderonline.com/firms/the-olson-co
2011,2010,next100,113,Quality Built Homes,,208,$88,N/A,https://www.builderonline.com/firms/quality-built-homes
2011,2010,next100,114,Wade Jurney Homes,,207,$28,100,https://www.builderonline.com/firms/wade-jurney-homes
2011,2010,next100,114,Hills Communities,,207,$102,103,https://www.builderonline.com/firms/hills-communities
2011,2010,next100,116,Compass Pointe Homes,,205,$29,N/A,https://www.builderonline.com/firms/compass-pointe-homes
2011,2010,next100,117,Jeff Benton Homes,,204,$61,131,https://www.builderonline.com/firms/jeff-benton-homes
2011,2010,next100,118,Nichols Partnership,,201,$63,N/A,https://www.builderonline.com/firms/nichols-partnership
2011,2010,next100,119,Elliott Homes,,200,$69,108,https://www.builderonline.com/firms/elliott-homes
2011,2010,next100,120,Wathen Castanos Homes,,194,$37,N/A,https://www.builderonline.com/firms/wathen-castanos-homes
2011,2010,next100,121,Landon Homes,,190,$49,167,https://www.builderonline.com/firms/landon-homes
2011,2010,next100,121,Ryan Building Group,,190,$52,N/A,https://www.builderonline.com/firms/ryan-building-group
2011,2010,next100,123,Park Square Homes,,186,$40,119,https://www.builderonline.com/firms/park-square-homes
2011,2010,next100,123,Classic Homes,,186,$76,115,https://www.builderonline.com/firms/classic-homes
2011,2010,next100,125,Avatar Holdings,p,184,$59,107,https://www.builderonline.com/firms/avatar-holdings
2011,2010,next100,126,Grayhawk Homes,,180,$37,128,https://www.builderonline.com/firms/grayhawk-homes
2011,2010,next100,127,Beechwood Homes,,171,$91,99,https://www.builderonline.com/firms/beechwood-homes
2011,2010,next100,128,Gateway Homes,,170,$22,135,https://www.builderonline.com/firms/gateway-homes
2011,2010,next100,129,Goodall Homes,,169,$33,N/A,https://www.builderonline.com/firms/goodall-homes
2011,2010,next100,130,The Estridge Cos.,,158,$62,121,https://www.builderonline.com/firms/the-estridge-cos
2011,2010,next100,131,Traton Homes,,153,$55,155,https://www.builderonline.com/firms/traton-homes
2011,2010,next100,132,MBK Homes,,152,$70,137,https://www.builderonline.com/firms/mbk-homes
2011,2010,next100,133,Providence Homes,,151,$41,116,https://www.builderonline.com/firms/providence-homes
2011,2010,next100,134,Sumeer Homes,,149,$36,N/A,https://www.builderonline.com/firms/sumeer-homes
2011,2010,next100,134,Tempest Homes,,149,$19,149,https://www.builderonline.com/firms/tempest-homes
2011,2010,next100,134,Heritage Building Group,,149,$72,141,https://www.builderonline.com/firms/heritage-building-group
2011,2010,next100,137,SummerHill Homes,,146,$134,59,https://www.builderonline.com/firms/summerhill-homes
2011,2010,next100,137,EYA,,146,$95,133,https://www.builderonline.com/firms/eya
2011,2010,next100,139,Scott Felder Homes,,144,$41,N/A,https://www.builderonline.com/firms/scott-felder-homes
2011,2010,next100,140,Manor Homes,,143,$37,N/A,https://www.builderonline.com/firms/manor-homes
2011,2010,next100,141,Vantage Builders,,142,$30,96,https://www.builderonline.com/firms/vantage-builders
2011,2010,next100,142,2011 HHHunt Homes,,141,$160,143,https://www.builderonline.com/builder-100-listing/2011-hhhunt-homes/
2011,2010,next100,143,Chesapeake Homes,,139,$35,138,https://www.builderonline.com/firms/chesapeake-homes
2011,2010,next100,144,Marrano Homes/Marc Equity Corp.,,138,$42,146,https://www.builderonline.com/firms/marrano-homes-marc-equity-corp
2011,2010,next100,144,Streetman Homes,,138,$38,146,https://www.builderonline.com/firms/streetman-homes
2011,2010,next100,146,John Mourier Construction,,137,$49,112,https://www.builderonline.com/firms/john-mourier-construction
2011,2010,next100,146,Eagle Construction,,137,$52,160,https://www.builderonline.com/firms/eagle-construction
2011,2010,next100,148,Kettler,,133,$503,103,https://www.builderonline.com/firms/kettler
2011,2010,next100,148,Schell Brothers,,133,$38,N/A,https://www.builderonline.com/firms/schell-brothers
2011,2010,next100,150,Charter Homes & Neighborhoods,,130,$43,142,https://www.builderonline.com/firms/charter-homes-neighborhoods
2011,2010,next100,151,Southern Home Builders,,129,$26,156,https://www.builderonline.com/firms/southern-home-builders
2011,2010,next100,151,Cornell Homes,,129,$35,189,https://www.builderonline.com/firms/cornell-homes
2011,2010,next100,153,Woodland Homes of Huntsville,,128,$40,N/A,https://www.builderonline.com/firms/woodland-homes-of-huntsville
2011,2010,next100,153,HPH Properties,,128,$34,116,https://www.builderonline.com/firms/hph-properties
2011,2010,next100,155,American Properties Realty,,127,$43,N/A,https://www.builderonline.com/firms/american-properties-realty
2011,2010,next100,156,Unmistakably Premier Homes,,125,$23,144,https://www.builderonline.com/firms/unmistakably-premier-homes
2011,2010,next100,156,TriStone Homes,,125,$23,175,https://www.builderonline.com/firms/tristone-homes
2011,2010,next100,156,Pacesetter Homes,,125,$21,N/A,https://www.builderonline.com/firms/pacesetter-homes
2011,2010,next100,159,Sitterle Homes,,124,$43,179,https://www.builderonline.com/firms/sitterle-homes
2011,2010,next100,160,Minks Custom Homes,,119,$37,154,https://www.builderonline.com/firms/minks-custom-homes
2011,2010,next100,161,Magellan Development Group,,118,$362,N/A,https://www.builderonline.com/firms/magellan-development-group
2011,2010,next100,162,Capital Pacific Homes,,116,$21,134,https://www.builderonline.com/firms/capital-pacific-homes
2011,2010,next100,163,Soundbuilt Homes,,115,$24,N/A,https://www.builderonline.com/firms/soundbuilt-homes
2011,2010,next100,164,The Bozzuto Group,,113,$692,174,https://www.builderonline.com/firms/the-bozzuto-group
2011,2010,next100,165,AR Homes,,111,$82,146,https://www.builderonline.com/firms/ar-homes
2011,2010,next100,165,T.W. Lewis Co.,,111,$52,162,https://www.builderonline.com/firms/tw-lewis-co
2011,2010,next100,167,Keystone Group,,109,$20,151,https://www.builderonline.com/firms/keystone-group
2011,2010,next100,167,Southern Homes,,109,$23,140,https://www.builderonline.com/firms/southern-homes
2011,2010,next100,169,StyleCraft Homes,,108,$27,N/A,https://www.builderonline.com/firms/stylecraft-homes
2011,2010,next100,170,Main Street Homes,,107,$39,181,https://www.builderonline.com/firms/main-street-homes
2011,2010,next100,171,Wynn Construction,,106,$17,171,https://www.builderonline.com/firms/wynn-construction
2011,2010,next100,172,Artistic Homes,,105,$23,N/A,https://www.builderonline.com/firms/artistic-homes
2011,2010,next100,172,The McCaffrey Group,,105,$32,110,https://www.builderonline.com/firms/the-mccaffrey-group
2011,2010,next100,172,The Warmington Group,,105,$55,123,https://www.builderonline.com/firms/the-warmington-group
2011,2010,next100,172,Forino Co.,,105,$29,153,https://www.builderonline.com/firms/forino-co
2011,2010,next100,176,Vintage Homes,,104,$17,N/A,https://www.builderonline.com/firms/vintage-homes
2011,2010,next100,177,Shumaker Homes,,103,$19,139,https://www.builderonline.com/firms/shumaker-homes
2011,2010,next100,178,Pratt Home Builders,,99,$28,N/A,https://www.builderonline.com/firms/pratt-home-builders
2011,2010,next100,179,Ence Homes,,98,$25,157,https://www.builderonline.com/firms/ence-homes
2011,2010,next100,180,Grand View Builders,,97,$15,N/A,https://www.builderonline.com/firms/grand-view-builders
2011,2010,next100,181,Capital Homes Residential Group,,95,$14,N/A,https://www.builderonline.com/firms/capital-homes-residential-group
2011,2010,next100,181,Brookstone Homes,,95,$21,160,https://www.builderonline.com/firms/brookstone-homes/
2011,2010,next100,181,Kendall Homes,,95,$17,164,https://www.builderonline.com/firms/kendall-homes
2011,2010,next100,184,2011,,92,$41,163,https://www.builderonline.com/builder-100-listing/2011-2/
2011,2010,next100,185,Shaddock Homes,,86,$35,190,https://www.builderonline.com/firms/shaddock-homes
2011,2010,next100,186,Armstrong Homes,,85,$23,166,https://www.builderonline.com/firms/armstrong-homes
2011,2010,next100,187,4Corners Construction,,83,$20,N/A,https://www.builderonline.com/firms/4corners-construction
2011,2010,next100,188,Payne Family Homes,,82,$20,N/A,https://www.builderonline.com/firms/payne-family-homes
2011,2010,next100,188,Miramonte Homes,,82,$25,N/A,https://www.builderonline.com/firms/miramonte-homes
2011,2010,next100,188,Onyx Homes,,82,$13,N/A,https://www.builderonline.com/firms/onyx-homes
2011,2010,next100,191,James Engle Custom Homes,,81,$27,N/A,https://www.builderonline.com/firms/james-engle-custom-homes
2011,2010,next100,192,Tim Lewis Communities,,79,$25,N/A,https://www.builderonline.com/firms/tim-lewis-communities
2011,2010,next100,193,Premier Communities,,76,$16,157,https://www.builderonline.com/firms/premier-communities
2011,2010,next100,193,Rodrock Homes,,76,$24,167,https://www.builderonline.com/firms/rodrock-homes
2011,2010,next100,193,Consolidated Development Group,,76,$12,N/A,https://www.builderonline.com/firms/consolidated-development-group
2011,2010,next100,196,Braselton Homes,,74,$15,164,https://www.builderonline.com/firms/braselton-homes
2011,2010,next100,197,Pacific Lifestyle Homes,,70,$21,N/A,https://www.builderonline.com/firms/pacific-lifestyle-homes
2011,2010,next100,197,Imagine Homes,,70,$15,167,https://www.builderonline.com/firms/imagine-homes
2011,2010,next100,199,Petros Homes,,68,$22,193,https://www.builderonline.com/firms/petros-homes
2011,2010,next100,199,Devon Street Homes,,68,$10,N/A,https://www.builderonline.com/firms/devon-street-homes
2012,2011,top100,1,D.R. Horton,p,"17,176","$3,768",1,https://www.builderonline.com/firms/dr-horton
2012,2011,top100,2,PulteGroup,p,"15,275","$4,137",2,https://www.builderonline.com/firms/pultegroup
2012,2011,top100,3,Lennar Corp.,p,"10,845","$3,095",3,https://www.builderonline.com/firms/lennar-corp
2012,2011,top100,4,NVR,p,"8,487","$2,670",4,https://www.builderonline.com/firms/nvr
2012,2011,top100,5,KB Home,p,"5,812","$1,316",5,https://www.builderonline.com/firms/kb-home
2012,2011,top100,6,Habitat for Humanity International,,"4,970","$1,575",6,https://www.builderonline.com/firms/habitat-for-humanity-international
2012,2011,top100,7,Hovnanian Enterprises,p,"4,216","$1,307",7,https://www.builderonline.com/firms/hovnanian-enterprises
2012,2011,top100,8,The Ryland Group,p,"3,664",$943,8,https://www.builderonline.com/firms/the-ryland-group
2012,2011,top100,9,Beazer Homes,p,"3,597",$822,9,https://www.builderonline.com/firms/beazer-homes-usa
2012,2011,top100,10,Meritage Homes Corp.,p,"3,268",$861,10,https://www.builderonline.com/firms/meritage-homes-corp
2012,2011,top100,11,M.D.C. Holdings,p,"2,762",$844,11,https://www.builderonline.com/firms/mdc-holdings
2012,2011,top100,12,Toll Brothers,p,"2,611","$1,476",13,https://www.builderonline.com/firms/toll-brothers
2012,2011,top100,13,Standard Pacific Corp.,p,"2,563",$908,12,https://www.builderonline.com/firms/standard-pacific-corp
2012,2011,top100,14,Taylor Morrison,,"2,327","$1,400",14,https://www.builderonline.com/firms/taylor-morrison
2012,2011,top100,15,The Villages of Lake Sumter,,"2,307",$763,16,https://www.builderonline.com/firms/the-villages-of-lake-sumter
2012,2011,top100,16,M/I Homes,p,"2,278",$566,15,https://www.builderonline.com/firms/m-i-homes
2012,2011,top100,17,David Weekley Homes,,"1,926",$624,19,https://www.builderonline.com/firms/david-weekley-homes
2012,2011,top100,18,Weyerhaeuser Real Estate Co.,p,"1,912",$838,17,https://www.builderonline.com/firms/weyerhaeuser-real-estate-co
2012,2011,top100,19,Highland Homes,,"1,673",$591,20,https://www.builderonline.com/firms/highland-homes
2012,2011,top100,20,The Related Group,,"1,662","$1,389",21,https://www.builderonline.com/firms/the-related-group
2012,2011,top100,21,Shea Homes,,"1,628",$682,18,https://www.builderonline.com/firms/shea-homes
2012,2011,top100,22,Drees Homes,,"1,462",$515,22,https://www.builderonline.com/firms/drees-homes
2012,2011,top100,23,Perry Homes,,"1,370",$381,24,https://www.builderonline.com/firms/perry-homes
2012,2011,top100,24,MHI-McGuyer Homebuilders,,"1,221",$340,28,https://www.builderonline.com/firms/mhi-mcguyer-homebuilders
2012,2011,top100,25,Ashton Woods USA,,"1,210",$325,25,https://www.builderonline.com/firms/ashton-woods-usa
2012,2011,top100,26,Long Lake Ltd.,,986,$126,N/A,https://www.builderonline.com/firms/long-lake-limited
2012,2011,top100,27,Crown Communities,,952,$199,N/A,https://www.builderonline.com/firms/crown-communities
2012,2011,top100,27,2012 Gehan Homes,,952,$196,27,https://www.builderonline.com/builder-100-listing/2012-gehan-homes/
2012,2011,top100,29,Woodside Homes,,888,$226,23,https://www.builderonline.com/firms/woodside-homes
2012,2011,top100,30,McBride & Son Cos.,,879,$226,26,https://www.builderonline.com/firms/mcbride-son-cos
2012,2011,top100,31,First Texas Homes,,878,$233,29,https://www.builderonline.com/firms/first-texas-homes
2012,2011,top100,32,Rausch Coleman Homes,,823,$117,33,https://www.builderonline.com/firms/rausch-coleman-homes
2012,2011,top100,33,GL Homes,,815,$308,30,https://www.builderonline.com/firms/gl-homes
2012,2011,top100,34,The Mungo Cos.,,764,$134,35,https://www.builderonline.com/firms/the-mungo-cos
2012,2011,top100,35,Epcon Communities Franchising,,763,$190,31,https://www.builderonline.com/firms/epcon-communities-franchising
2012,2011,top100,36,Fischer Homes,,736,$183,34,https://www.builderonline.com/firms/fischer-homes
2012,2011,top100,37,2012 DSLD,,687,$118,75,https://www.builderonline.com/builder-100-listing/2012-dsld/
2012,2011,top100,38,Breland Homes,,684,$130,N/A,https://www.builderonline.com/firms/breland-homes
2012,2011,top100,39,William Lyon Homes,,674,$239,32,https://www.builderonline.com/firms/william-lyon-homes
2012,2011,top100,40,Hayden Homes,,660,$116,39,https://www.builderonline.com/firms/hayden-homes
2012,2011,top100,41,Westport Homes,,651,$114,36,https://www.builderonline.com/firms/westport-homes
2012,2011,top100,42,Polygon Northwest Co.,,636,$152,37,https://www.builderonline.com/firms/polygon-northwest-co
2012,2011,top100,43,2012 Legend Classic Homes,,632,$121,45,https://www.builderonline.com/builder-100-listing/2012-legend-classic-homes/
2012,2011,top100,44,LGI Homes,,627,$86,58,https://www.builderonline.com/firms/lgi-homes
2012,2011,top100,45,Mattamy Homes,,616,$155,40,https://www.builderonline.com/firms/mattamy-homes
2012,2011,top100,46,NeighborWorks America,,615,$0,46,https://www.builderonline.com/firms/neighborworks-america
2012,2011,top100,47,2012 Discovery Builders/A.D. Seeno Construction,,550,$234,N/A,https://www.builderonline.com/builder-100-listing/2012-discovery-builders-a-d-seeno-construction/
2012,2011,top100,48,Orleans Homebuilders,,538,$200,62,https://www.builderonline.com/firms/orleans-homebuilders
2012,2011,top100,49,Chesmar Homes,,514,$116,79,https://www.builderonline.com/firms/chesmar-homes
2012,2011,top100,50,DRB Group,,505,$106,48,https://www.builderonline.com/firms/drb-group
2012,2011,top100,51,Ivory Homes,,486,$140,55,https://www.builderonline.com/firms/ivory-homes
2012,2011,top100,52,Dominion Homes,,478,$87,44,https://www.builderonline.com/firms/dominion-homes
2012,2011,top100,53,Caviness and Cates Communities,,474,$95,53,https://www.builderonline.com/firms/caviness-and-cates-communities
2012,2011,top100,54,The Corky McMillin Cos.,,439,$120,41,https://www.builderonline.com/firms/the-corky-mcmillin-cos
2012,2011,top100,55,True Homes USA,,438,$80,43,https://www.builderonline.com/firms/true-homes-usa
2012,2011,top100,56,United Built Homes,,436,$73,61,https://www.builderonline.com/firms/united-built-homes
2012,2011,top100,57,John Wieland Homes and Neighborhoods,,430,$208,65,https://www.builderonline.com/firms/john-wieland-homes-and-neighborhoods
2012,2011,top100,58,Armadillo Construction Co.,,419,$74,56,https://www.builderonline.com/firms/armadillo-construction-co
2012,2011,top100,59,Darling Homes,,409,$183,69,https://www.builderonline.com/firms/darling-homes
2012,2011,top100,60,Heartland Homes,,405,$138,63,https://www.builderonline.com/firms/heartland-homes
2012,2011,top100,60,H&H Homes,,405,$102,51,https://www.builderonline.com/firms/h-h-homes
2012,2011,top100,60,Home Creations,,405,$60,56,https://www.builderonline.com/firms/home-creations
2012,2011,top100,63,Stanley Martin Cos.,,402,$230,73,https://www.builderonline.com/firms/stanley-martin-cos
2012,2011,top100,64,Minto Communities,,400,$122,N/A,https://www.builderonline.com/firms/minto-communities
2012,2011,top100,65,Essex Homes Southeast,,395,$92,71,https://www.builderonline.com/firms/essex-homes-southeast
2012,2011,top100,66,Grand Homes,,386,$137,82,https://www.builderonline.com/firms/grand-homes
2012,2011,top100,67,Neal Communities,,384,$111,94,https://www.builderonline.com/firms/neal-communities
2012,2011,top100,68,Wayne Homes,,375,$77,72,https://www.builderonline.com/firms/wayne-homes
2012,2011,top100,69,ICI Homes,,372,$152,77,https://www.builderonline.com/firms/ici-homes
2012,2011,top100,69,View Homes,,372,$56,46,https://www.builderonline.com/firms/view-homes
2012,2011,top100,71,2012 HHHunt Homes,,369,$204,142,https://www.builderonline.com/builder-100-listing/2012-hhhunt-homes/
2012,2011,top100,72,Allen Edwin Homes,,368,$61,70,https://www.builderonline.com/firms/allen-edwin-homes
2012,2011,top100,73,Castlerock Communities,,359,$62,59,https://www.builderonline.com/firms/castlerock-communities
2012,2011,top100,74,Brookfield Residential Properties,p,354,$161,N/A,https://www.builderonline.com/firms/brookfield-residential-properties
2012,2011,top100,75,Fulton Homes Corp.,,343,$112,51,https://www.builderonline.com/firms/fulton-homes-corp
2012,2011,top100,76,Saratoga Homes,,339,$49,63,https://www.builderonline.com/firms/saratoga-homes
2012,2011,top100,77,Betenbough Homes,,332,$55,76,https://www.builderonline.com/firms/betenbough-homes
2012,2011,top100,78,Bloomfield Homes,,323,$67,87,https://www.builderonline.com/firms/bloomfield-homes
2012,2011,top100,79,Signature Homes,,318,$81,80,https://www.builderonline.com/firms/signature-homes
2012,2011,top100,80,CBH Homes,,316,$44,50,https://www.builderonline.com/firms/cbh-homes
2012,2011,top100,81,HistoryMaker Homes,,315,$45,74,https://www.builderonline.com/firms/historymaker-homes
2012,2011,top100,82,Tilson Homes,,303,$63,68,https://www.builderonline.com/firms/tilson-homes
2012,2011,top100,82,Bill Clark Homes,,303,$71,84,https://www.builderonline.com/firms/bill-clark-homes
2012,2011,top100,82,Grayhawk Homes,,303,$62,126,https://www.builderonline.com/firms/grayhawk-homes
2012,2011,top100,85,Ball Homes,,300,$62,60,https://www.builderonline.com/firms/ball-homes
2012,2011,top100,86,S&A Homes,,293,$79,108,https://www.builderonline.com/firms/s-a-homes
2012,2011,top100,87,Ole South Properties,,291,$50,95,https://www.builderonline.com/firms/ole-south-properties
2012,2011,top100,88,Savvy Homes,,289,$70,N/A,https://www.builderonline.com/firms/savvy-homes
2012,2011,top100,89,Peachtree Communities,,282,$51,N/A,https://www.builderonline.com/firms/peachtree-communities
2012,2011,top100,89,Ideal Homes,,282,$50,90,https://www.builderonline.com/firms/ideal-homes
2012,2011,top100,91,Westin Homes,,281,$76,107,https://www.builderonline.com/firms/westin-homes
2012,2011,top100,92,Landon Homes,,280,$81,121,https://www.builderonline.com/firms/landon-homes
2012,2011,top100,93,Lombardo Homes,,278,$84,105,https://www.builderonline.com/firms/lombardo-homes
2012,2011,top100,94,Oakwood Homes,,276,$62,77,https://www.builderonline.com/firms/oakwood-homes
2012,2011,top100,95,Van Metre Cos.,,275,$231,85,https://www.builderonline.com/firms/van-metre-cos
2012,2011,top100,96,Centerline Homes,,270,$97,67,https://www.builderonline.com/firms/centerline-homes
2012,2011,top100,97,Cheldan Homes,,263,$41,88,https://www.builderonline.com/firms/cheldan-homes
2012,2011,top100,98,Newmark Homes,,256,$78,N/A,https://www.builderonline.com/firms/newmark-homes
2012,2011,top100,99,Century Communities,,252,$74,97,https://www.builderonline.com/firms/century-communities
2012,2011,top100,100,Craftmark Group,,248,$122,92,https://www.builderonline.com/firms/craftmark-group
2012,2011,next100,101,Miller and Smith,,243,$128,96,https://www.builderonline.com/firms/miller-and-smith
2012,2011,next100,102,West Hills Development Co.,,238,$87,111,https://www.builderonline.com/firms/west-hills-development-co
2012,2011,next100,103,Buffington Homes,,235,$52,103,https://www.builderonline.com/firms/buffington-homes
2012,2011,next100,104,American Legend Homes,,234,$72,N/A,https://www.builderonline.com/firms/american-legend-homes
2012,2011,next100,104,Harmony Homes,,234,$52,N/A,https://www.builderonline.com/firms/harmony-homes
2012,2011,next100,106,Tralon Homes,,227,$51,N/A,https://www.builderonline.com/firms/tralon-homes
2012,2011,next100,107,Jagoe Homes,,225,$36,98,https://www.builderonline.com/firms/jagoe-homes
2012,2011,next100,108,The Jones Co. of Tennessee,,224,$72,99,https://www.builderonline.com/firms/the-jones-co-of-tennessee
2012,2011,next100,109,Jeff Benton Homes,,223,$65,117,https://www.builderonline.com/firms/jeff-benton-homes
2012,2011,next100,110,Simmons Homes,,216,$37,100,https://www.builderonline.com/firms/simmons-homes
2012,2011,next100,111,Royal Oaks Building Group,,215,$46,N/A,https://www.builderonline.com/firms/royal-oaks-building-group
2012,2011,next100,112,Goodall Homes,,207,$44,129,https://www.builderonline.com/firms/goodall-homes
2012,2011,next100,112,ForeverHome,,207,$57,106,https://www.builderonline.com/firms/foreverhome
2012,2011,next100,114,William Ryan Homes/Ryan Building Group,,206,$59,121,https://www.builderonline.com/firms/william-ryan-homes-ryan-building-group
2012,2011,next100,115,Keystone Custom Homes,,204,$57,102,https://www.builderonline.com/firms/keystone-custom-homes
2012,2011,next100,115,Quality Built Homes,,204,$86,113,https://www.builderonline.com/firms/quality-built-homes
2012,2011,next100,117,Partners in Building,,202,$127,N/A,https://www.builderonline.com/firms/partners-in-building
2012,2011,next100,118,Wade Jurney Homes,,201,$25,114,https://www.builderonline.com/firms/wade-jurney-homes
2012,2011,next100,119,Beechwood Homes,,200,$115,127,https://www.builderonline.com/firms/beechwood-homes
2012,2011,next100,119,Regent Homes,,200,$29,N/A,https://www.builderonline.com/firms/regent-homes
2012,2011,next100,119,Eastbrook Homes,,200,$47,N/A,https://www.builderonline.com/firms/eastbrook-homes
2012,2011,next100,122,Stone Martin Builders,,196,$45,N/A,https://www.builderonline.com/firms/stone-martin-builders
2012,2011,next100,123,Park Square Homes,,190,$34,123,https://www.builderonline.com/firms/park-square-homes
2012,2011,next100,124,Regency Homebuilders,,186,$37,N/A,https://www.builderonline.com/firms/regency-homebuilders
2012,2011,next100,125,Tropicana Homes,,180,$60,N/A,https://www.builderonline.com/firms/tropicana-homes
2012,2011,next100,125,Camwest Development,,180,$90,N/A,https://www.builderonline.com/firms/camwest-development
2012,2011,next100,125,Granite Ridge Builders,,180,$29,89,https://www.builderonline.com/firms/granite-ridge-builders
2012,2011,next100,128,EYA,,179,$124,137,https://www.builderonline.com/firms/eya
2012,2011,next100,129,Highland Homes of Florida,,177,$36,100,https://www.builderonline.com/firms/highland-homes_1
2012,2011,next100,129,Wathen Castanos Homes,,177,$31,120,https://www.builderonline.com/firms/wathen-castanos-homes
2012,2011,next100,131,Skogman Homes,,175,$40,N/A,https://www.builderonline.com/firms/skogman-homes
2012,2011,next100,132,AV Homes (formerly Avatar Holdings),p,174,$88,125,https://www.builderonline.com/firms/av-homes-formerly-avatar-holdings
2012,2011,next100,133,Southern Homes of Polk County,,171,$25,N/A,https://www.builderonline.com/firms/southern-homes-of-polk-county
2012,2011,next100,133,Shugart Enterprises,,171,$27,110,https://www.builderonline.com/firms/shugart-enterprises
2012,2011,next100,135,Eagle Construction of Virginia,,170,$59,146,https://www.builderonline.com/firms/eagle-construction-of-virginia
2012,2011,next100,135,Zia Homes,,170,$22,N/A,https://www.builderonline.com/firms/zia-homes
2012,2011,next100,137,American West Homebuilding Group,,165,$53,38,https://www.builderonline.com/firms/american-west-homebuilding-group
2012,2011,next100,138,Elite Properties of America,,163,$59,N/A,https://www.builderonline.com/firms/elite-properties-of-america
2012,2011,next100,139,Hills Properties/Inverness Homes,,159,$116,114,https://www.builderonline.com/firms/hills-properties-inverness-homes
2012,2011,next100,140,Gentry Homes,,157,$78,93,https://www.builderonline.com/firms/gentry-homes
2012,2011,next100,141,John Mourier Construction,,155,$54,146,https://www.builderonline.com/firms/john-mourier-construction
2012,2011,next100,142,Traditions of America,,152,$53,N/A,https://www.builderonline.com/firms/traditions-of-america
2012,2011,next100,142,A. Sydes Construction,,152,$24,N/A,https://www.builderonline.com/firms/a-sydes-construction
2012,2011,next100,144,WCI Communities,,149,$158,104,https://www.builderonline.com/firms/wci-communities
2012,2011,next100,145,Traton Homes,,147,$58,131,https://www.builderonline.com/firms/traton-homes
2012,2011,next100,145,Sumeer Homes,,147,$39,134,https://www.builderonline.com/firms/sumeer-homes
2012,2011,next100,145,Charter Homes & Neighborhoods,,147,$52,150,https://www.builderonline.com/firms/charter-homes-neighborhoods
2012,2011,next100,148,AR Homes,,145,$82,165,https://www.builderonline.com/firms/ar-homes
2012,2011,next100,149,Scott Felder Homes,,142,$44,139,https://www.builderonline.com/firms/scott-felder-homes
2012,2011,next100,150,New Tradition Homes,,141,$39,N/A,https://www.builderonline.com/firms/new-tradition-homes_1
2012,2011,next100,151,Wynn Construction,,139,$25,171,https://www.builderonline.com/firms/wynn-construction
2012,2011,next100,152,Chesapeake Homes,,138,$41,143,https://www.builderonline.com/firms/chesapeake-homes
2012,2011,next100,153,Schell Brothers,,136,$52,148,https://www.builderonline.com/firms/schell-brothers
2012,2011,next100,154,The Olson Co.,,135,$46,112,https://www.builderonline.com/firms/the-olson-co
2012,2011,next100,155,Saussy Burbank,,132,$40,N/A,https://www.builderonline.com/firms/saussy-burbank
2012,2011,next100,156,Cornell Homes,,131,$36,151,https://www.builderonline.com/firms/cornell-homes
2012,2011,next100,157,Main Street Homes,,127,$47,170,https://www.builderonline.com/firms/main-street-homes
2012,2011,next100,158,StyleCraft Homes,,126,$35,169,https://www.builderonline.com/firms/stylecraft-homes
2012,2011,next100,158,Sares-Regis Group,,126,$42,109,https://www.builderonline.com/firms/sares-regis-group
2012,2011,next100,160,Elliott Homes,,125,$47,119,https://www.builderonline.com/firms/elliott-homes
2012,2011,next100,161,Grand View Builders,,121,$20,180,https://www.builderonline.com/firms/grand-view-builders
2012,2011,next100,162,Gateway Homes,,115,$15,128,https://www.builderonline.com/firms/gateway-homes
2012,2011,next100,163,James Engle Custom Homes,,114,$39,191,https://www.builderonline.com/firms/james-engle-custom-homes
2012,2011,next100,164,4Corners Construction,,113,$30,187,https://www.builderonline.com/firms/4corners-construction
2012,2011,next100,164,Capital Pacific Homes,,113,$43,162,https://www.builderonline.com/firms/capital-pacific-homes
2012,2011,next100,166,Marrano Homes/Marc Equity Corp.,,112,$39,144,https://www.builderonline.com/firms/marrano-homes-marc-equity-corp
2012,2011,next100,167,Baldwin & Sons,,110,$35,N/A,https://www.builderonline.com/firms/baldwin-sons
2012,2011,next100,168,Keystone Group,,108,$18,167,https://www.builderonline.com/firms/keystone-group
2012,2011,next100,168,Jimmy Jacobs Custom Homes,,108,$42,N/A,https://www.builderonline.com/firms/jimmy-jacobs-custom-homes
2012,2011,next100,168,Bonterra Builders,,108,$29,N/A,https://www.builderonline.com/firms/bonterra-builders
2012,2011,next100,171,The Providence Group of Georgia,,106,$29,N/A,https://www.builderonline.com/firms/the-providence-group-of-georgia
2012,2011,next100,171,Alabama Heritage Homes,,106,$31,N/A,https://www.builderonline.com/firms/alabama-heritage-homes
2012,2011,next100,173,Tri Pointe Homes,,104,$69,N/A,https://www.builderonline.com/firms/tri-pointe-homes
2012,2011,next100,173,Heritage Building Group,,104,$62,134,https://www.builderonline.com/firms/heritage-building-group
2012,2011,next100,175,City Ventures,,103,$52,N/A,https://www.builderonline.com/firms/city-ventures
2012,2011,next100,176,Tempest Homes,,149,$17,134,https://www.builderonline.com/firms/tempest-homes
2012,2011,next100,177,Payne Family Homes,,101,$26,188,https://www.builderonline.com/firms/payne-family-homes
2012,2011,next100,177,Royal Dominion Homes,,101,$32,N/A,https://www.builderonline.com/firms/royal-dominion-homes
2012,2011,next100,177,Capstone Homes (formerly Minks Custom Homes),,119,$30,160,https://www.builderonline.com/firms/capstone-homes-formerly-minks-custom-homes
2012,2011,next100,177,Ence Homes,,101,$24,179,https://www.builderonline.com/firms/ence-homes
2012,2011,next100,181,Pacesetter Homes,,100,$16,156,https://www.builderonline.com/firms/pacesetter-homes
2012,2011,next100,182,Providence Homes,,99,$29,133,https://www.builderonline.com/firms/providence-homes
2012,2011,next100,182,MBK Homes,,99,$58,132,https://www.builderonline.com/firms/mbk-homes
2012,2011,next100,182,T. W. Lewis,,99,$41,165,https://www.builderonline.com/firms/t-w-lewis
2012,2011,next100,182,The Warmington Group,,99,$60,172,https://www.builderonline.com/firms/the-warmington-group
2012,2011,next100,186,Onyx Homes,,97,$17,188,https://www.builderonline.com/firms/onyx-homes
2012,2011,next100,186,Vintage Homes,,97,$15,176,https://www.builderonline.com/firms/vintage-homes
2012,2011,next100,188,New Home Co.,,96,$98,N/A,https://www.builderonline.com/firms/new-home-co
2012,2011,next100,189,Sitterle Homes,,95,$42,159,https://www.builderonline.com/firms/sitterle-homes
2012,2011,next100,189,The McCaffrey Group,,95,$27,172,https://www.builderonline.com/firms/the-mccaffrey-group
2012,2011,next100,191,Pratt Home Builders,,94,$27,178,https://www.builderonline.com/firms/pratt-home-builders
2012,2011,next100,192,G.J. Gardner Homes,,92,$50,N/A,https://www.builderonline.com/firms/gj-gardner-homes
2012,2011,next100,193,Village Communities,,91,$39,N/A,https://www.builderonline.com/firms/village-communities
2012,2011,next100,194,Pinnacle Homes Michigan,,89,$31,N/A,https://www.builderonline.com/firms/pinnacle-homes-michigan
2012,2011,next100,194,Woodland Homes of Huntsville,,89,$36,153,https://www.builderonline.com/firms/woodland-homes-of-huntsville
2012,2011,next100,196,American Properties Realty,,88,$37,155,https://www.builderonline.com/firms/american-properties-realty
2012,2011,next100,197,Shaddock Homes,,85,$39,185,https://www.builderonline.com/firms/shaddock-homes
2012,2011,next100,198,Rodrock Homes,,84,$28,193,https://www.builderonline.com/firms/rodrock-homes
2012,2011,next100,198,Capital Homes Residential Group,,84,$13,181,https://www.builderonline.com/firms/capital-homes-residential-group
2012,2011,next100,200,Kendall Homes,,80,$14,181,https://www.builderonline.com/firms/kendall-homes
2013,2012,top100,1,D.R. Horton,p,"19,954","$4,722",1,https://www.builderonline.com/firms/dr-horton
2013,2012,top100,2,PulteGroup,p,"16,505","$4,820",2,https://www.builderonline.com/firms/pultegroup
2013,2012,top100,3,Lennar Corp.,p,"13,802","$4,105",3,https://www.builderonline.com/firms/lennar-corp
2013,2012,top100,4,NVR,p,"9,843","$3,193",4,https://www.builderonline.com/firms/nvr
2013,2012,top100,5,KB Home,p,"6,282","$1,560",5,https://www.builderonline.com/firms/kb-home
2013,2012,top100,6,Hovnanian Enterprises,p,"5,356","$1,806",7,https://www.builderonline.com/firms/hovnanian-enterprises
2013,2012,top100,7,The Ryland Group,p,"4,809","$1,308",8,https://www.builderonline.com/firms/the-ryland-group
2013,2012,top100,8,Beazer Homes,p,"4,428","$1,006",9,https://www.builderonline.com/firms/beazer-homes-usa
2013,2012,top100,9,Meritage Homes Corp.,p,"4,238","$1,194",10,https://www.builderonline.com/firms/meritage-homes-corp
2013,2012,top100,10,Habitat for Humanity International,,"3,766","$1,500",6,https://www.builderonline.com/firms/habitat-for-humanity-international
2013,2012,top100,11,M.D.C. Holdings,p,"3,740","$1,203",11,https://www.builderonline.com/firms/mdc-holdings
2013,2012,top100,12,Standard Pacific Corp.,p,"3,329","$1,275",13,https://www.builderonline.com/firms/standard-pacific-corp
2013,2012,top100,13,Toll Brothers,p,"3,286","$1,883",12,https://www.builderonline.com/firms/toll-brothers
2013,2012,top100,14,Taylor Morrison,,"2,933","$1,400",14,https://www.builderonline.com/firms/taylor-morrison
2013,2012,top100,15,The Villages of Lake Sumter,,"2,850",$922,15,https://www.builderonline.com/firms/the-villages-of-lake-sumter
2013,2012,top100,16,M/I Homes,p,"2,765",$761,16,https://www.builderonline.com/firms/m-i-homes
2013,2012,top100,17,David Weekley Homes,,"2,476",$861,17,https://www.builderonline.com/firms/david-weekley-homes
2013,2012,top100,18,Weyerhaeuser Real Estate Co.,p,"2,314","$1,070",18,https://www.builderonline.com/firms/weyerhaeuser-real-estate-co
2013,2012,top100,19,Shea Homes,,"1,921",$814,21,https://www.builderonline.com/firms/shea-homes
2013,2012,top100,20,Ashton Woods USA,,"1,802",$537,25,https://www.builderonline.com/firms/ashton-woods-usa
2013,2012,top100,21,Highland Homes,,"1,741",$626,19,https://www.builderonline.com/firms/highland-homes
2013,2012,top100,22,Perry Homes,,"1,608",$485,23,https://www.builderonline.com/firms/perry-homes
2013,2012,top100,23,Drees Homes,,"1,464",$539,22,https://www.builderonline.com/firms/drees-homes
2013,2012,top100,24,MHI-McGuyer Homebuilders,,"1,461",$428,24,https://www.builderonline.com/firms/mhi-mcguyer-homebuilders
2013,2012,top100,25,The Related Group,,"1,344","$1,022",20,https://www.builderonline.com/firms/the-related-group
2013,2012,top100,26,Woodside Homes,,"1,300",$329,29,https://www.builderonline.com/firms/woodside-homes
2013,2012,top100,27,Crown Communities,,"1,262",$280,27,https://www.builderonline.com/firms/crown-communities
2013,2012,top100,28,Long Lake Ltd.,,"1,239",$170,26,https://www.builderonline.com/firms/long-lake-limited
2013,2012,top100,29,2013 DSLD,,"1,102",$197,37,https://www.builderonline.com/builder-100-listing/2013-dsld/
2013,2012,top100,30,2013 Gehan Homes,,"1,084",$246,27,https://www.builderonline.com/builder-100-listing/2013-gehan-homes/
2013,2012,top100,31,First Texas Homes,,"1,077",$294,31,https://www.builderonline.com/firms/first-texas-homes
2013,2012,top100,32,LGI Homes,,"1,062",$150,44,https://www.builderonline.com/firms/lgi-homes
2013,2012,top100,33,William Lyon Homes,,950,$373,39,https://www.builderonline.com/firms/william-lyon-homes
2013,2012,top100,34,Rausch Coleman Homes,,948,$140,32,https://www.builderonline.com/firms/rausch-coleman-homes
2013,2012,top100,35,Mattamy Homes,,911,$205,45,https://www.builderonline.com/firms/mattamy-homes
2013,2012,top100,36,Epcon Communities Franchising,,902,$235,35,https://www.builderonline.com/firms/epcon-communities-franchising
2013,2012,top100,37,Mungo Homes,,889,$169,34,https://www.builderonline.com/firms/mungo-homes
2013,2012,top100,38,2013 Legend Classic Homes,,876,$155,43,https://www.builderonline.com/builder-100-listing/2013-legend-classic-homes/
2013,2012,top100,39,GL Homes,,849,$317,33,https://www.builderonline.com/firms/gl-homes
2013,2012,top100,40,Polygon Northwest Co.,,832,$232,42,https://www.builderonline.com/firms/polygon-northwest-co
2013,2012,top100,41,Fischer Homes,,827,$219,36,https://www.builderonline.com/firms/fischer-homes
2013,2012,top100,42,Hayden Homes,,785,$0,40,https://www.builderonline.com/firms/hayden-homes
2013,2012,top100,43,McBride & Son Cos.,,758,$201,30,https://www.builderonline.com/firms/mcbride-son-cos
2013,2012,top100,44,DRB Group,,731,$153,50,https://www.builderonline.com/firms/drb-group
2013,2012,top100,45,Castlerock Communities,,682,$120,73,https://www.builderonline.com/firms/castlerock-communities
2013,2012,top100,46,Westport Homes,,649,$151,41,https://www.builderonline.com/firms/westport-homes
2013,2012,top100,47,True Homes USA,,620,$117,55,https://www.builderonline.com/firms/true-homes-usa
2013,2012,top100,48,Dominion Homes,,611,$111,52,https://www.builderonline.com/firms/dominion-homes
2013,2012,top100,49,NeighborWorks America,,608,$0,46,https://www.builderonline.com/firms/neighborworks-america
2013,2012,top100,50,Tralon Homes,,605,$147,106,https://www.builderonline.com/firms/tralon-homes
2013,2012,top100,51,Chesmar Homes,,603,$147,49,https://www.builderonline.com/firms/chesmar-homes
2013,2012,top100,52,Ivory Homes,,559,$170,51,https://www.builderonline.com/firms/ivory-homes
2013,2012,top100,53,CBH Homes,,548,$85,80,https://www.builderonline.com/firms/cbh-homes
2013,2012,top100,54,Orleans Homebuilders,,540,$192,48,https://www.builderonline.com/firms/orleans-homebuilders
2013,2012,top100,55,Brookfield Residential Properties,p,533,"$1,340",74,https://www.builderonline.com/firms/brookfield-residential-properties
2013,2012,top100,56,Corky McMillin Cos.,,529,$122,54,https://www.builderonline.com/firms/corky-mcmillin-cos
2013,2012,top100,56,2013 Discovery Builders/A.D. Seeno Construction,,529,$269,47,https://www.builderonline.com/builder-100-listing/2013-discovery-builders-a-d-seeno-construction/
2013,2012,top100,58,Fulton Homes Corp.,,516,$158,75,https://www.builderonline.com/firms/fulton-homes-corp
2013,2012,top100,59,Peachtree Communities,,503,$98,89,https://www.builderonline.com/firms/peachtree-communities
2013,2012,top100,60,Armadillo Construction Co.,,500,$96,58,https://www.builderonline.com/firms/armadillo-construction-co
2013,2012,top100,61,Caviness and Cates Communities,,493,$99,53,https://www.builderonline.com/firms/caviness-and-cates-communities
2013,2012,top100,62,Allen Edwin Homes,,491,$91,72,https://www.builderonline.com/firms/allen-edwin-homes
2013,2012,top100,63,Wayne Homes,,490,$103,68,https://www.builderonline.com/firms/wayne-homes
2013,2012,top100,64,Neal Communities,,487,$143,67,https://www.builderonline.com/firms/neal-communities
2013,2012,top100,65,United Built Homes,,477,$78,56,https://www.builderonline.com/firms/united-built-homes
2013,2012,top100,66,Betenbough Homes,,469,$80,77,https://www.builderonline.com/firms/betenbough-homes
2013,2012,top100,67,Harmony Homes,,466,$106,N/A,https://www.builderonline.com/firms/harmony-homes
2013,2012,top100,68,Minto Communities,,465,$0,64,https://www.builderonline.com/firms/minto-communities
2013,2012,top100,69,Lombardo Homes,,460,$148,93,https://www.builderonline.com/firms/lombardo-homes
2013,2012,top100,70,2013 HHHunt Homes,,455,$243,71,https://www.builderonline.com/builder-100-listing/2013-hhhunt-homes/
2013,2012,top100,71,H&H Homes,,450,$89,60,https://www.builderonline.com/firms/h-h-homes
2013,2012,top100,72,Home Creations,,437,$76,60,https://www.builderonline.com/firms/home-creations
2013,2012,top100,73,View Homes,,434,$73,69,https://www.builderonline.com/firms/view-homes
2013,2012,top100,74,HistoryMaker Homes,,428,$66,81,https://www.builderonline.com/firms/historymaker-homes
2013,2012,top100,75,Stanley Martin Cos.,,425,$258,63,https://www.builderonline.com/firms/stanley-martin-cos
2013,2012,top100,76,Essex Homes Southeast,,420,$101,65,https://www.builderonline.com/firms/essex-homes-southeast
2013,2012,top100,77,Signature Homes,,415,$124,79,https://www.builderonline.com/firms/signature-homes
2013,2012,top100,78,Westin Homes,,409,$111,91,https://www.builderonline.com/firms/westin-homes
2013,2012,top100,79,Bloomfield Homes,,402,$89,78,https://www.builderonline.com/firms/bloomfield-homes
2013,2012,top100,80,Bill Clark Homes,,401,$99,82,https://www.builderonline.com/firms/bill-clark-homes
2013,2012,top100,81,Carefree Homes,,400,$69,N/A,https://www.builderonline.com/firms/carefree-homes
2013,2012,top100,82,Ball Homes,,389,$87,85,https://www.builderonline.com/firms/ball-homes
2013,2012,top100,83,John Wieland Homes and Neighborhoods,,386,$177,57,https://www.builderonline.com/firms/john-wieland-homes-and-neighborhoods
2013,2012,top100,84,American Legend Homes,,385,$132,104,https://www.builderonline.com/firms/american-legend-homes
2013,2012,top100,85,Newmark Homes,,379,$112,98,https://www.builderonline.com/firms/newmark-homes
2013,2012,top100,86,Van Metre Cos.,,368,$266,95,https://www.builderonline.com/firms/van-metre-cos
2013,2012,top100,87,Savvy Homes,,365,$90,88,https://www.builderonline.com/firms/savvy-homes
2013,2012,top100,88,WCI Communities,,360,$243,144,https://www.builderonline.com/firms/wci-communities
2013,2012,top100,89,Stock Development,,357,$280,N/A,https://www.builderonline.com/firms/stock-development
2013,2012,top100,90,Ole South Properties,,356,$65,87,https://www.builderonline.com/firms/ole-south-properties
2013,2012,top100,91,LeCesse Development Corp.,,355,$129,N/A,https://www.builderonline.com/firms/lecesse-development-corp
2013,2012,top100,91,Saratoga Homes,,355,$69,76,https://www.builderonline.com/firms/saratoga-homes
2013,2012,top100,93,Oakwood Homes,,352,$90,94,https://www.builderonline.com/firms/oakwood-homes
2013,2012,top100,94,ICI Homes,,347,$161,69,https://www.builderonline.com/firms/ici-homes
2013,2012,top100,95,Tilson Homes,,344,$67,82,https://www.builderonline.com/firms/tilson-homes
2013,2012,top100,96,Century Communities,,337,$115,99,https://www.builderonline.com/firms/century-communities
2013,2012,top100,97,S&A Homes,,336,$76,86,https://www.builderonline.com/firms/s-a-homes
2013,2012,top100,98,Edge Homes,,335,$70,N/A,https://www.builderonline.com/firms/edge-homes
2013,2012,top100,99,Miller and Smith,,323,$171,101,https://www.builderonline.com/firms/miller-and-smith
2013,2012,top100,100,Grand Homes,,319,$125,66,https://www.builderonline.com/firms/grand-homes
2013,2012,next100,101,Regent Homes,,314,$44,119,https://www.builderonline.com/firms/regent-homes
2013,2012,next100,102,AV Homes,,306,$106,132,https://www.builderonline.com/firms/av-homes
2013,2012,next100,102,Ideal Homes,,306,$55,89,https://www.builderonline.com/firms/ideal-homes
2013,2012,next100,104,Cheldan Homes,,295,$50,97,https://www.builderonline.com/firms/cheldan-homes
2013,2012,next100,105,ForeverHome,,291,$76,112,https://www.builderonline.com/firms/foreverhome
2013,2012,next100,106,Landon Homes,,288,$102,92,https://www.builderonline.com/firms/landon-homes
2013,2012,next100,107,Granite Ridge Builders,,276,$43,125,https://www.builderonline.com/firms/granite-ridge-builders
2013,2012,next100,107,Keystone Custom Homes,,276,$76,115,https://www.builderonline.com/firms/keystone-custom-homes
2013,2012,next100,109,The Jones Co. of Tennessee,,269,$85,108,https://www.builderonline.com/firms/the-jones-co-of-tennessee
2013,2012,next100,110,Royal Oaks Building Group,,268,$61,111,https://www.builderonline.com/firms/royal-oaks-building-group
2013,2012,next100,111,Simmons Homes,,262,$45,110,https://www.builderonline.com/firms/simmons-homes
2013,2012,next100,112,Centerline Homes,,258,$101,96,https://www.builderonline.com/firms/centerline-homes
2013,2012,next100,112,Goodall Homes,,258,$61,112,https://www.builderonline.com/firms/goodall-homes
2013,2012,next100,114,Stone Martin Builders,,246,$60,122,https://www.builderonline.com/firms/stone-martin-builders
2013,2012,next100,115,Eastbrook Homes,,245,$62,119,https://www.builderonline.com/firms/eastbrook-homes
2013,2012,next100,116,Grayhawk Homes,,241,$49,82,https://www.builderonline.com/firms/grayhawk-homes
2013,2012,next100,116,Elliott Homes,,241,$72,160,https://www.builderonline.com/firms/elliott-homes
2013,2012,next100,118,John Mourier Construction,,235,$85,141,https://www.builderonline.com/firms/john-mourier-construction
2013,2012,next100,119,West Hills Development Co.,,234,$85,102,https://www.builderonline.com/firms/west-hills-development-co
2013,2012,next100,120,Craftmark Group,,231,$120,100,https://www.builderonline.com/firms/craftmark-group
2013,2012,next100,120,Highland Homes of Florida,,231,$41,129,https://www.builderonline.com/firms/highland-homes_1
2013,2012,next100,122,Lionsgate Homes / BBL Interest,,230,$65,N/A,https://www.builderonline.com/firms/lionsgate-homes-bbl-interest
2013,2012,next100,123,The Providence Group of Georgia,,226,$57,171,https://www.builderonline.com/firms/the-providence-group-of-georgia
2013,2012,next100,124,Elite Properties of America,,225,$95,138,https://www.builderonline.com/firms/elite-properties-of-america
2013,2012,next100,125,Anglia Homes,,216,$33,N/A,https://www.builderonline.com/firms/anglia-homes
2013,2012,next100,125,Wathen Castanos Homes,,216,$45,129,https://www.builderonline.com/firms/wathen-castanos-homes
2013,2012,next100,127,Regency Homebuilders,,213,$47,124,https://www.builderonline.com/firms/regency-homebuilders
2013,2012,next100,128,Jeff Benton Homes,,208,$62,109,https://www.builderonline.com/firms/jeff-benton-homes
2013,2012,next100,129,Tropicana Homes,,207,$36,125,https://www.builderonline.com/firms/tropicana-homes
2013,2012,next100,130,Traton Homes,,206,$76,145,https://www.builderonline.com/firms/traton-homes
2013,2012,next100,131,EYA,,205,$140,128,https://www.builderonline.com/firms/eya
2013,2012,next100,132,William Ryan Homes,,204,$61,114,https://www.builderonline.com/firms/william-ryan-homes
2013,2012,next100,133,Partners in Building,,200,$136,117,https://www.builderonline.com/firms/partners-in-building
2013,2012,next100,134,Buffington Homes,,199,$49,103,https://www.builderonline.com/firms/buffington-homes
2013,2012,next100,135,The Warmington Group,,198,$117,182,https://www.builderonline.com/firms/the-warmington-group
2013,2012,next100,136,A. Sydes Construction,,194,$34,142,https://www.builderonline.com/firms/a-sydes-construction
2013,2012,next100,137,Charter Homes & Neighborhoods,,185,$77,145,https://www.builderonline.com/firms/charter-homes-neighborhoods
2013,2012,next100,138,Traditions of America,,182,$64,142,https://www.builderonline.com/firms/traditions-of-america
2013,2012,next100,139,Cornell Homes,,180,$55,156,https://www.builderonline.com/firms/cornell-homes
2013,2012,next100,139,Wade Jurney Homes,,180,$23,118,https://www.builderonline.com/firms/wade-jurney-homes
2013,2012,next100,141,Sumeer Homes,,178,$48,145,https://www.builderonline.com/firms/sumeer-homes
2013,2012,next100,142,Main Street Homes,,176,$67,157,https://www.builderonline.com/firms/main-street-homes
2013,2012,next100,143,Eagle Construction of Virginia,,175,$67,135,https://www.builderonline.com/firms/eagle-construction-of-virginia
2013,2012,next100,144,AR Homes,,174,$100,148,https://www.builderonline.com/firms/ar-homes
2013,2012,next100,145,Hills Properties/Inverness Homes,,168,$55,139,https://www.builderonline.com/firms/hills-properties-inverness-homes
2013,2012,next100,145,Schell Brothers,,172,$76,153,https://www.builderonline.com/firms/schell-brothers
2013,2012,next100,146,Medallion Homes Gulf Coast,,165,$57,N/A,https://www.builderonline.com/firms/medallion-homes-gulf-coast
2013,2012,next100,147,Wynn Construction,,162,$32,151,https://www.builderonline.com/firms/wynn-construction
2013,2012,next100,148,Gentry Homes,,157,$77,140,https://www.builderonline.com/firms/gentry-homes
2013,2012,next100,149,Pacesetter Homes,,156,$25,181,https://www.builderonline.com/firms/pacesetter-homes
2013,2012,next100,150,James Engle Custom Homes,,154,$61,163,https://www.builderonline.com/firms/james-engle-custom-homes
2013,2012,next100,151,Saussy Burbank,,150,$50,155,https://www.builderonline.com/firms/saussy-burbank
2013,2012,next100,152,Bonterra Builders,,148,$44,168,https://www.builderonline.com/firms/bonterra-builders
2013,2012,next100,152,Coleman Homes,,148,$31,N/A,https://www.builderonline.com/firms/coleman-homes
2013,2012,next100,154,Legacy Homes,,145,$0,N/A,https://www.builderonline.com/firms/legacy-homes
2013,2012,next100,154,New Home Co.,,145,$176,188,https://www.builderonline.com/firms/new-home-co
2013,2012,next100,156,Gateway Homes,,144,$21,162,https://www.builderonline.com/firms/gateway-homes
2013,2012,next100,156,Tri Pointe Homes,,144,$69,173,https://www.builderonline.com/firms/tri-pointe-homes
2013,2012,next100,156,Jimmy Jacobs Custom Homes,,144,$57,168,https://www.builderonline.com/firms/jimmy-jacobs-custom-homes
2013,2012,next100,159,Citizens Homes,,142,$29,N/A,https://www.builderonline.com/firms/citizens-homes
2013,2012,next100,160,G.J. Gardner Homes,,140,$553,192,https://www.builderonline.com/firms/gj-gardner-homes
2013,2012,next100,161,Holmes Homes,,132,$33,N/A,https://www.builderonline.com/firms/holmes-homes
2013,2012,next100,162,Silicon Valley Homes,,130,$60,N/A,https://www.builderonline.com/firms/silicon-valley-homes
2013,2012,next100,163,Payne Family Homes,,129,$35,177,https://www.builderonline.com/firms/payne-family-homes
2013,2012,next100,164,Keystone Group,,126,$22,168,https://www.builderonline.com/firms/keystone-group
2013,2012,next100,165,The Bozzuto Group,,124,"$1,153",N/A,https://www.builderonline.com/firms/the-bozzuto-group
2013,2012,next100,165,Tim O’Brien Homes,,124,$36,N/A,https://www.builderonline.com/firms/tim-obrien-homes
2013,2012,next100,165,Providence Homes,,124,$35,182,https://www.builderonline.com/firms/providence-homes
2013,2012,next100,168,Capstone Homes,,122,$38,177,https://www.builderonline.com/firms/capstone-homes
2013,2012,next100,168,Home South Communities,,122,$44,N/A,https://www.builderonline.com/firms/home-south-communities
2013,2012,next100,170,Ence Homes,,121,$30,177,https://www.builderonline.com/firms/ence-homes
2013,2012,next100,171,Keyland Homes,,120,$37,N/A,https://www.builderonline.com/firms/keyland-homes
2013,2012,next100,171,Stoneridge Homes,,120,$335,N/A,https://www.builderonline.com/firms/stoneridge-homes
2013,2012,next100,171,Pinnacle Homes,,120,$39,194,https://www.builderonline.com/firms/pinnacle-homes
2013,2012,next100,174,Grand View Builders,,119,$23,161,https://www.builderonline.com/firms/grand-view-builders
2013,2012,next100,175,The Olson Co.,,113,$47,154,https://www.builderonline.com/firms/the-olson-co
2013,2012,next100,176,Onyx Homes,,112,$26,186,https://www.builderonline.com/firms/onyx-homes
2013,2012,next100,176,Summit Custom Homes,,112,$36,N/A,https://www.builderonline.com/firms/summit-custom-homes
2013,2012,next100,176,Tempest Homes,,112,$19,176,https://www.builderonline.com/firms/tempest-homes
2013,2012,next100,179,Marrano Homes/Marc Equity Corp.,,107,$33,166,https://www.builderonline.com/firms/marrano-homes-marc-equity-corp
2013,2012,next100,180,StyleCraft Homes,,104,$33,158,https://www.builderonline.com/firms/stylecraft-homes
2013,2012,next100,181,Sabal Homes,,103,$23,N/A,https://www.builderonline.com/firms/sabal-homes
2013,2012,next100,182,Woodland Homes of Huntsville,,102,$34,194,https://www.builderonline.com/firms/woodland-homes-of-huntsville
2013,2012,next100,182,Pratt Home Builders,,102,$30,191,https://www.builderonline.com/firms/pratt-home-builders
2013,2012,next100,182,Royal Dominion Homes,,102,$30,177,https://www.builderonline.com/firms/royal-dominion-homes
2013,2012,next100,185,Devon Street Homes,,100,$15,N/A,https://www.builderonline.com/firms/devon-street-homes
2013,2012,next100,186,Centerra Homes,,99,$27,N/A,https://www.builderonline.com/firms/centerra-homes
2013,2012,next100,186,Royal Oak Homes,,99,$19,N/A,https://www.builderonline.com/firms/royal-oak-homes
2013,2012,next100,188,Windsor Homes,,94,$28,N/A,https://www.builderonline.com/firms/windsor-homes
2013,2012,next100,188,Sares-Regis Group,,94,$513,158,https://www.builderonline.com/firms/sares-regis-group
2013,2012,next100,190,Streetman Homes,,92,$26,N/A,https://www.builderonline.com/firms/streetman-homes
2013,2012,next100,191,Homes By Dickerson,,91,$43,N/A,https://www.builderonline.com/firms/homes-by-dickerson
2013,2012,next100,192,T.H. Properties,,89,$20,N/A,https://www.builderonline.com/firms/t-h-properties
2013,2012,next100,193,Hanson Builders,,86,$47,N/A,https://www.builderonline.com/firms/hanson-builders
2013,2012,next100,193,Manuel Builders,,86,$15,N/A,https://www.builderonline.com/firms/manuel-builders
2013,2012,next100,193,Permian Homes,,86,$16,N/A,https://www.builderonline.com/firms/permian-homes
2013,2012,next100,196,Heritage Building Group,,84,$51,173,https://www.builderonline.com/firms/heritage-building-group
2013,2012,next100,197,Newcastle Construction,,83,$19,N/A,https://www.builderonline.com/firms/newcastle-construction
2013,2012,next100,198,Crabbe Construction,,82,$21,N/A,https://www.builderonline.com/firms/crabbe-construction
2013,2012,next100,199,Imagine Homes,,80,$24,N/A,https://www.builderonline.com/firms/imagine-homes
2014,2013,top100,1,D.R. Horton,p,"25,161","$6,655",1,https://www.builderonline.com/firms/dr-horton
2014,2013,top100,2,Lennar Corp.,p,"18,290","$5,935",3,https://www.builderonline.com/firms/lennar-corp
2014,2013,top100,3,PulteGroup,p,"17,766","$5,680",2,https://www.builderonline.com/firms/pultegroup
2014,2013,top100,4,NVR,p,"11,834","$4,211",4,https://www.builderonline.com/firms/nvr
2014,2013,top100,5,KB Home,p,"7,145","$2,097",5,https://www.builderonline.com/firms/kb-home
2014,2013,top100,6,The Ryland Group,p,"7,027","$2,141",7,https://www.builderonline.com/firms/the-ryland-group
2014,2013,top100,7,Hovnanian Enterprises,p,"5,927","$2,157",6,https://www.builderonline.com/firms/hovnanian-enterprises
2014,2013,top100,8,Taylor Morrison,p,"5,829","$2,323",14,https://www.builderonline.com/firms/taylor-morrison
2014,2013,top100,9,Meritage Homes Corp.,p,"5,259","$1,834",9,https://www.builderonline.com/firms/meritage-homes-corp
2014,2013,top100,10,Beazer Homes,p,"5,056","$1,334",8,https://www.builderonline.com/firms/beazer-homes-usa
2014,2013,top100,11,M.D.C. Holdings,p,"4,710","$1,680",11,https://www.builderonline.com/firms/mdc-holdings
2014,2013,top100,12,Standard Pacific Corp.,p,"4,627","$1,952",12,https://www.builderonline.com/firms/standard-pacific-corp
2014,2013,top100,13,Toll Brothers,p,"4,184","$2,674",13,https://www.builderonline.com/firms/toll-brothers
2014,2013,top100,14,M/I Homes,p,"3,472","$1,037",16,https://www.builderonline.com/firms/m-i-homes
2014,2013,top100,15,The Villages of Lake Sumter,,"3,419","$1,178",15,https://www.builderonline.com/firms/the-villages-of-lake-sumter
2014,2013,top100,16,Habitat for Humanity International,,"3,367","$1,532",10,https://www.builderonline.com/firms/habitat-for-humanity-international
2014,2013,top100,17,Weyerhaeuser Real Estate Co.,p,"2,939","$1,275",18,https://www.builderonline.com/firms/weyerhaeuser-real-estate-co
2014,2013,top100,18,David Weekley Homes,,"2,899","$1,124",17,https://www.builderonline.com/firms/david-weekley-homes
2014,2013,top100,19,Shea Homes,,"2,440","$1,145",19,https://www.builderonline.com/firms/shea-homes
2014,2013,top100,20,Ashton Woods USA,,"2,241",$734,20,https://www.builderonline.com/firms/ashton-woods-usa
2014,2013,top100,21,Highland Homes,,"1,915",$761,21,https://www.builderonline.com/firms/highland-homes
2014,2013,top100,22,Perry Homes,,"1,693",$545,22,https://www.builderonline.com/firms/perry-homes
2014,2013,top100,23,Drees Homes,,"1,648",$669,23,https://www.builderonline.com/firms/drees-homes
2014,2013,top100,24,LGI Homes,p,"1,617",$241,32,https://www.builderonline.com/firms/lgi-homes
2014,2013,top100,25,DSLD Homes,,"1,597",$300,29,https://www.builderonline.com/firms/dsld-homes
2014,2013,top100,26,MHI-McGuyer Homebuilders,,"1,574",$502,24,https://www.builderonline.com/firms/mhi-mcguyer-homebuilders
2014,2013,top100,27,The Related Group,,"1,557","$1,196",25,https://www.builderonline.com/firms/the-related-group
2014,2013,top100,28,Crown Communities,,"1,540",$375,27,https://www.builderonline.com/firms/crown-communities
2014,2013,top100,29,Woodside Homes,,"1,507",$441,26,https://www.builderonline.com/firms/woodside-homes
2014,2013,top100,30,Long Lake Ltd.,,"1,480",$230,28,https://www.builderonline.com/firms/long-lake-limited
2014,2013,top100,31,William Lyon Homes,p,"1,435",$617,33,https://www.builderonline.com/firms/william-lyon-homes
2014,2013,top100,32,2014 Legend Classic Homes,,"1,357",$239,38,https://www.builderonline.com/builder-100-listing/2014-legend-classic-homes/
2014,2013,top100,33,First Texas Homes,,"1,245",$375,31,https://www.builderonline.com/firms/first-texas-homes
2014,2013,top100,34,Mattamy Homes,,"1,224",$320,35,https://www.builderonline.com/firms/mattamy-homes
2014,2013,top100,35,2014 Gehan Homes,,"1,089",$290,30,https://www.builderonline.com/builder-100-listing/2014-gehan-homes/
2014,2013,top100,36,Epcon Communities Franchising,,"1,072",$291,36,https://www.builderonline.com/firms/epcon-communities-franchising
2014,2013,top100,37,Mungo Homes,,"1,043",$237,37,https://www.builderonline.com/firms/mungo-homes
2014,2013,top100,38,GL Homes,,"1,020",$491,39,https://www.builderonline.com/firms/gl-homes
2014,2013,top100,39,DRB Group,,"1,010",$227,44,https://www.builderonline.com/firms/drb-group
2014,2013,top100,40,Fischer Homes,,"1,008",$359,41,https://www.builderonline.com/firms/fischer-homes
2014,2013,top100,41,Rausch Coleman Homes,,985,$150,34,https://www.builderonline.com/firms/rausch-coleman-homes
2014,2013,top100,42,Castlerock Communities,,957,$175,45,https://www.builderonline.com/firms/castlerock-communities
2014,2013,top100,43,Brookfield Residential Properties,p,914,$540,55,https://www.builderonline.com/firms/brookfield-residential-properties
2014,2013,top100,44,True Homes USA,,864,$172,47,https://www.builderonline.com/firms/true-homes-usa
2014,2013,top100,45,Eastwood Homes,,862,$175,N/A,https://www.builderonline.com/firms/eastwood-homes
2014,2013,top100,46,Dominion Homes,,857,$168,48,https://www.builderonline.com/firms/dominion-homes
2014,2013,top100,47,McBride & Son Cos.,,846,$238,43,https://www.builderonline.com/firms/mcbride-son-cos
2014,2013,top100,48,Polygon Northwest Co.,,791,$294,40,https://www.builderonline.com/firms/polygon-northwest-co
2014,2013,top100,49,CBH Homes,,778,$134,53,https://www.builderonline.com/firms/cbh-homes
2014,2013,top100,50,Neal Communities,,769,$237,64,https://www.builderonline.com/firms/neal-communities
2014,2013,top100,51,Peachtree Communities,,753,$164,59,https://www.builderonline.com/firms/peachtree-communities
2014,2013,top100,52,NeighborWorks America,,750,$0,49,https://www.builderonline.com/firms/neighborworks-america
2014,2013,top100,53,American West Homebuilding Group,,730,$264,N/A,https://www.builderonline.com/firms/american-west-homebuilding-group
2014,2013,top100,54,Ivory Homes,,714,$241,52,https://www.builderonline.com/firms/ivory-homes
2014,2013,top100,55,Fulton Homes Corp.,,707,$227,58,https://www.builderonline.com/firms/fulton-homes-corp
2014,2013,top100,56,Betenbough Homes,,688,$124,66,https://www.builderonline.com/firms/betenbough-homes
2014,2013,top100,57,Chesmar Homes,,677,$177,51,https://www.builderonline.com/firms/chesmar-homes
2014,2013,top100,58,Tralon Homes,,658,$198,50,https://www.builderonline.com/firms/tralon-homes
2014,2013,top100,59,LeCesse Development Corp.,,595,$140,91,https://www.builderonline.com/firms/lecesse-development-corp
2014,2013,top100,60,Westport Homes,,592,$117,46,https://www.builderonline.com/firms/westport-homes
2014,2013,top100,61,Stanley Martin Cos.,,588,$351,75,https://www.builderonline.com/firms/stanley-martin-cos
2014,2013,top100,62,Wayne Homes,,572,$132,63,https://www.builderonline.com/firms/wayne-homes
2014,2013,top100,63,Lombardo Homes,,567,$187,69,https://www.builderonline.com/firms/lombardo-homes
2014,2013,top100,64,Orleans Homebuilders,,563,$208,54,https://www.builderonline.com/firms/orleans-homebuilders
2014,2013,top100,65,Westin Homes,,559,$165,78,https://www.builderonline.com/firms/westin-homes
2014,2013,top100,66,Minto Communities,,558,$187,68,https://www.builderonline.com/firms/minto-communities
2014,2013,top100,67,Essex Homes Southeast,,551,$140,76,https://www.builderonline.com/firms/essex-homes-southeast
2014,2013,top100,68,Century Communities,,544,$255,96,https://www.builderonline.com/firms/century-communities
2014,2013,top100,69,Home Creations,,526,$90,72,https://www.builderonline.com/firms/home-creations
2014,2013,top100,70,HistoryMaker Homes,,516,$92,74,https://www.builderonline.com/firms/historymaker-homes
2014,2013,top100,71,Caviness and Cates Communities,,514,$122,61,https://www.builderonline.com/firms/caviness-and-cates-communities
2014,2013,top100,72,Allen Edwin Homes,,513,$112,62,https://www.builderonline.com/firms/allen-edwin-homes
2014,2013,top100,73,Bloomfield Homes,,501,$126,79,https://www.builderonline.com/firms/bloomfield-homes
2014,2013,top100,74,WCI Communities,p,493,$317,88,https://www.builderonline.com/firms/wci-communities
2014,2013,top100,75,2014 Discovery Builders/A.D. Seeno Construction,,491,$232,56,https://www.builderonline.com/builder-100-listing/2014-discovery-builders-a-d-seeno-construction/
2014,2013,top100,76,AV Homes,p,481,$144,102,https://www.builderonline.com/firms/av-homes
2014,2013,top100,77,Harmony Homes,,477,$130,67,https://www.builderonline.com/firms/harmony-homes
2014,2013,top100,78,Van Metre Cos.,,476,$321,86,https://www.builderonline.com/firms/van-metre-cos
2014,2013,top100,79,John Wieland Homes and Neighborhoods,,468,$220,83,https://www.builderonline.com/firms/john-wieland-homes-and-neighborhoods
2014,2013,top100,80,United Built Homes,,465,$81,65,https://www.builderonline.com/firms/united-built-homes
2014,2013,top100,81,Armadillo Construction Co.,,464,$95,60,https://www.builderonline.com/firms/armadillo-construction-co
2014,2013,top100,82,Tri Pointe Homes,p,459,$258,156,https://www.builderonline.com/firms/tri-pointe-homes
2014,2013,top100,83,H&H Homes,,458,$107,71,https://www.builderonline.com/firms/h-h-homes
2014,2013,top100,83,View Homes,,458,$110,73,https://www.builderonline.com/firms/view-homes
2014,2013,top100,85,Ball Homes,,454,$109,82,https://www.builderonline.com/firms/ball-homes
2014,2013,top100,86,Ole South Properties,,451,$85,90,https://www.builderonline.com/firms/ole-south-properties
2014,2013,top100,87,Bill Clark Homes,,449,$119,80,https://www.builderonline.com/firms/bill-clark-homes
2014,2013,top100,88,Corky McMillin Cos.,,438,$66,57,https://www.builderonline.com/firms/corky-mcmillin-cos
2014,2013,top100,89,Oakwood Homes,,436,$136,93,https://www.builderonline.com/firms/oakwood-homes
2014,2013,top100,90,Stock Development,,434,$453,89,https://www.builderonline.com/firms/stock-development
2014,2013,top100,90,2014 HHHunt Homes,,434,$289,70,https://www.builderonline.com/builder-100-listing/2014-hhhunt-homes/
2014,2013,top100,92,American Legend Homes,,433,$163,84,https://www.builderonline.com/firms/american-legend-homes
2014,2013,top100,93,New Home Co.,,424,$266,154,https://www.builderonline.com/firms/new-home-co
2014,2013,top100,94,Tilson Homes,,421,$92,95,https://www.builderonline.com/firms/tilson-homes
2014,2013,top100,95,Newmark Homes,,419,$145,85,https://www.builderonline.com/firms/newmark-homes
2014,2013,top100,95,The Providence Group of Georgia,,419,$130,123,https://www.builderonline.com/firms/the-providence-group-of-georgia
2014,2013,top100,97,Dunhill Homes,,412,$112,N/A,https://www.builderonline.com/firms/dunhill-homes
2014,2013,top100,98,ICI Homes,,406,$211,94,https://www.builderonline.com/firms/ici-homes
2014,2013,top100,98,Robson Resort Communities,,406,$150,N/A,https://www.builderonline.com/firms/robson-resort-communities
2014,2013,top100,98,Grand Homes,,406,$151,100,https://www.builderonline.com/firms/grand-homes
2014,2013,next100,101,Landon Homes,,405,$174,106,https://www.builderonline.com/firms/landon-homes
2014,2013,next100,102,Anglia Homes,,401,$67,125,https://www.builderonline.com/firms/anglia-homes
2014,2013,next100,103,Edge Homes,,391,$113,98,https://www.builderonline.com/firms/edge-homes
2014,2013,next100,104,Savvy Homes,,379,$100,87,https://www.builderonline.com/firms/savvy-homes
2014,2013,next100,105,Signature Homes,,369,$126,77,https://www.builderonline.com/firms/signature-homes
2014,2013,next100,106,Saratoga Homes,,362,$78,91,https://www.builderonline.com/firms/saratoga-homes
2014,2013,next100,106,ForeverHome,,362,$111,105,https://www.builderonline.com/firms/foreverhome
2014,2013,next100,108,Dream Finders Homes,,361,$85,N/A,https://www.builderonline.com/firms/dream-finders-homes
2014,2013,next100,109,Miller and Smith,,354,$226,99,https://www.builderonline.com/firms/miller-and-smith
2014,2013,next100,110,Ideal Homes,,346,$67,102,https://www.builderonline.com/firms/ideal-homes
2014,2013,next100,111,Carefree Homes,,332,$59,81,https://www.builderonline.com/firms/carefree-homes
2014,2013,next100,112,Goodall Homes,,318,$79,112,https://www.builderonline.com/firms/goodall-homes
2014,2013,next100,113,Highland Homes of Florida,,313,$53,120,https://www.builderonline.com/firms/highland-homes_1
2014,2013,next100,114,Royal Oaks Building Group,,308,$80,110,https://www.builderonline.com/firms/royal-oaks-building-group
2014,2013,next100,115,Eagle Construction of Virginia,,304,$120,143,https://www.builderonline.com/firms/eagle-construction-of-virginia
2014,2013,next100,116,Eastbrook Homes,,302,$83,115,https://www.builderonline.com/firms/eastbrook-homes
2014,2013,next100,117,The Jones Co. of Tennessee,,301,$96,109,https://www.builderonline.com/firms/the-jones-co-of-tennessee
2014,2013,next100,118,Keystone Custom Homes,,299,$90,107,https://www.builderonline.com/firms/keystone-custom-homes
2014,2013,next100,119,S&A Homes,,297,$81,97,https://www.builderonline.com/firms/s-a-homes
2014,2013,next100,119,Elite Properties of America,,297,$120,124,https://www.builderonline.com/firms/elite-properties-of-america
2014,2013,next100,119,Grayhawk Homes,,297,$65,116,https://www.builderonline.com/firms/grayhawk-homes
2014,2013,next100,122,Craftmark Group,,296,$143,120,https://www.builderonline.com/firms/craftmark-group
2014,2013,next100,123,Elliott Homes,,295,$100,116,https://www.builderonline.com/firms/elliott-homes
2014,2013,next100,124,Bonterra Builders,,294,$99,152,https://www.builderonline.com/firms/bonterra-builders
2014,2013,next100,125,Encore Resorts and Homes,,292,$92,N/A,https://www.builderonline.com/firms/encore-resorts-and-homes
2014,2013,next100,126,William Ryan Homes,,287,$87,132,https://www.builderonline.com/firms/william-ryan-homes
2014,2013,next100,127,MJC Cos.,,283,$66,N/A,https://www.builderonline.com/firms/mjc-cos
2014,2013,next100,128,Royal Oak Homes,,273,$60,186,https://www.builderonline.com/firms/royal-oak-homes
2014,2013,next100,129,Wade Jurney Homes,,271,$35,139,https://www.builderonline.com/firms/wade-jurney-homes
2014,2013,next100,129,John Mourier Construction,,271,$115,118,https://www.builderonline.com/firms/john-mourier-construction
2014,2013,next100,131,Schell Brothers,,269,$127,N/A,https://www.builderonline.com/firms/schell-brothers
2014,2013,next100,131,Regency Homebuilders,,269,$62,127,https://www.builderonline.com/firms/regency-homebuilders
2014,2013,next100,133,Cheldan Homes,,266,$47,104,https://www.builderonline.com/firms/cheldan-homes
2014,2013,next100,134,Simmons Homes,,259,$78,111,https://www.builderonline.com/firms/simmons-homes
2014,2013,next100,135,The Challenger Group,,253,$69,N/A,https://www.builderonline.com/firms/the-challenger-group
2014,2013,next100,136,CB Jeni / Normandy Homes,,251,$62,N/A,https://www.builderonline.com/firms/cb-jeni-normandy-homes
2014,2013,next100,137,AR Homes,,249,$144,144,https://www.builderonline.com/firms/ar-homes
2014,2013,next100,138,Oakmont Home Builders,,247,$29,N/A,https://www.builderonline.com/firms/oakmont-home-builders
2014,2013,next100,139,Stone Martin Builders,,243,$0,114,https://www.builderonline.com/firms/stone-martin-builders
2014,2013,next100,140,City Ventures,,242,$207,N/A,https://www.builderonline.com/firms/city-ventures
2014,2013,next100,141,Partners in Building,,241,$187,133,https://www.builderonline.com/firms/partners-in-building
2014,2013,next100,142,Charter Homes & Neighborhoods,,240,$92,137,https://www.builderonline.com/firms/charter-homes-neighborhoods
2014,2013,next100,143,Homes by Westbay,,239,$90,N/A,https://www.builderonline.com/firms/homes-by-westbay
2014,2013,next100,144,Granite Ridge Builders,,238,$48,107,https://www.builderonline.com/firms/granite-ridge-builders
2014,2013,next100,145,Buffington Homes,,237,$64,134,https://www.builderonline.com/firms/buffington-homes
2014,2013,next100,146,Jeff Benton Homes,,234,$74,128,https://www.builderonline.com/firms/jeff-benton-homes
2014,2013,next100,147,The Warmington Group,,232,$164,135,https://www.builderonline.com/firms/the-warmington-group
2014,2013,next100,148,Sumeer Homes,,229,$62,141,https://www.builderonline.com/firms/sumeer-homes
2014,2013,next100,149,Park Square Enterprises,,227,$53,N/A,https://www.builderonline.com/firms/park-square-enterprises
2014,2013,next100,150,Williams Homes,,223,$85,N/A,https://www.builderonline.com/firms/williams-homes
2014,2013,next100,151,Traditions of America,,212,$77,138,https://www.builderonline.com/firms/traditions-of-america
2014,2013,next100,152,Tropicana Homes,,210,$36,129,https://www.builderonline.com/firms/tropicana-homes
2014,2013,next100,153,Cardel Homes,,206,$83,N/A,https://www.builderonline.com/firms/cardel-homes
2014,2013,next100,154,Stoneridge Homes,,205,$60,171,https://www.builderonline.com/firms/stoneridge-homes
2014,2013,next100,155,Crescent Homes,,203,$53,N/A,https://www.builderonline.com/firms/crescent-homes
2014,2013,next100,156,Pacesetter Homes,,200,$33,149,https://www.builderonline.com/firms/pacesetter-homes
2014,2013,next100,157,EYA,,198,$130,131,https://www.builderonline.com/firms/eya
2014,2013,next100,158,Candlelight Homes,,197,$62,N/A,https://www.builderonline.com/firms/candlelight-homes
2014,2013,next100,159,Hills Properties/Inverness Homes,,195,$0,145,https://www.builderonline.com/firms/hills-properties-inverness-homes
2014,2013,next100,160,Coleman Homes,,194,$45,152,https://www.builderonline.com/firms/coleman-homes
2014,2013,next100,161,Traton Homes,,193,$85,130,https://www.builderonline.com/firms/traton-homes
2014,2013,next100,162,Main Street Homes,,189,$73,142,https://www.builderonline.com/firms/main-street-homes
2014,2013,next100,163,The Olson Co.,,188,$95,175,https://www.builderonline.com/firms/the-olson-co
2014,2013,next100,164,A. Sydes Construction,,186,$0,136,https://www.builderonline.com/firms/a-sydes-construction
2014,2013,next100,165,Acadia Homes and Neighborhoods,,182,$59,N/A,https://www.builderonline.com/firms/acadia-homes-and-neighborhoods
2014,2013,next100,166,Wynn Construction,,180,$41,147,https://www.builderonline.com/firms/wynn-construction
2014,2013,next100,166,Summit Custom Homes,,180,$64,176,https://www.builderonline.com/firms/summit-custom-homes
2014,2013,next100,168,Medallion Homes Gulf Coast,,177,$61,146,https://www.builderonline.com/firms/medallion-homes-gulf-coast
2014,2013,next100,169,Wathen Castanos Homes,,173,$51,125,https://www.builderonline.com/firms/wathen-castanos-homes
2014,2013,next100,170,New Tradition Homes,,0,$54,N/A,https://www.builderonline.com/firms/new-tradition-homes_1
2014,2013,next100,171,Streetman Homes,,165,$56,190,https://www.builderonline.com/firms/streetman-homes
2014,2013,next100,172,Tim O’Brien Homes,,162,$51,167,https://www.builderonline.com/firms/tim-obrien-homes
2014,2013,next100,173,Payne Family Homes,,161,$46,163,https://www.builderonline.com/firms/payne-family-homes
2014,2013,next100,174,Dock Street Communities,,160,$48,N/A,https://www.builderonline.com/firms/dock-street-communities
2014,2013,next100,174,G.J. Gardner Homes,,160,$48,160,https://www.builderonline.com/firms/gj-gardner-homes
2014,2013,next100,176,Gentry Homes,,159,$81,148,https://www.builderonline.com/firms/gentry-homes
2014,2013,next100,177,Saussy Burbank,,157,$60,151,https://www.builderonline.com/firms/saussy-burbank
2014,2013,next100,177,Ence Homes,,157,$43,170,https://www.builderonline.com/firms/ence-homes
2014,2013,next100,177,Devon Street Homes,,157,$27,185,https://www.builderonline.com/firms/devon-street-homes
2014,2013,next100,180,Gateway Homes,,153,$22,156,https://www.builderonline.com/firms/gateway-homes
2014,2013,next100,181,Braselton Homes,,152,$31,N/A,https://www.builderonline.com/firms/braselton-homes
2014,2013,next100,182,James Engle Custom Homes,,151,$63,150,https://www.builderonline.com/firms/james-engle-custom-homes
2014,2013,next100,182,Classic Builders,,151,$50,N/A,https://www.builderonline.com/firms/classic-builders
2014,2013,next100,184,McArthur Homes,,150,$35,N/A,https://www.builderonline.com/firms/mcarthur-homes
2014,2013,next100,185,StyleCraft Homes,,148,$48,180,https://www.builderonline.com/firms/stylecraft-homes
2014,2013,next100,186,Shugart Enterprises,,145,$25,N/A,https://www.builderonline.com/firms/shugart-enterprises
2014,2013,next100,187,Providence Homes,,143,$43,165,https://www.builderonline.com/firms/providence-homes
2014,2013,next100,188,Grand View Builders,,142,$32,174,https://www.builderonline.com/firms/grand-view-builders
2014,2013,next100,189,Insight Homes,,140,$48,N/A,https://www.builderonline.com/firms/insight-homes
2014,2013,next100,189,Marrano Homes/Marc Equity Corp.,,140,$49,179,https://www.builderonline.com/firms/marrano-homes-marc-equity-corp
2014,2013,next100,189,Pinnacle Homes,,140,$55,171,https://www.builderonline.com/firms/pinnacle-homes
2014,2013,next100,192,The Bozzuto Group,,138,$410,165,https://www.builderonline.com/firms/the-bozzuto-group
2014,2013,next100,193,Capstone Homes,,137,$44,168,https://www.builderonline.com/firms/capstone-homes
2014,2013,next100,194,Tempest Homes,,136,$22,176,https://www.builderonline.com/firms/tempest-homes
2014,2013,next100,195,Windsor Homes,,130,$24,188,https://www.builderonline.com/firms/windsor-homes
2014,2013,next100,195,Home South Communities,,130,$51,168,https://www.builderonline.com/firms/home-south-communities
2014,2013,next100,195,Level Homes,,130,$37,N/A,https://www.builderonline.com/firms/level-homes
2014,2013,next100,195,Centerra Homes,,130,$42,186,https://www.builderonline.com/firms/centerra-homes
2014,2013,next100,199,West Hills Development Co.,,123,$84,119,https://www.builderonline.com/firms/west-hills-development-co
2014,2013,next100,200,Manuel Builders,,114,$21,193,https://www.builderonline.com/firms/manuel-builders
2015,2014,top100,1,D.R. Horton,p,"30,455","$8,657",1,https://www.builderonline.com/firms/dr-horton
2015,2014,top100,2,Lennar Corp.,p,"21,003","$7,780",2,https://www.builderonline.com/firms/lennar-corp
2015,2014,top100,3,PulteGroup,p,"17,196","$5,822",3,https://www.builderonline.com/firms/pultegroup
2015,2014,top100,4,NVR,p,"11,859","$4,445",4,https://www.builderonline.com/firms/nvr
2015,2014,top100,5,The Ryland Group,p,"7,677","$2,570",6,https://www.builderonline.com/firms/the-ryland-group
2015,2014,top100,6,2015 KB Home,p,"7,215","$2,401",5,https://www.builderonline.com/builder-100-listing/2015-kb-home/
2015,2014,top100,7,Taylor Morrison,p,"6,796","$3,104",8,https://www.builderonline.com/firms/taylor-morrison
2015,2014,top100,8,Hovnanian Enterprises,p,"5,896","$2,227",7,https://www.builderonline.com/firms/hovnanian-enterprises
2015,2014,top100,9,Meritage Homes Corp.,p,"5,862","$2,190",9,https://www.builderonline.com/firms/meritage-homes-corp
2015,2014,top100,10,2015 Toll Brothers,p,"5,397","$3,912",13,https://www.builderonline.com/builder-100-listing/2015-toll-brothers/
2015,2014,top100,11,Standard Pacific Corp.,p,"4,956","$2,435",12,https://www.builderonline.com/firms/standard-pacific-corp
2015,2014,top100,12,Beazer Homes,p,"4,951",$0,10,https://www.builderonline.com/firms/beazer-homes-usa
2015,2014,top100,13,M.D.C. Holdings,p,"4,366","$1,690",11,https://www.builderonline.com/firms/mdc-holdings
2015,2014,top100,14,2015 M/I Homes,p,"3,721","$1,215",14,https://www.builderonline.com/builder-100-listing/2015-m-i-homes/
2015,2014,top100,15,Habitat for Humanity International,,"3,323","$1,716",16,https://www.builderonline.com/firms/habitat-for-humanity-international
2015,2014,top100,16,2015 David Weekley Homes,,"3,168","$1,300",18,https://www.builderonline.com/builder-100-listing/2015-david-weekley-homes/
2015,2014,top100,17,Tri Pointe Homes,p,"3,100","$1,704",82,https://www.builderonline.com/firms/tri-pointe-homes
2015,2014,top100,18,Shea Homes,,"2,728","$1,469",19,https://www.builderonline.com/firms/shea-homes
2015,2014,top100,19,The Villages of Lake Sumter,,"2,601","$1,032",15,https://www.builderonline.com/firms/the-villages-of-lake-sumter
2015,2014,top100,20,The Related Group,,"2,534","$2,559",27,https://www.builderonline.com/firms/the-related-group
2015,2014,top100,21,LGI Homes,p,"2,356",$385,24,https://www.builderonline.com/firms/lgi-homes
2015,2014,top100,22,Ashton Woods Homes,,"2,312",$877,20,https://www.builderonline.com/firms/ashton-woods-homes
2015,2014,top100,23,Century Communities,p,"2,059",$579,68,https://www.builderonline.com/firms/century-communities
2015,2014,top100,24,Highland Homes,,"1,997",$877,21,https://www.builderonline.com/firms/highland-homes
2015,2014,top100,25,William Lyon Homes,p,"1,882",$922,31,https://www.builderonline.com/firms/william-lyon-homes
2015,2014,top100,26,Perry Homes,,"1,747",$651,22,https://www.builderonline.com/firms/perry-homes
2015,2014,top100,27,DSLD Homes,,"1,717",$352,25,https://www.builderonline.com/firms/dsld-homes
2015,2014,top100,28,Drees Homes,,"1,513",$655,23,https://www.builderonline.com/firms/drees-homes
2015,2014,top100,29,Long Lake Ltd.,,"1,489",$0,30,https://www.builderonline.com/firms/long-lake-limited
2015,2014,top100,30,Woodside Homes,,"1,402",$455,29,https://www.builderonline.com/firms/woodside-homes
2015,2014,top100,31,MHI-McGuyer Homebuilders,,"1,343",$478,26,https://www.builderonline.com/firms/mhi-mcguyer-homebuilders
2015,2014,top100,32,Legend Homes,,"1,325",$252,32,https://www.builderonline.com/firms/legend-homes_o
2015,2014,top100,33,First Texas Homes,,"1,290",$420,33,https://www.builderonline.com/firms/first-texas-homes
2015,2014,top100,34,Mattamy Homes,,"1,258",$360,34,https://www.builderonline.com/firms/mattamy-homes
2015,2014,top100,35,DRB Group,,"1,248",$294,39,https://www.builderonline.com/firms/drb-group
2015,2014,top100,36,2015 Gehan Homes,,"1,242",$378,35,https://www.builderonline.com/builder-100-listing/2015-gehan-homes/
2015,2014,top100,37,GL Homes,,"1,149",$697,38,https://www.builderonline.com/firms/gl-homes
2015,2014,top100,38,Epcon Communities Franchising,,"1,135",$316,36,https://www.builderonline.com/firms/epcon-communities-franchising
2015,2014,top100,39,True Homes USA,,"1,087",$232,44,https://www.builderonline.com/firms/true-homes-usa
2015,2014,top100,40,Fischer Homes,,"1,064",$321,40,https://www.builderonline.com/firms/fischer-homes
2015,2014,top100,41,Mungo Homes,,"1,056",$247,37,https://www.builderonline.com/firms/mungo-homes
2015,2014,top100,42,Castlerock Communities,,"1,047",$215,42,https://www.builderonline.com/firms/castlerock-communities
2015,2014,top100,43,Rausch Coleman Homes,,"1,000",$153,41,https://www.builderonline.com/firms/rausch-coleman-homes
2015,2014,top100,44,AV Homes,p,953,$286,76,https://www.builderonline.com/firms/av-homes
2015,2014,top100,45,Eastwood Homes,,897,$187,45,https://www.builderonline.com/firms/eastwood-homes
2015,2014,top100,46,Chesmar Homes,,884,$253,57,https://www.builderonline.com/firms/chesmar-homes
2015,2014,top100,47,Neal Communities,,835,$278,50,https://www.builderonline.com/firms/neal-communities
2015,2014,top100,48,Oakwood Homes,,824,$274,89,https://www.builderonline.com/firms/oakwood-homes
2015,2014,top100,49,McBride & Son Cos.,,817,$252,47,https://www.builderonline.com/firms/mcbride-son-cos
2015,2014,top100,50,Brookfield Residential Properties,p,785,$707,43,https://www.builderonline.com/firms/brookfield-residential-properties
2015,2014,top100,51,CBH Homes,,724,$158,49,https://www.builderonline.com/firms/cbh-homes
2015,2014,top100,52,Ivory Homes,,717,$266,54,https://www.builderonline.com/firms/ivory-homes
2015,2014,top100,53,Betenbough Homes,,692,$131,56,https://www.builderonline.com/firms/betenbough-homes
2015,2014,top100,54,The Kolter Group,,682,$332,N/A,https://www.builderonline.com/firms/kolter-residential
2015,2014,top100,55,Bloomfield Homes,,651,$172,73,https://www.builderonline.com/firms/bloomfield-homes
2015,2014,top100,56,WCI Communities,p,644,$407,74,https://www.builderonline.com/firms/wci-communities
2015,2014,top100,57,Arbor Homes,,628,$122,N/A,https://www.builderonline.com/firms/arbor-homes
2015,2014,top100,58,Westin Homes,,619,$210,65,https://www.builderonline.com/firms/westin-homes
2015,2014,top100,59,NeighborWorks America,,597,$0,52,https://www.builderonline.com/firms/neighborworks-america
2015,2014,top100,60,Lombardo Homes,,588,$221,63,https://www.builderonline.com/firms/lombardo-homes
2015,2014,top100,61,Green Brick Partners,,587,$246,N/A,https://www.builderonline.com/firms/green-brick-partners
2015,2014,top100,62,Westport Homes,,579,$119,60,https://www.builderonline.com/firms/westport-homes
2015,2014,top100,63,Stanley Martin Cos.,,577,$350,61,https://www.builderonline.com/firms/stanley-martin-cos
2015,2014,top100,64,Orleans Homebuilders,,569,$238,64,https://www.builderonline.com/firms/orleans-homebuilders
2015,2014,top100,65,HistoryMaker Homes,,562,$114,70,https://www.builderonline.com/firms/historymaker-homes
2015,2014,top100,65,Allen Edwin Homes,,562,$132,72,https://www.builderonline.com/firms/allen-edwin-homes
2015,2014,top100,67,Stock Development,,546,$348,90,https://www.builderonline.com/firms/stock-development
2015,2014,top100,68,John Wieland Homes and Neighborhoods,,543,$260,79,https://www.builderonline.com/firms/john-wieland-homes-and-neighborhoods
2015,2014,top100,69,New Home Co.,p,534,$421,93,https://www.builderonline.com/firms/new-home-co
2015,2014,top100,70,Ole South Properties,,528,$106,86,https://www.builderonline.com/firms/ole-south-properties
2015,2014,top100,71,ICI Homes,,523,$343,98,https://www.builderonline.com/firms/ici-homes
2015,2014,top100,72,2015 Van Metre Cos.,,521,$336,78,https://www.builderonline.com/builder-100-listing/2015-van-metre-cos/
2015,2014,top100,72,Tralon Homes,,521,$164,58,https://www.builderonline.com/firms/tralon-homes
2015,2014,top100,74,Anglia Homes,,518,$96,102,https://www.builderonline.com/firms/anglia-homes
2015,2014,top100,75,Armadillo Construction Co.,,517,$116,81,https://www.builderonline.com/firms/armadillo-construction-co
2015,2014,top100,76,Robson Resort Communities,,513,$184,98,https://www.builderonline.com/firms/robson-resort-communities
2015,2014,top100,77,Bill Clark Homes,,503,$127,87,https://www.builderonline.com/firms/bill-clark-homes
2015,2014,top100,78,Essex Homes Southeast,,500,$137,67,https://www.builderonline.com/firms/essex-homes-southeast
2015,2014,top100,79,Tilson Homes,,498,$116,94,https://www.builderonline.com/firms/tilson-homes
2015,2014,top100,80,Home Creations,,491,$90,69,https://www.builderonline.com/firms/home-creations
2015,2014,top100,81,Edge Homes,,485,$158,103,https://www.builderonline.com/firms/edge-homes
2015,2014,top100,81,Ball Homes,,485,$127,85,https://www.builderonline.com/firms/ball-homes
2015,2014,top100,83,Smith Douglas Homes,,472,$89,N/A,https://www.builderonline.com/firms/smith-douglas-homes
2015,2014,top100,84,View Homes,,471,$107,83,https://www.builderonline.com/firms/view-homes
2015,2014,top100,85,Signature Homes,,465,$179,105,https://www.builderonline.com/firms/signature-homes
2015,2014,top100,86,American Legend Homes,,460,$205,92,https://www.builderonline.com/firms/american-legend-homes
2015,2014,top100,87,United Built Homes,,457,$84,80,https://www.builderonline.com/firms/united-built-homes
2015,2014,top100,88,Encore Capital Management,,450,$260,125,https://www.builderonline.com/firms/encore-capital-management
2015,2014,top100,89,Caviness and Cates Communities,,444,$122,71,https://www.builderonline.com/firms/caviness-and-cates-communities
2015,2014,top100,90,Wade Jurney Homes,,437,$60,129,https://www.builderonline.com/firms/wade-jurney-homes
2015,2014,top100,91,Dream Finders Homes,,434,$123,108,https://www.builderonline.com/firms/dream-finders-homes
2015,2014,top100,92,UCP,p,432,$191,N/A,https://www.builderonline.com/firms/ucp
2015,2014,top100,93,Stylecraft Builders,,430,$81,N/A,https://www.builderonline.com/firms/stylecraft-builders
2015,2014,top100,93,Newmark Homes,,430,$181,95,https://www.builderonline.com/firms/newmark-homes
2015,2014,top100,95,Landon Homes,,418,$203,101,https://www.builderonline.com/firms/landon-homes
2015,2014,top100,96,H&H Homes,,413,$93,83,https://www.builderonline.com/firms/h-h-homes
2015,2014,top100,97,American West Homebuilding Group,,401,$216,53,https://www.builderonline.com/firms/american-west-homebuilding-group
2015,2014,top100,98,Grand Homes,,400,$165,98,https://www.builderonline.com/firms/grand-homes
2015,2014,top100,99,Discovery Homes,,397,$210,75,https://www.builderonline.com/firms/discovery-homes_o
2015,2014,top100,100,Great Southern Homes,,386,$71,N/A,https://www.builderonline.com/firms/great-southern-homes
2015,2014,next100,101,Saratoga Homes,,381,$91,106,https://www.builderonline.com/firms/saratoga-homes
2015,2014,next100,102,Highland Homes of Florida,,378,$74,113,https://www.builderonline.com/firms/highland-homes_1
2015,2014,next100,103,Fulton Homes,,376,$124,55,https://www.builderonline.com/firms/fulton-homes
2015,2014,next100,104,Keystone Custom Homes,,372,$107,118,https://www.builderonline.com/firms/keystone-custom-homes
2015,2014,next100,105,Goodall Homes,,363,$103,112,https://www.builderonline.com/firms/goodall-homes
2015,2014,next100,106,Miller and Smith,,359,$221,109,https://www.builderonline.com/firms/miller-and-smith
2015,2014,next100,107,2015 HHHunt Homes,,353,$108,90,https://www.builderonline.com/builder-100-listing/2015-hhhunt-homes/
2015,2014,next100,108,Ideal Homes,,349,$69,110,https://www.builderonline.com/firms/ideal-homes
2015,2014,next100,109,Elliott Homes,,348,$136,123,https://www.builderonline.com/firms/elliott-homes
2015,2014,next100,110,Eastbrook Homes,,335,$95,116,https://www.builderonline.com/firms/eastbrook-homes
2015,2014,next100,111,Schell Brothers,,333,$152,131,https://www.builderonline.com/firms/schell-brothers
2015,2014,next100,112,Royal Oaks Building Group,,319,$85,114,https://www.builderonline.com/firms/royal-oaks-building-group
2015,2014,next100,113,S&A Homes,,318,$92,119,https://www.builderonline.com/firms/s-a-homes
2015,2014,next100,114,Savvy Homes,,317,$85,104,https://www.builderonline.com/firms/savvy-homes
2015,2014,next100,115,The Challenger Group,,307,$96,135,https://www.builderonline.com/firms/the-challenger-group
2015,2014,next100,116,Bonterra Builders,,303,$112,124,https://www.builderonline.com/firms/bonterra-builders
2015,2014,next100,117,Grayhawk Homes,,302,$69,119,https://www.builderonline.com/firms/grayhawk-homes
2015,2014,next100,118,Granite Ridge Builders,,301,$56,144,https://www.builderonline.com/firms/granite-ridge-builders
2015,2014,next100,119,Simmons Homes,,296,$58,134,https://www.builderonline.com/firms/simmons-homes
2015,2014,next100,120,Carefree Homes,,294,$52,111,https://www.builderonline.com/firms/carefree-homes
2015,2014,next100,121,AR Homes,,290,$221,137,https://www.builderonline.com/firms/ar-homes
2015,2014,next100,122,Elite Properties of America,,285,$153,119,https://www.builderonline.com/firms/elite-properties-of-america
2015,2014,next100,123,Regency Homebuilders,,279,$67,131,https://www.builderonline.com/firms/regency-homebuilders
2015,2014,next100,124,The Jones Co. of Tennessee,,277,$93,117,https://www.builderonline.com/firms/the-jones-co-of-tennessee
2015,2014,next100,125,Wathen Castanos Homes,,265,$0,169,https://www.builderonline.com/firms/wathen-castanos-homes
2015,2014,next100,126,Pacesetter Homes,,264,$52,156,https://www.builderonline.com/firms/pacesetter-homes
2015,2014,next100,126,Crescent Homes,,264,$69,155,https://www.builderonline.com/firms/crescent-homes
2015,2014,next100,128,Traditions of America,,260,$106,151,https://www.builderonline.com/firms/traditions-of-america
2015,2014,next100,129,William Ryan Homes,,255,$88,126,https://www.builderonline.com/firms/william-ryan-homes
2015,2014,next100,130,Sumeer Homes,,254,$69,148,https://www.builderonline.com/firms/sumeer-homes
2015,2014,next100,130,G.J. Gardner Homes,,254,$86,174,https://www.builderonline.com/firms/gj-gardner-homes
2015,2014,next100,132,Harmony Homes,,249,$72,77,https://www.builderonline.com/firms/harmony-homes
2015,2014,next100,133,GreenECO Builders,,248,$42,N/A,https://www.builderonline.com/firms/greeneco-builders
2015,2014,next100,133,ForeverHome,,248,$86,106,https://www.builderonline.com/firms/foreverhome
2015,2014,next100,135,Devon Street Homes,,246,$48,177,https://www.builderonline.com/firms/devon-street-homes
2015,2014,next100,136,Cheldan Homes,,244,$54,133,https://www.builderonline.com/firms/cheldan-homes
2015,2014,next100,137,Homes by Westbay,,243,$98,143,https://www.builderonline.com/firms/homes-by-westbay
2015,2014,next100,138,Beechwood Homes,,239,$219,N/A,https://www.builderonline.com/firms/beechwood-homes
2015,2014,next100,138,EYA,,239,$228,157,https://www.builderonline.com/firms/eya
2015,2014,next100,140,Charter Homes & Neighborhoods,,231,$88,142,https://www.builderonline.com/firms/charter-homes-neighborhoods
2015,2014,next100,141,Van Daele Homes,,227,$145,N/A,https://www.builderonline.com/firms/van-daele-homes
2015,2014,next100,141,Braselton Homes,,227,$48,181,https://www.builderonline.com/firms/braselton-homes
2015,2014,next100,141,Acadia Homes and Neighborhoods,,227,$75,165,https://www.builderonline.com/firms/acadia-homes-and-neighborhoods
2015,2014,next100,144,MJC Cos.,,215,$58,127,https://www.builderonline.com/firms/mjc-cos
2015,2014,next100,144,Craftmark Group,,215,$107,122,https://www.builderonline.com/firms/craftmark-group
2015,2014,next100,146,Buffington Homes,,213,$61,145,https://www.builderonline.com/firms/buffington-homes
2015,2014,next100,147,The Olson Co.,,210,$111,163,https://www.builderonline.com/firms/the-olson-co
2015,2014,next100,148,Tim O’Brien Homes,,208,$65,172,https://www.builderonline.com/firms/tim-obrien-homes
2015,2014,next100,149,Eagle Construction of Virginia,,207,$87,115,https://www.builderonline.com/firms/eagle-construction-of-virginia
2015,2014,next100,149,Cardel Homes,,207,$87,153,https://www.builderonline.com/firms/cardel-homes
2015,2014,next100,151,Wynn Construction,,204,$47,166,https://www.builderonline.com/firms/wynn-construction
2015,2014,next100,152,Jeff Benton Homes,,199,$63,146,https://www.builderonline.com/firms/jeff-benton-homes
2015,2014,next100,153,Partners in Building,,198,$162,141,https://www.builderonline.com/firms/partners-in-building
2015,2014,next100,153,John Mourier Construction,,198,$0,129,https://www.builderonline.com/firms/john-mourier-construction
2015,2014,next100,155,Traton Homes,,195,$89,161,https://www.builderonline.com/firms/traton-homes
2015,2014,next100,156,4Corners Homes,,193,$61,N/A,https://www.builderonline.com/firms/4corners-homes
2015,2014,next100,157,Payne Family Homes,,189,$53,173,https://www.builderonline.com/firms/payne-family-homes
2015,2014,next100,157,LC Homes,,189,$57,N/A,https://www.builderonline.com/firms/lc-homes
2015,2014,next100,159,Providence Homes,,186,$59,N/A,https://www.builderonline.com/firms/providence-homes
2015,2014,next100,160,Summit Custom Homes,,184,$65,166,https://www.builderonline.com/firms/summit-custom-homes
2015,2014,next100,160,Coleman Homes,,184,$45,160,https://www.builderonline.com/firms/coleman-homes
2015,2014,next100,162,RS Parker Homes,,182,$0,N/A,https://www.builderonline.com/firms/rs-parker-homes
2015,2014,next100,162,Main Street Homes,,182,$74,162,https://www.builderonline.com/firms/main-street-homes
2015,2014,next100,162,Fieldstone Homes,,182,$47,N/A,https://www.builderonline.com/firms/fieldstone-homes
2015,2014,next100,165,Shugart Enterprises,,179,$32,186,https://www.builderonline.com/firms/shugart-enterprises
2015,2014,next100,166,Hills Properties/Inverness Homes,,169,$109,159,https://www.builderonline.com/firms/hills-properties-inverness-homes
2015,2014,next100,167,Manuel Builders,,167,$33,200,https://www.builderonline.com/firms/manuel-builders
2015,2014,next100,168,Stoneridge Homes,,166,$52,154,https://www.builderonline.com/firms/stoneridge-homes
2015,2014,next100,169,Medallion Homes Gulf Coast,,163,$68,168,https://www.builderonline.com/firms/medallion-homes-gulf-coast
2015,2014,next100,170,Shaddock Homes,,162,$95,N/A,https://www.builderonline.com/firms/shaddock-homes
2015,2014,next100,171,Tropicana Homes,,160,$63,152,https://www.builderonline.com/firms/tropicana-homes
2015,2014,next100,172,Mayberry Homes,,159,$36,N/A,https://www.builderonline.com/firms/mayberry-homes
2015,2014,next100,173,Saussy Burbank,,157,$72,177,https://www.builderonline.com/firms/saussy-burbank
2015,2014,next100,174,Gentry Homes,,156,$85,176,https://www.builderonline.com/firms/gentry-homes
2015,2014,next100,175,Marrano Homes/Marc Equity Corp.,,153,$50,189,https://www.builderonline.com/firms/marrano-homes-marc-equity-corp
2015,2014,next100,176,Williams Homes,,152,$76,150,https://www.builderonline.com/firms/williams-homes
2015,2014,next100,177,Centerra Homes,,151,$54,195,https://www.builderonline.com/firms/centerra-homes
2015,2014,next100,178,A. Sydes Construction,,149,$27,164,https://www.builderonline.com/firms/a-sydes-construction
2015,2014,next100,179,Windsor Homes,,148,$53,195,https://www.builderonline.com/firms/windsor-homes
2015,2014,next100,180,Dorn Homes,,146,$44,N/A,https://www.builderonline.com/firms/dorn-homes
2015,2014,next100,181,Classic Builders,,145,$55,182,https://www.builderonline.com/firms/classic-builders
2015,2014,next100,182,Level Homes,,144,$50,195,https://www.builderonline.com/firms/level-homes
2015,2014,next100,182,Insight Homes,,144,$50,189,https://www.builderonline.com/firms/insight-homes
2015,2014,next100,184,McArthur Homes,,143,$37,184,https://www.builderonline.com/firms/mcarthur-homes
2015,2014,next100,185,New Tradition Homes,,139,$50,170,https://www.builderonline.com/firms/new-tradition-homes_1
2015,2014,next100,186,James Engle Custom Homes,,138,$63,182,https://www.builderonline.com/firms/james-engle-custom-homes
2015,2014,next100,187,Dock Street Communities,,137,$43,174,https://www.builderonline.com/firms/dock-street-communities
2015,2014,next100,188,Viera Builders,,134,$45,N/A,https://www.builderonline.com/firms/viera-builders
2015,2014,next100,188,Trumark Cos.,,134,$120,N/A,https://www.builderonline.com/firms/trumark-cos
2015,2014,next100,190,Newcastle Construction,,129,$34,N/A,https://www.builderonline.com/firms/newcastle-construction
2015,2014,next100,191,Truland Homes,,124,$38,N/A,https://www.builderonline.com/firms/truland-homes
2015,2014,next100,191,Ence Homes,,124,$35,177,https://www.builderonline.com/firms/ence-homes
2015,2014,next100,191,Capstone Homes,,124,$40,193,https://www.builderonline.com/firms/capstone-homes
2015,2014,next100,191,The Bozzuto Group,,124,$352,192,https://www.builderonline.com/firms/the-bozzuto-group
2015,2014,next100,195,GHO Homes,,121,$36,N/A,https://www.builderonline.com/firms/gho-homes
2015,2014,next100,196,Palo Verde Homes,,117,$23,N/A,https://www.builderonline.com/firms/palo-verde-homes
2015,2014,next100,197,Home South Communities,,115,$67,195,https://www.builderonline.com/firms/home-south-communities
2015,2014,next100,198,Tempest Homes,,113,$19,194,https://www.builderonline.com/firms/tempest-homes
2015,2014,next100,198,Cornerstone Communities,,113,$50,N/A,https://www.builderonline.com/firms/cornerstone-communities
2015,2014,next100,200,Gateway Homes,,110,$17,180,https://www.builderonline.com/firms/gateway-homes
2016,2015,top100,1,D.R. Horton,p,"36,736","$10,938",1,https://www.builderonline.com/firms/dr-horton
2016,2015,top100,2,Lennar Corp.,p,"24,292","$9,474",2,https://www.builderonline.com/firms/lennar-corp
2016,2015,top100,3,PulteGroup,p,"17,127","$5,982",3,https://www.builderonline.com/firms/pultegroup
2016,2015,top100,4,NVR,p,"13,326","$5,159",4,https://www.builderonline.com/firms/nvr
2016,2015,top100,5,CalAtlantic Group,p,"12,560","$5,280",N/A,https://www.builderonline.com/firms/calatlantic-group
2016,2015,top100,6,2016 KB Home,p,"8,196","$3,032",6,https://www.builderonline.com/builder-100-listing/2016-kb-home/
2016,2015,top100,7,Meritage Homes Corp.,p,"6,522","$2,579",9,https://www.builderonline.com/firms/meritage-homes-corp
2016,2015,top100,8,Taylor Morrison,p,"6,311","$2,977",7,https://www.builderonline.com/firms/taylor-morrison
2016,2015,top100,9,Hovnanian Enterprises,p,"5,757","$2,264",8,https://www.builderonline.com/firms/hovnanian-enterprises
2016,2015,top100,10,2016 Toll Brothers,p,"5,525","$4,171",10,https://www.builderonline.com/builder-100-listing/2016-toll-brothers/
2016,2015,top100,11,Beazer Homes,p,"5,010","$1,571",12,https://www.builderonline.com/firms/beazer-homes-usa
2016,2015,top100,12,M.D.C. Holdings,p,"4,390","$1,909",13,https://www.builderonline.com/firms/mdc-holdings
2016,2015,top100,13,Tri Pointe Homes,p,"4,057","$2,401",17,https://www.builderonline.com/firms/tri-pointe-homes
2016,2015,top100,14,2016 M/I Homes,p,"3,883","$1,418",14,https://www.builderonline.com/builder-100-listing/2016-m-i-homes/
2016,2015,top100,15,LGI Homes,p,"3,404",$630,21,https://www.builderonline.com/firms/lgi-homes
2016,2015,top100,16,Habitat for Humanity International,,"3,237","$1,352",15,https://www.builderonline.com/firms/habitat-for-humanity-international
2016,2015,top100,17,2016 David Weekley Homes,,"3,117","$1,408",16,https://www.builderonline.com/builder-100-listing/2016-david-weekley-homes/
2016,2015,top100,18,Shea Homes,,"2,813","$1,599",18,https://www.builderonline.com/firms/shea-homes
2016,2015,top100,19,Ashton Woods Homes,,"2,440","$1,040",22,https://www.builderonline.com/firms/ashton-woods-homes
2016,2015,top100,20,William Lyon Homes,p,"2,422","$1,178",25,https://www.builderonline.com/firms/william-lyon-homes
2016,2015,top100,21,Century Communities,p,"2,401",$734,23,https://www.builderonline.com/firms/century-communities
2016,2015,top100,22,The Villages of Lake Sumter,,"2,294",$672,19,https://www.builderonline.com/firms/the-villages-of-lake-sumter
2016,2015,top100,23,Highland Homes,,"2,289","$1,008",24,https://www.builderonline.com/firms/highland-homes
2016,2015,top100,24,DSLD Homes,,"2,174",$460,27,https://www.builderonline.com/firms/dsld-homes
2016,2015,top100,25,AV Homes,p,"1,750",$518,44,https://www.builderonline.com/firms/av-homes
2016,2015,top100,26,Perry Homes,,"1,706",$676,26,https://www.builderonline.com/firms/perry-homes
2016,2015,top100,27,Woodside Homes,,"1,644",$603,30,https://www.builderonline.com/firms/woodside-homes
2016,2015,top100,28,Drees Homes,,"1,562",$667,28,https://www.builderonline.com/firms/drees-homes
2016,2015,top100,29,2016 Gehan Homes,,"1,499",$488,36,https://www.builderonline.com/builder-100-listing/2016-gehan-homes/
2016,2015,top100,30,The Related Group,,"1,427","$1,122",20,https://www.builderonline.com/firms/the-related-group
2016,2015,top100,31,Brookfield Residential Properties,p,"1,413",$963,50,https://www.builderonline.com/firms/brookfield-residential-properties
2016,2015,top100,32,MHI-McGuyer Homebuilders,,"1,376",$513,31,https://www.builderonline.com/firms/mhi-mcguyer-homebuilders
2016,2015,top100,33,DRB Group,,"1,369",$343,35,https://www.builderonline.com/firms/drb-group
2016,2015,top100,34,True Homes USA,,"1,318",$296,39,https://www.builderonline.com/firms/true-homes-usa
2016,2015,top100,35,Long Lake Ltd.,,"1,290",$0,29,https://www.builderonline.com/firms/long-lake-limited
2016,2015,top100,36,Mattamy Homes,,"1,246",$383,34,https://www.builderonline.com/firms/mattamy-homes
2016,2015,top100,37,GL Homes,,"1,240",$779,37,https://www.builderonline.com/firms/gl-homes
2016,2015,top100,38,Mungo Homes,,"1,231",$328,41,https://www.builderonline.com/firms/mungo-homes
2016,2015,top100,39,Fischer Homes,,"1,165",$361,40,https://www.builderonline.com/firms/fischer-homes
2016,2015,top100,40,Epcon Communities Franchising,,"1,140",$342,38,https://www.builderonline.com/firms/epcon-communities-franchising
2016,2015,top100,41,Rausch Coleman Homes,,"1,119",$176,43,https://www.builderonline.com/firms/rausch-coleman-homes
2016,2015,top100,42,Oakwood Homes,,"1,060",$372,48,https://www.builderonline.com/firms/oakwood-homes
2016,2015,top100,43,First Texas Homes,,"1,014",$358,33,https://www.builderonline.com/firms/first-texas-homes
2016,2015,top100,44,Eastwood Homes,,999,$228,45,https://www.builderonline.com/firms/eastwood-homes
2016,2015,top100,45,Neal Communities,,989,$370,47,https://www.builderonline.com/firms/neal-communities
2016,2015,top100,46,Chesmar Homes,,969,$298,46,https://www.builderonline.com/firms/chesmar-homes
2016,2015,top100,47,Castlerock Communities,,967,$227,42,https://www.builderonline.com/firms/castlerock-communities
2016,2015,top100,48,New Home Co.,p,950,$840,69,https://www.builderonline.com/firms/new-home-co
2016,2015,top100,49,WCI Communities,p,938,$438,56,https://www.builderonline.com/firms/wci-communities
2016,2015,top100,50,CBH Homes,,900,$173,51,https://www.builderonline.com/firms/cbh-homes
2016,2015,top100,51,McBride & Son Cos.,,852,$249,49,https://www.builderonline.com/firms/mcbride-son-cos
2016,2015,top100,52,Bloomfield Homes,,791,$227,55,https://www.builderonline.com/firms/bloomfield-homes
2016,2015,top100,53,Ivory Homes,,784,$288,52,https://www.builderonline.com/firms/ivory-homes
2016,2015,top100,54,Edge Homes,,741,$239,81,https://www.builderonline.com/firms/edge-homes
2016,2015,top100,55,Arbor Homes,,734,$151,57,https://www.builderonline.com/firms/arbor-homes
2016,2015,top100,56,Minto Communities,,718,$340,N/A,https://www.builderonline.com/firms/minto-communities
2016,2015,top100,57,Stanley Martin Cos.,,713,$418,63,https://www.builderonline.com/firms/stanley-martin-cos
2016,2015,top100,58,UCP,p,701,$279,92,https://www.builderonline.com/firms/ucp
2016,2015,top100,59,American Legend Homes,,700,$325,86,https://www.builderonline.com/firms/american-legend-homes
2016,2015,top100,60,Wade Jurney Homes,,690,$96,90,https://www.builderonline.com/firms/wade-jurney-homes
2016,2015,top100,61,Green Brick Partners,p,655,$291,61,https://www.builderonline.com/firms/green-brick-partners
2016,2015,top100,62,Betenbough Homes,,653,$132,53,https://www.builderonline.com/firms/betenbough-homes
2016,2015,top100,63,Ole South Properties,,650,$128,70,https://www.builderonline.com/firms/ole-south-properties
2016,2015,top100,64,HistoryMaker Homes,,635,$136,65,https://www.builderonline.com/firms/historymaker-homes
2016,2015,top100,65,NeighborWorks America,,634,$0,59,https://www.builderonline.com/firms/neighborworks-america
2016,2015,top100,66,Milestone Community Builders,,619,$179,N/A,https://www.builderonline.com/firms/milestone-community-builders
2016,2015,top100,67,View Homes,,608,$147,84,https://www.builderonline.com/firms/view-homes
2016,2015,top100,68,Allen Edwin Homes,,602,$151,65,https://www.builderonline.com/firms/allen-edwin-homes
2016,2015,top100,69,Lombardo Homes,,598,$241,60,https://www.builderonline.com/firms/lombardo-homes
2016,2015,top100,70,Armadillo Construction Co.,,589,$136,75,https://www.builderonline.com/firms/armadillo-construction-co
2016,2015,top100,71,Ball Homes,,586,$159,81,https://www.builderonline.com/firms/ball-homes
2016,2015,top100,72,Westport Homes,,571,$120,62,https://www.builderonline.com/firms/westport-homes
2016,2015,top100,73,Robson Resort Communities,,555,$201,76,https://www.builderonline.com/firms/robson-resort-communities
2016,2015,top100,74,Great Southern Homes,,544,$100,100,https://www.builderonline.com/firms/great-southern-homes
2016,2015,top100,75,Westin Homes,,537,$192,58,https://www.builderonline.com/firms/westin-homes
2016,2015,top100,76,Smith Douglas Homes,,526,$109,83,https://www.builderonline.com/firms/smith-douglas-homes
2016,2015,top100,77,Bill Clark Homes,,507,$146,77,https://www.builderonline.com/firms/bill-clark-homes
2016,2015,top100,78,Essex Homes Southeast,,498,$144,78,https://www.builderonline.com/firms/essex-homes-southeast
2016,2015,top100,79,2016 HHHunt Homes,,495,$154,107,https://www.builderonline.com/builder-100-listing/2016-hhhunt-homes/
2016,2015,top100,80,H&H Homes,,486,$118,96,https://www.builderonline.com/firms/h-h-homes
2016,2015,top100,81,Highland Homes of Florida,,485,$95,102,https://www.builderonline.com/firms/highland-homes_1
2016,2015,top100,82,Dream Finders Homes,,476,$140,91,https://www.builderonline.com/firms/dream-finders-homes
2016,2015,top100,83,Signature Homes,,475,$192,85,https://www.builderonline.com/firms/signature-homes
2016,2015,top100,84,Home Creations,,474,$101,80,https://www.builderonline.com/firms/home-creations
2016,2015,top100,85,Stock Development,,473,$358,67,https://www.builderonline.com/firms/stock-development
2016,2015,top100,86,Landon Homes,,464,$241,95,https://www.builderonline.com/firms/landon-homes
2016,2015,top100,87,Anglia Homes,,460,$93,74,https://www.builderonline.com/firms/anglia-homes
2016,2015,top100,88,Caviness and Cates Communities,,459,$130,89,https://www.builderonline.com/firms/caviness-and-cates-communities
2016,2015,top100,89,2016 Van Metre Cos.,,456,$333,72,https://www.builderonline.com/builder-100-listing/2016-van-metre-cos/
2016,2015,top100,90,ICI Homes,,452,$304,71,https://www.builderonline.com/firms/ici-homes
2016,2015,top100,91,American West Homebuilding Group,,451,$229,97,https://www.builderonline.com/firms/american-west-homebuilding-group
2016,2015,top100,92,Goodall Homes,,436,$132,105,https://www.builderonline.com/firms/goodall-homes
2016,2015,top100,93,Stylecraft Builders,,434,$93,93,https://www.builderonline.com/firms/stylecraft-builders
2016,2015,top100,94,Saratoga Homes,,418,$109,101,https://www.builderonline.com/firms/saratoga-homes
2016,2015,top100,95,Royal Oaks Building Group,,381,$111,112,https://www.builderonline.com/firms/royal-oaks-building-group
2016,2015,top100,96,Traditions of America,,378,$163,128,https://www.builderonline.com/firms/traditions-of-america
2016,2015,top100,97,Elliott Homes,,376,$177,109,https://www.builderonline.com/firms/elliott-homes
2016,2015,top100,98,United Built Homes,,372,$76,87,https://www.builderonline.com/firms/united-built-homes
2016,2015,top100,99,Grand Homes,,369,$172,98,https://www.builderonline.com/firms/grand-homes
2016,2015,top100,100,Tilson Homes,,365,$95,79,https://www.builderonline.com/firms/tilson-homes
2016,2015,next100,101,Newmark Homes,,354,$159,93,https://www.builderonline.com/firms/newmark-homes
2016,2015,next100,101,AR Homes,,354,$273,121,https://www.builderonline.com/firms/ar-homes
2016,2015,next100,103,Pacesetter Homes,,352,$79,126,https://www.builderonline.com/firms/pacesetter-homes
2016,2015,next100,104,Schell Brothers,,351,$209,111,https://www.builderonline.com/firms/schell-brothers
2016,2015,next100,105,S&A Homes,,343,$98,113,https://www.builderonline.com/firms/s-a-homes
2016,2015,next100,106,Ideal Homes,,329,$67,108,https://www.builderonline.com/firms/ideal-homes
2016,2015,next100,107,The Jones Co. of Tennessee,,327,$120,124,https://www.builderonline.com/firms/the-jones-co-of-tennessee
2016,2015,next100,108,Keystone Custom Homes,,322,$101,104,https://www.builderonline.com/firms/keystone-custom-homes
2016,2015,next100,108,Grayhawk Homes,,322,$78,117,https://www.builderonline.com/firms/grayhawk-homes
2016,2015,next100,110,Simmons Homes,,317,$98,119,https://www.builderonline.com/firms/simmons-homes
2016,2015,next100,110,Regency Homebuilders,,317,$80,123,https://www.builderonline.com/firms/regency-homebuilders
2016,2015,next100,110,Fulton Homes,,317,$116,103,https://www.builderonline.com/firms/fulton-homes
2016,2015,next100,113,Carefree Homes,,313,$53,120,https://www.builderonline.com/firms/carefree-homes
2016,2015,next100,114,Eastbrook Homes,,312,$102,110,https://www.builderonline.com/firms/eastbrook-homes
2016,2015,next100,115,Miller and Smith,,304,$160,106,https://www.builderonline.com/firms/miller-and-smith
2016,2015,next100,116,Park Square Homes,,302,$111,N/A,https://www.builderonline.com/firms/park-square-homes
2016,2015,next100,117,Homes by Westbay,,300,$135,137,https://www.builderonline.com/firms/homes-by-westbay
2016,2015,next100,118,William Ryan Homes,,290,$102,129,https://www.builderonline.com/firms/william-ryan-homes
2016,2015,next100,118,Level Homes,,290,$75,182,https://www.builderonline.com/firms/level-homes
2016,2015,next100,120,The Challenger Group,,289,$83,115,https://www.builderonline.com/firms/the-challenger-group
2016,2015,next100,121,Elite Properties of America,,287,$159,122,https://www.builderonline.com/firms/elite-properties-of-america
2016,2015,next100,122,John Mourier Construction,,281,$128,153,https://www.builderonline.com/firms/john-mourier-construction
2016,2015,next100,123,Savvy Homes,,280,$80,114,https://www.builderonline.com/firms/savvy-homes
2016,2015,next100,124,Granite Ridge Builders,,278,$70,118,https://www.builderonline.com/firms/granite-ridge-builders
2016,2015,next100,125,Van Daele Homes,,273,$185,141,https://www.builderonline.com/firms/van-daele-homes
2016,2015,next100,126,The Olson Co.,,253,$141,147,https://www.builderonline.com/firms/the-olson-co
2016,2015,next100,127,Crescent Homes,,250,$72,126,https://www.builderonline.com/firms/crescent-homes
2016,2015,next100,128,Encore Capital Management,,249,$235,88,https://www.builderonline.com/firms/encore-capital-management
2016,2015,next100,129,Summit Custom Homes,,243,$86,160,https://www.builderonline.com/firms/summit-custom-homes
2016,2015,next100,130,Hubbell Homes,,242,$62,N/A,https://www.builderonline.com/firms/hubbell-homes
2016,2015,next100,131,GreenECO Builders,,234,$46,133,https://www.builderonline.com/firms/greeneco-builders
2016,2015,next100,132,Sumeer Homes,,229,$69,130,https://www.builderonline.com/firms/sumeer-homes
2016,2015,next100,133,G.J. Gardner Homes,,227,$94,130,https://www.builderonline.com/firms/gj-gardner-homes
2016,2015,next100,133,Beechwood Homes,,227,$205,138,https://www.builderonline.com/firms/beechwood-homes
2016,2015,next100,135,Jeff Benton Homes,,224,$70,152,https://www.builderonline.com/firms/jeff-benton-homes
2016,2015,next100,136,Tim O’Brien Homes,,223,$71,148,https://www.builderonline.com/firms/tim-obrien-homes
2016,2015,next100,137,Buffington Homes,,220,$59,146,https://www.builderonline.com/firms/buffington-homes
2016,2015,next100,138,RS Parker Homes,,219,$58,162,https://www.builderonline.com/firms/rs-parker-homes
2016,2015,next100,138,Charter Homes & Neighborhoods,,219,$88,140,https://www.builderonline.com/firms/charter-homes-neighborhoods
2016,2015,next100,140,Cardel Homes,,216,$108,149,https://www.builderonline.com/firms/cardel-homes
2016,2015,next100,141,Trumark Cos.,,211,$175,188,https://www.builderonline.com/firms/trumark-cos
2016,2015,next100,141,Eagle Construction of Virginia,,211,$92,149,https://www.builderonline.com/firms/eagle-construction-of-virginia
2016,2015,next100,143,Stone Martin Builders,,206,$57,N/A,https://www.builderonline.com/firms/stone-martin-builders
2016,2015,next100,143,Payne Family Homes,,206,$69,157,https://www.builderonline.com/firms/payne-family-homes
2016,2015,next100,143,Braselton Homes,,206,$47,141,https://www.builderonline.com/firms/braselton-homes
2016,2015,next100,146,Coleman Homes,,203,$57,160,https://www.builderonline.com/firms/coleman-homes
2016,2015,next100,147,Keystone Homes,,202,$59,N/A,https://www.builderonline.com/firms/keystone-homes
2016,2015,next100,147,Candlelight Homes,,202,$63,N/A,https://www.builderonline.com/firms/candlelight-homes
2016,2015,next100,149,Wynn Construction,,190,$46,151,https://www.builderonline.com/firms/wynn-construction
2016,2015,next100,150,Newcastle Construction,,189,$45,190,https://www.builderonline.com/firms/newcastle-construction
2016,2015,next100,150,Discovery Homes,,189,$147,99,https://www.builderonline.com/firms/discovery-homes_o
2016,2015,next100,152,Providence Homes,,188,$62,159,https://www.builderonline.com/firms/providence-homes
2016,2015,next100,153,Devon Street Homes,,187,$41,135,https://www.builderonline.com/firms/devon-street-homes
2016,2015,next100,154,New Tradition Homes,,183,$75,185,https://www.builderonline.com/firms/new-tradition-homes_1
2016,2015,next100,155,Windsor Homes,,182,$58,179,https://www.builderonline.com/firms/windsor-homes
2016,2015,next100,156,Main Street Homes,,181,$76,162,https://www.builderonline.com/firms/main-street-homes
2016,2015,next100,157,Tropicana Homes,,180,$85,171,https://www.builderonline.com/firms/tropicana-homes
2016,2015,next100,157,Classic Builders,,180,$70,181,https://www.builderonline.com/firms/classic-builders
2016,2015,next100,159,The Warmington Group,,179,$130,N/A,https://www.builderonline.com/firms/the-warmington-group
2016,2015,next100,160,Wathen Castanos Homes,,178,$28,125,https://www.builderonline.com/firms/wathen-castanos-homes
2016,2015,next100,161,Cheldan Homes,,177,$40,136,https://www.builderonline.com/firms/cheldan-homes
2016,2015,next100,161,Saussy Burbank,,177,$82,173,https://www.builderonline.com/firms/saussy-burbank
2016,2015,next100,163,Stoneridge Homes,,176,$55,168,https://www.builderonline.com/firms/stoneridge-homes
2016,2015,next100,164,Dorn Homes,,175,$56,180,https://www.builderonline.com/firms/dorn-homes
2016,2015,next100,165,4Corners Homes,,174,$65,156,https://www.builderonline.com/firms/4corners-homes
2016,2015,next100,166,Shugart Enterprises,,173,$32,165,https://www.builderonline.com/firms/shugart-enterprises
2016,2015,next100,167,MJC Cos.,,172,$74,144,https://www.builderonline.com/firms/mjc-cos
2016,2015,next100,167,A. Sydes Construction,,172,$35,178,https://www.builderonline.com/firms/a-sydes-construction
2016,2015,next100,169,Williams Homes,,171,$97,176,https://www.builderonline.com/firms/williams-homes
2016,2015,next100,169,Traton Homes,,171,$83,155,https://www.builderonline.com/firms/traton-homes
2016,2015,next100,171,Craftmark Group,,170,$109,144,https://www.builderonline.com/firms/craftmark-group
2016,2015,next100,172,The Bozzuto Group,,167,"$1,176",191,https://www.builderonline.com/firms/the-bozzuto-group
2016,2015,next100,173,Hills Properties/Inverness Homes,,165,$120,166,https://www.builderonline.com/firms/hills-properties-inverness-homes
2016,2015,next100,174,Harmony Homes,,163,$42,132,https://www.builderonline.com/firms/harmony-homes
2016,2015,next100,175,Mayberry Homes,,161,$44,172,https://www.builderonline.com/firms/mayberry-homes
2016,2015,next100,175,Fieldstone Homes,,161,$51,162,https://www.builderonline.com/firms/fieldstone-homes
2016,2015,next100,177,Medallion Homes Gulf Coast,,157,$84,169,https://www.builderonline.com/firms/medallion-homes-gulf-coast
2016,2015,next100,178,McArthur Homes,,155,$46,184,https://www.builderonline.com/firms/mcarthur-homes
2016,2015,next100,179,Truland Homes,,154,$51,191,https://www.builderonline.com/firms/truland-homes
2016,2015,next100,180,Marrano Homes/Marc Equity Corp.,,153,$54,175,https://www.builderonline.com/firms/marrano-homes-marc-equity-corp
2016,2015,next100,181,Shaddock Homes,,148,$89,170,https://www.builderonline.com/firms/shaddock-homes
2016,2015,next100,182,Ivey Residential,,146,$33,N/A,https://www.builderonline.com/firms/ivey-residential
2016,2015,next100,182,Evergreene Homes,,146,$110,N/A,https://www.builderonline.com/firms/evergreene-homes
2016,2015,next100,184,Palo Verde Homes,,142,$26,196,https://www.builderonline.com/firms/palo-verde-homes
2016,2015,next100,184,Caruso Homes,,142,$69,N/A,https://www.builderonline.com/firms/caruso-homes
2016,2015,next100,186,McKee Homes,,141,$35,N/A,https://www.builderonline.com/firms/mckee-homes
2016,2015,next100,187,Viera Builders,,140,$52,188,https://www.builderonline.com/firms/viera-builders
2016,2015,next100,188,StyleCraft Homes,,139,$54,N/A,https://www.builderonline.com/firms/stylecraft-homes
2016,2015,next100,189,Insight Homes,,138,$52,182,https://www.builderonline.com/firms/insight-homes
2016,2015,next100,189,Colina Homes,,138,$40,N/A,https://www.builderonline.com/firms/colina-homes
2016,2015,next100,191,Permian Homes,,137,$34,N/A,https://www.builderonline.com/firms/permian-homes
2016,2015,next100,191,Gentry Homes,,137,$75,174,https://www.builderonline.com/firms/gentry-homes
2016,2015,next100,193,LC Homes,,131,$45,157,https://www.builderonline.com/firms/lc-homes
2016,2015,next100,194,Ence Homes,,130,$40,191,https://www.builderonline.com/firms/ence-homes
2016,2015,next100,194,Jim Tibbe Homes,,130,$36,N/A,https://www.builderonline.com/firms/jim-tibbe-homes
2016,2015,next100,196,Centerra Homes,,128,$42,177,https://www.builderonline.com/firms/centerra-homes
2016,2015,next100,197,Capstone Homes,,126,$41,191,https://www.builderonline.com/firms/capstone-homes
2016,2015,next100,198,Manuel Builders,,124,$28,167,https://www.builderonline.com/firms/manuel-builders
2016,2015,next100,199,Comstock Holding Co.,,123,$61,N/A,https://www.builderonline.com/firms/comstock-holding-co_o
2016,2015,next100,200,GHO Homes,,120,$40,195,https://www.builderonline.com/firms/gho-homes
2017,2016,top100,1,D.R. Horton,p,"41,652","$12,645",1,https://www.builderonline.com/firms/dr-horton
2017,2016,top100,2,Lennar Corp.,p,"26,563","$10,950",2,https://www.builderonline.com/firms/lennar-corp
2017,2016,top100,3,PulteGroup,p,"19,951","$7,668",3,https://www.builderonline.com/firms/pultegroup
2017,2016,top100,4,NVR,p,"14,928","$5,823",4,https://www.builderonline.com/firms/nvr
2017,2016,top100,5,CalAtlantic Group,p,"14,229","$6,388",5,https://www.builderonline.com/firms/calatlantic-group
2017,2016,top100,6,2017 KB Home,p,"9,829","$3,595",6,https://www.builderonline.com/builder-100-listing/2017-kb-home/
2017,2016,top100,7,Taylor Morrison,p,"7,369","$3,550",8,https://www.builderonline.com/firms/taylor-morrison
2017,2016,top100,8,Meritage Homes Corp.,p,"7,355","$3,042",7,https://www.builderonline.com/firms/meritage-homes-corp
2017,2016,top100,9,Hovnanian Enterprises,p,"6,687","$2,885",9,https://www.builderonline.com/firms/hovnanian-enterprises
2017,2016,top100,10,2017 Toll Brothers,p,"6,098","$5,170",10,https://www.builderonline.com/builder-100-listing/2017-toll-brothers/
2017,2016,top100,11,Beazer Homes,p,"5,649","$1,785",11,https://www.builderonline.com/firms/beazer-homes-usa
2017,2016,top100,12,M.D.C. Holdings,p,"5,054","$2,327",12,https://www.builderonline.com/firms/mdc-holdings
2017,2016,top100,13,2017 M/I Homes,p,"4,482","$1,691",14,https://www.builderonline.com/builder-100-listing/2017-m-i-homes/
2017,2016,top100,14,Tri Pointe Homes,p,"4,211","$2,405",13,https://www.builderonline.com/firms/tri-pointe-homes
2017,2016,top100,15,LGI Homes,p,"4,163",$838,15,https://www.builderonline.com/firms/lgi-homes
2017,2016,top100,16,2017 David Weekley Homes,,"3,895","$1,794",17,https://www.builderonline.com/builder-100-listing/2017-david-weekley-homes/
2017,2016,top100,17,Shea Homes,,"3,349","$1,880",18,https://www.builderonline.com/firms/shea-homes
2017,2016,top100,18,Habitat for Humanity International,,"3,202","$1,621",16,https://www.builderonline.com/firms/habitat-for-humanity-international
2017,2016,top100,19,Century Communities,p,"2,825",$994,21,https://www.builderonline.com/firms/century-communities
2017,2016,top100,20,William Lyon Homes,p,"2,790","$1,406",20,https://www.builderonline.com/firms/william-lyon-homes
2017,2016,top100,21,Highland Homes,,"2,715","$1,107",23,https://www.builderonline.com/firms/highland-homes
2017,2016,top100,22,Ashton Woods Homes,,"2,707","$1,183",19,https://www.builderonline.com/firms/ashton-woods-homes
2017,2016,top100,23,DSLD Homes,,"2,466",$540,24,https://www.builderonline.com/firms/dsld-homes
2017,2016,top100,24,AV Homes,p,"2,465",$779,25,https://www.builderonline.com/firms/av-homes
2017,2016,top100,25,Mattamy Homes,,"1,987",$618,36,https://www.builderonline.com/firms/mattamy-homes
2017,2016,top100,26,The Villages of Lake Sumter,,"1,843",$697,22,https://www.builderonline.com/firms/the-villages-of-lake-sumter
2017,2016,top100,27,Woodside Homes,,"1,842",$717,27,https://www.builderonline.com/firms/woodside-homes
2017,2016,top100,28,Perry Homes,,"1,826",$710,26,https://www.builderonline.com/firms/perry-homes
2017,2016,top100,29,Brookfield Residential Properties,,"1,667","$1,254",31,https://www.builderonline.com/firms/brookfield-residential-properties
2017,2016,top100,30,2017 Gehan Homes,,"1,634",$542,29,https://www.builderonline.com/builder-100-listing/2017-gehan-homes/
2017,2016,top100,31,DRB Group,,"1,625",$425,33,https://www.builderonline.com/firms/drb-group
2017,2016,top100,32,Drees Homes,,"1,615",$721,28,https://www.builderonline.com/firms/drees-homes
2017,2016,top100,33,GL Homes,,"1,578",$939,37,https://www.builderonline.com/firms/gl-homes
2017,2016,top100,34,True Homes USA,,"1,532",$365,34,https://www.builderonline.com/firms/true-homes-usa
2017,2016,top100,35,Mungo Homes,,"1,512",$419,38,https://www.builderonline.com/firms/mungo-homes
2017,2016,top100,36,MHI-McGuyer Homebuilders,,"1,504",$623,32,https://www.builderonline.com/firms/mhi-mcguyer-homebuilders
2017,2016,top100,37,Rausch Coleman Homes,,"1,396",$229,41,https://www.builderonline.com/firms/rausch-coleman-homes
2017,2016,top100,38,Fischer Homes,,"1,345",$428,39,https://www.builderonline.com/firms/fischer-homes
2017,2016,top100,39,Oakwood Homes,,"1,277",$474,42,https://www.builderonline.com/firms/oakwood-homes
2017,2016,top100,40,WCI Communities,p,"1,276",$694,49,https://www.builderonline.com/firms/wci-communities
2017,2016,top100,41,Long Lake Ltd.,,"1,226",$0,35,https://www.builderonline.com/firms/long-lake-limited
2017,2016,top100,42,Chesmar Homes,,"1,136",$366,46,https://www.builderonline.com/firms/chesmar-homes
2017,2016,top100,43,Wade Jurney Homes,,"1,129",$170,60,https://www.builderonline.com/firms/wade-jurney-homes
2017,2016,top100,43,Neal Communities,,"1,129",$430,45,https://www.builderonline.com/firms/neal-communities
2017,2016,top100,45,Epcon Communities Franchising,,"1,111",$359,40,https://www.builderonline.com/firms/epcon-communities-franchising
2017,2016,top100,46,New Home Co.,p,"1,084",$928,48,https://www.builderonline.com/firms/new-home-co
2017,2016,top100,47,CBH Homes,,"1,075",$226,50,https://www.builderonline.com/firms/cbh-homes
2017,2016,top100,48,Eastwood Homes,,"1,049",$268,44,https://www.builderonline.com/firms/eastwood-homes
2017,2016,top100,49,Castlerock Communities,,"1,038",$268,47,https://www.builderonline.com/firms/castlerock-communities
2017,2016,top100,50,Bloomfield Homes,,"1,029",$322,52,https://www.builderonline.com/firms/bloomfield-homes
2017,2016,top100,51,First Texas Homes,,991,$383,43,https://www.builderonline.com/firms/first-texas-homes
2017,2016,top100,52,Dream Finders Homes,,979,$295,82,https://www.builderonline.com/firms/dream-finders-homes
2017,2016,top100,53,Ivory Homes,,874,$359,53,https://www.builderonline.com/firms/ivory-homes
2017,2016,top100,54,View Homes,,866,$213,67,https://www.builderonline.com/firms/view-homes
2017,2016,top100,55,Clayton Properties Group,,857,$233,N/A,https://www.builderonline.com/firms/clayton-properties-group
2017,2016,top100,56,Arbor Homes,,852,$160,55,https://www.builderonline.com/firms/arbor-homes
2017,2016,top100,57,Stanley Martin Homes,,845,$504,57,https://www.builderonline.com/firms/stanley-martin-homes
2017,2016,top100,58,Green Brick Partners,p,844,$380,61,https://www.builderonline.com/firms/green-brick-partners
2017,2016,top100,59,UCP,p,820,$349,58,https://www.builderonline.com/firms/ucp
2017,2016,top100,60,HistoryMaker Homes,,800,$213,64,https://www.builderonline.com/firms/historymaker-homes
2017,2016,top100,61,Milestone Community Builders,,797,$238,66,https://www.builderonline.com/firms/milestone-community-builders
2017,2016,top100,62,Great Southern Homes,,756,$141,74,https://www.builderonline.com/firms/great-southern-homes
2017,2016,top100,63,Edge Homes,,750,$257,54,https://www.builderonline.com/firms/edge-homes
2017,2016,top100,64,McBride & Son Cos.,,742,$207,51,https://www.builderonline.com/firms/mcbride-son-cos
2017,2016,top100,65,Betenbough Homes,,727,$159,62,https://www.builderonline.com/firms/betenbough-homes
2017,2016,top100,65,Allen Edwin Homes,,727,$178,68,https://www.builderonline.com/firms/allen-edwin-homes
2017,2016,top100,67,Ole South Properties,,715,$159,63,https://www.builderonline.com/firms/ole-south-properties
2017,2016,top100,68,Westport Homes,,672,$151,72,https://www.builderonline.com/firms/westport-homes
2017,2016,top100,69,Ball Homes,,670,$194,71,https://www.builderonline.com/firms/ball-homes
2017,2016,top100,70,Smith Douglas Homes,,665,$146,76,https://www.builderonline.com/firms/smith-douglas-homes
2017,2016,top100,71,Tralon Homes,,656,$211,N/A,https://www.builderonline.com/firms/tralon-homes
2017,2016,top100,72,Essex Homes Southeast,,630,$192,78,https://www.builderonline.com/firms/essex-homes-southeast
2017,2016,top100,73,American Legend Homes,,617,$288,59,https://www.builderonline.com/firms/american-legend-homes
2017,2016,top100,74,Robson Resort Communities,,615,$235,73,https://www.builderonline.com/firms/robson-resort-communities
2017,2016,top100,74,Lombardo Homes,,615,$257,69,https://www.builderonline.com/firms/lombardo-homes
2017,2016,top100,76,HHHunt Corp.,,609,$197,79,https://www.builderonline.com/firms/hhhunt-corp_1
2017,2016,top100,77,Westin Homes,,596,$223,75,https://www.builderonline.com/firms/westin-homes
2017,2016,top100,78,H&H Homes,,582,$156,80,https://www.builderonline.com/firms/h-h-homes
2017,2016,top100,79,Signature Homes,,574,$243,83,https://www.builderonline.com/firms/signature-homes
2017,2016,top100,80,Highland Homes of Florida,,570,$140,81,https://www.builderonline.com/firms/highland-homes_1
2017,2016,top100,81,ICI Homes,,549,$309,90,https://www.builderonline.com/firms/ici-homes
2017,2016,top100,82,Anglia Homes,,542,$116,87,https://www.builderonline.com/firms/anglia-homes
2017,2016,top100,82,Fulton Homes,,542,$198,110,https://www.builderonline.com/firms/fulton-homes
2017,2016,top100,84,Saratoga Homes,,540,$107,94,https://www.builderonline.com/firms/saratoga-homes
2017,2016,top100,85,Armadillo Construction Co.,,519,$135,70,https://www.builderonline.com/firms/armadillo-construction-co
2017,2016,top100,86,Stylecraft Builders,,515,$115,93,https://www.builderonline.com/firms/stylecraft-builders
2017,2016,top100,87,Caviness and Cates Communities,,510,$140,88,https://www.builderonline.com/firms/caviness-and-cates-communities
2017,2016,top100,88,Minto Communities,,508,$265,56,https://www.builderonline.com/firms/minto-communities
2017,2016,top100,89,Home Creations,,468,$100,84,https://www.builderonline.com/firms/home-creations
2017,2016,top100,90,Bill Clark Homes,,462,$126,77,https://www.builderonline.com/firms/bill-clark-homes
2017,2016,top100,91,Pacesetter Homes,,460,$112,103,https://www.builderonline.com/firms/pacesetter-homes
2017,2016,top100,92,2017 Van Metre Cos.,,454,$341,89,https://www.builderonline.com/builder-100-listing/2017-van-metre-cos/
2017,2016,top100,93,Landon Homes,,440,$254,86,https://www.builderonline.com/firms/landon-homes
2017,2016,top100,94,The Jones Co. of Tennessee,,436,$176,107,https://www.builderonline.com/firms/the-jones-co-of-tennessee
2017,2016,top100,95,Grand Homes,,420,$210,99,https://www.builderonline.com/firms/grand-homes
2017,2016,top100,96,NeighborWorks America,,414,$72,65,https://www.builderonline.com/firms/neighborworks-america
2017,2016,top100,97,2017,,413,$87,N/A,https://www.builderonline.com/builder-100-listing/2017/
2017,2016,top100,98,Royal Oaks Building Group,,410,$122,95,https://www.builderonline.com/firms/royal-oaks-building-group
2017,2016,top100,99,Carefree Homes,,407,$75,113,https://www.builderonline.com/firms/carefree-homes
2017,2016,top100,100,Elite Properties of America,,403,$221,121,https://www.builderonline.com/firms/elite-properties-of-america
2017,2016,next100,101,Ideal Homes,,402,$84,106,https://www.builderonline.com/firms/ideal-homes
2017,2016,next100,101,American West Homebuilding Group,,402,$190,91,https://www.builderonline.com/firms/american-west-homebuilding-group
2017,2016,next100,103,Homes by Westbay,,392,$168,117,https://www.builderonline.com/firms/homes-by-westbay
2017,2016,next100,104,United Built Homes,,388,$78,98,https://www.builderonline.com/firms/united-built-homes
2017,2016,next100,105,The Challenger Group,,386,$126,120,https://www.builderonline.com/firms/the-challenger-group
2017,2016,next100,106,AR Homes,,382,$320,101,https://www.builderonline.com/firms/ar-homes
2017,2016,next100,107,Eastbrook Homes,,377,$127,114,https://www.builderonline.com/firms/eastbrook-homes
2017,2016,next100,108,Elliott Homes,,373,$161,97,https://www.builderonline.com/firms/elliott-homes
2017,2016,next100,109,Newmark Homes,,360,$154,101,https://www.builderonline.com/firms/newmark-homes
2017,2016,next100,109,Schell Brothers,,360,$223,104,https://www.builderonline.com/firms/schell-brothers
2017,2016,next100,111,Regent Homes,,358,$104,N/A,https://www.builderonline.com/firms/regent-homes
2017,2016,next100,112,Park Square Homes,,353,$137,116,https://www.builderonline.com/firms/park-square-homes
2017,2016,next100,113,William Ryan Homes,,352,$117,118,https://www.builderonline.com/firms/william-ryan-homes
2017,2016,next100,114,Regency Homebuilders,,349,$91,110,https://www.builderonline.com/firms/regency-homebuilders
2017,2016,next100,115,Frontier Communities,,347,$151,N/A,https://www.builderonline.com/firms/frontier-communities
2017,2016,next100,116,Tilson Homes,,342,$89,100,https://www.builderonline.com/firms/tilson-homes
2017,2016,next100,117,Dunhill Homes,,326,$111,N/A,https://www.builderonline.com/firms/dunhill-homes
2017,2016,next100,118,Level Homes,,317,$102,118,https://www.builderonline.com/firms/level-homes
2017,2016,next100,119,Stock Development,,309,$260,85,https://www.builderonline.com/firms/stock-development
2017,2016,next100,120,Comstock Homes,,308,$255,N/A,https://www.builderonline.com/firms/comstock-homes
2017,2016,next100,121,Encore Capital Management,,306,$193,128,https://www.builderonline.com/firms/encore-capital-management
2017,2016,next100,122,Chesapeake Homes,,305,$14,N/A,https://www.builderonline.com/firms/chesapeake-homes
2017,2016,next100,123,Williams Homes,,299,$165,169,https://www.builderonline.com/firms/williams-homes
2017,2016,next100,124,Charter Homes & Neighborhoods,,297,$127,138,https://www.builderonline.com/firms/charter-homes-neighborhoods
2017,2016,next100,125,Granite Ridge Builders,,295,$75,124,https://www.builderonline.com/firms/granite-ridge-builders
2017,2016,next100,126,Simmons Homes,,293,$64,110,https://www.builderonline.com/firms/simmons-homes
2017,2016,next100,127,Traditions of America,,291,$128,96,https://www.builderonline.com/firms/traditions-of-america
2017,2016,next100,128,John Mourier Construction,,283,$136,122,https://www.builderonline.com/firms/john-mourier-construction
2017,2016,next100,129,Van Daele Homes,,275,$193,125,https://www.builderonline.com/firms/van-daele-homes
2017,2016,next100,130,Hubble Homes,,274,$57,N/A,https://www.builderonline.com/firms/hubble-homes
2017,2016,next100,131,SK Builders,,273,$59,N/A,https://www.builderonline.com/firms/sk-builders
2017,2016,next100,132,Hakes Brothers,,267,$56,N/A,https://www.builderonline.com/firms/hakes-brothers
2017,2016,next100,133,Hubbell Homes,,266,$74,130,https://www.builderonline.com/firms/hubbell-homes
2017,2016,next100,133,Wathen Castanos Homes,,266,$101,160,https://www.builderonline.com/firms/wathen-castanos-homes
2017,2016,next100,135,Edward Andrews Homes,,263,$145,N/A,https://www.builderonline.com/firms/edward-andrews-homes
2017,2016,next100,136,Candlelight Homes,,261,$96,147,https://www.builderonline.com/firms/candlelight-homes
2017,2016,next100,137,Southern Homes of Polk County,,256,$50,N/A,https://www.builderonline.com/firms/southern-homes-of-polk-county
2017,2016,next100,138,The Olson Co.,,255,$153,126,https://www.builderonline.com/firms/the-olson-co
2017,2016,next100,138,Crescent Homes,,255,$77,127,https://www.builderonline.com/firms/crescent-homes
2017,2016,next100,140,Grayhawk Homes,,254,$67,108,https://www.builderonline.com/firms/grayhawk-homes
2017,2016,next100,141,Fieldstone Homes,,253,$93,175,https://www.builderonline.com/firms/fieldstone-homes
2017,2016,next100,142,Colina Homes,,250,$57,189,https://www.builderonline.com/firms/colina-homes
2017,2016,next100,143,New Tradition Homes,,243,$102,154,https://www.builderonline.com/firms/new-tradition-homes_1
2017,2016,next100,143,Classic Builders,,243,$84,157,https://www.builderonline.com/firms/classic-builders
2017,2016,next100,145,Keystone Homes,,240,$67,147,https://www.builderonline.com/firms/keystone-homes
2017,2016,next100,146,Payne Family Homes,,233,$77,143,https://www.builderonline.com/firms/payne-family-homes
2017,2016,next100,147,Summit Custom Homes,,232,$86,129,https://www.builderonline.com/firms/summit-custom-homes
2017,2016,next100,148,Sumeer Homes,,230,$77,132,https://www.builderonline.com/firms/sumeer-homes
2017,2016,next100,149,The Bozzuto Group,,228,$436,172,https://www.builderonline.com/firms/the-bozzuto-group
2017,2016,next100,150,Sharp Residential,,222,$113,N/A,https://www.builderonline.com/firms/sharp-residential
2017,2016,next100,150,A. Sydes Construction,,222,$44,167,https://www.builderonline.com/firms/a-sydes-construction
2017,2016,next100,152,RS Parker Homes,,220,$60,138,https://www.builderonline.com/firms/rs-parker-homes
2017,2016,next100,152,Windsor Homes,,220,$53,155,https://www.builderonline.com/firms/windsor-homes
2017,2016,next100,154,Saussy Burbank,,219,$94,161,https://www.builderonline.com/firms/saussy-burbank
2017,2016,next100,155,Braselton Homes,,216,$48,143,https://www.builderonline.com/firms/braselton-homes
2017,2016,next100,156,Flagship Homes,,215,$55,N/A,https://www.builderonline.com/firms/flagship-homes_o
2017,2016,next100,157,Dorn Homes,,214,$69,164,https://www.builderonline.com/firms/dorn-homes
2017,2016,next100,157,McKee Homes,,214,$57,186,https://www.builderonline.com/firms/mckee-homes
2017,2016,next100,157,Stoneridge Homes,,214,$69,163,https://www.builderonline.com/firms/stoneridge-homes
2017,2016,next100,160,Stone Martin Builders,,212,$60,143,https://www.builderonline.com/firms/stone-martin-builders
2017,2016,next100,161,Tim O’Brien Homes,,210,$74,136,https://www.builderonline.com/firms/tim-obrien-homes
2017,2016,next100,161,Miller and Smith,,210,$154,115,https://www.builderonline.com/firms/miller-and-smith
2017,2016,next100,163,Brohn Homes,,208,$81,N/A,https://www.builderonline.com/firms/brohn-homes
2017,2016,next100,164,Eagle Construction of Virginia,,204,$91,141,https://www.builderonline.com/firms/eagle-construction-of-virginia
2017,2016,next100,165,Devon Street Homes,,202,$48,153,https://www.builderonline.com/firms/devon-street-homes
2017,2016,next100,165,Palo Verde Homes,,202,$36,184,https://www.builderonline.com/firms/palo-verde-homes
2017,2016,next100,167,Hills Properties/Inverness Homes,,198,$139,173,https://www.builderonline.com/firms/hills-properties-inverness-homes
2017,2016,next100,168,G.J. Gardner Homes,,197,$72,133,https://www.builderonline.com/firms/gj-gardner-homes
2017,2016,next100,168,Wynn Construction,,197,$52,149,https://www.builderonline.com/firms/wynn-construction
2017,2016,next100,170,Beechwood Homes,,196,$132,133,https://www.builderonline.com/firms/beechwood-homes
2017,2016,next100,171,Trumark Cos.,,194,$275,141,https://www.builderonline.com/firms/trumark-cos
2017,2016,next100,171,Viera Builders,,194,$75,187,https://www.builderonline.com/firms/viera-builders
2017,2016,next100,171,Newcastle Construction,,194,$50,150,https://www.builderonline.com/firms/newcastle-construction
2017,2016,next100,174,Shaddock Homes,,191,$126,181,https://www.builderonline.com/firms/shaddock-homes
2017,2016,next100,175,GreenECO Builders,,185,$38,131,https://www.builderonline.com/firms/greeneco-builders
2017,2016,next100,175,Tropicana Homes,,185,$63,157,https://www.builderonline.com/firms/tropicana-homes
2017,2016,next100,175,Truland Homes,,185,$65,179,https://www.builderonline.com/firms/truland-homes
2017,2016,next100,178,Jeff Benton Homes,,183,$66,135,https://www.builderonline.com/firms/jeff-benton-homes
2017,2016,next100,179,Mayberry Homes,,182,$46,175,https://www.builderonline.com/firms/mayberry-homes
2017,2016,next100,180,Main Street Homes,,181,$78,156,https://www.builderonline.com/firms/main-street-homes
2017,2016,next100,181,Warmington Group,,180,$112,159,https://www.builderonline.com/firms/warmington-group
2017,2016,next100,182,Traton Homes,,179,$90,169,https://www.builderonline.com/firms/traton-homes
2017,2016,next100,183,GHO Homes,,178,$59,200,https://www.builderonline.com/firms/gho-homes
2017,2016,next100,183,Centerra Homes,,178,$63,196,https://www.builderonline.com/firms/centerra-homes
2017,2016,next100,185,Evergreene Homes,,177,$112,182,https://www.builderonline.com/firms/evergreene-homes
2017,2016,next100,186,Don Julian Builders / New Mark Homes,,172,$53,N/A,https://www.builderonline.com/firms/don-julian-builders-new-mark-homes
2017,2016,next100,186,Craftmark Group,,172,$112,171,https://www.builderonline.com/firms/craftmark-group
2017,2016,next100,188,Greenland Homes,,170,$49,N/A,https://www.builderonline.com/firms/greenland-homes
2017,2016,next100,188,Providence Homes,,170,$62,152,https://www.builderonline.com/firms/providence-homes
2017,2016,next100,190,Sabal Homes,,167,$47,N/A,https://www.builderonline.com/firms/sabal-homes
2017,2016,next100,191,McArthur Homes,,163,$52,178,https://www.builderonline.com/firms/mcarthur-homes
2017,2016,next100,192,Buffington Homes,,162,$47,137,https://www.builderonline.com/firms/buffington-homes
2017,2016,next100,193,MJC Cos.,,159,$75,167,https://www.builderonline.com/firms/mjc-cos
2017,2016,next100,194,4Corners Homes,,158,$54,165,https://www.builderonline.com/firms/4corners-homes
2017,2016,next100,195,Marrano Homes/Marc Equity Corp.,,157,$57,180,https://www.builderonline.com/firms/marrano-homes-marc-equity-corp
2017,2016,next100,196,Insight Homes,,155,$53,189,https://www.builderonline.com/firms/insight-homes
2017,2016,next100,196,Ence Homes,,155,$52,194,https://www.builderonline.com/firms/ence-homes
2017,2016,next100,198,SeaGate Homes,,151,$37,N/A,https://www.builderonline.com/firms/seagate-homes
2017,2016,next100,199,Lokal Homes,,150,$63,N/A,https://www.builderonline.com/firms/lokal-homes
2017,2016,next100,200,Ivey Residential,,149,$35,182,https://www.builderonline.com/firms/ivey-residential
2018,2017,top100,1,D.R. Horton,p,"47,135","$14,520",1,https://www.builderonline.com/firms/dr-horton
2018,2017,top100,2,Lennar Corp.,p,"29,394","$12,646",2,https://www.builderonline.com/firms/lennar-corp
2018,2017,top100,3,PulteGroup,p,"21,052","$8,574",3,https://www.builderonline.com/firms/pultegroup
2018,2017,top100,4,NVR,p,"15,961","$6,805",4,https://www.builderonline.com/firms/nvr
2018,2017,top100,5,CalAtlantic Group,p,"14,602","$6,581",5,https://www.builderonline.com/firms/calatlantic-group
2018,2017,top100,6,2018 KB Home,p,"10,909","$4,369",6,https://www.builderonline.com/builder-100-listing/2018-kb-home/
2018,2017,top100,7,Taylor Morrison,p,"8,032","$3,900",7,https://www.builderonline.com/firms/taylor-morrison
2018,2017,top100,8,Meritage Homes Corp.,p,"7,709","$3,241",8,https://www.builderonline.com/firms/meritage-homes-corp
2018,2017,top100,9,2018 Toll Brothers,p,"7,151","$5,815",10,https://www.builderonline.com/builder-100-listing/2018-toll-brothers/
2018,2017,top100,10,Hovnanian Enterprises,p,"6,115","$2,753",9,https://www.builderonline.com/firms/hovnanian-enterprises
2018,2017,top100,11,LGI Homes,p,"5,845","$1,280",15,https://www.builderonline.com/firms/lgi-homes
2018,2017,top100,12,M.D.C. Holdings,p,"5,541","$2,580",12,https://www.builderonline.com/firms/mdc-holdings
2018,2017,top100,13,Beazer Homes,p,"5,525","$1,896",11,https://www.builderonline.com/firms/beazer-homes-usa
2018,2017,top100,14,2018 M/I Homes,p,"5,089","$1,962",13,https://www.builderonline.com/builder-100-listing/2018-m-i-homes/
2018,2017,top100,15,Tri Pointe Homes,p,"4,697","$2,810",14,https://www.builderonline.com/firms/tri-pointe-homes
2018,2017,top100,16,Century Communities,p,"4,281","$1,719",19,https://www.builderonline.com/firms/century-communities
2018,2017,top100,17,2018 David Weekley Homes,,"4,277","$1,959",16,https://www.builderonline.com/builder-100-listing/2018-david-weekley-homes/
2018,2017,top100,18,Shea Homes,,"3,537","$2,088",17,https://www.builderonline.com/firms/shea-homes
2018,2017,top100,19,William Lyon Homes,p,"3,239","$1,797",20,https://www.builderonline.com/firms/william-lyon-homes
2018,2017,top100,20,Ashton Woods Homes,,"3,168","$1,320",22,https://www.builderonline.com/firms/ashton-woods-homes
2018,2017,top100,21,Habitat for Humanity International,,"3,016","$1,736",18,https://www.builderonline.com/firms/habitat-for-humanity-international
2018,2017,top100,22,Highland Homes,,"2,893","$1,172",21,https://www.builderonline.com/firms/highland-homes
2018,2017,top100,23,Mattamy Homes,,"2,601",$909,25,https://www.builderonline.com/firms/mattamy-homes
2018,2017,top100,24,AV Homes,p,"2,491",$843,24,https://www.builderonline.com/firms/av-homes
2018,2017,top100,25,Woodside Homes,,"2,151",$875,27,https://www.builderonline.com/firms/woodside-homes
2018,2017,top100,26,Perry Homes,,"2,079",$800,28,https://www.builderonline.com/firms/perry-homes
2018,2017,top100,27,The Villages of Lake Sumter,,"2,052",$753,26,https://www.builderonline.com/firms/the-villages-of-lake-sumter
2018,2017,top100,28,DRB Group,,"1,981",$545,31,https://www.builderonline.com/firms/drb-group
2018,2017,top100,29,Clayton Properties Group,,"1,951",$649,55,https://www.builderonline.com/firms/clayton-properties-group
2018,2017,top100,30,Drees Homes,,"1,859",$876,32,https://www.builderonline.com/firms/drees-homes
2018,2017,top100,31,Brookfield Residential Properties,,"1,761","$1,322",29,https://www.builderonline.com/firms/brookfield-residential-properties
2018,2017,top100,32,2018 Gehan Homes,,"1,753",$608,30,https://www.builderonline.com/builder-100-listing/2018-gehan-homes/
2018,2017,top100,33,Mungo Homes,,"1,752",$495,35,https://www.builderonline.com/firms/mungo-homes
2018,2017,top100,34,MHI-McGuyer Homebuilders,,"1,743",$728,36,https://www.builderonline.com/firms/mhi-mcguyer-homebuilders
2018,2017,top100,35,Wade Jurney Homes,,"1,742",$270,43,https://www.builderonline.com/firms/wade-jurney-homes
2018,2017,top100,36,Rausch Coleman Homes,,"1,711",$293,37,https://www.builderonline.com/firms/rausch-coleman-homes
2018,2017,top100,37,Fischer Homes,,"1,624",$522,38,https://www.builderonline.com/firms/fischer-homes
2018,2017,top100,38,True Homes USA,,"1,400",$345,34,https://www.builderonline.com/firms/true-homes-usa
2018,2017,top100,39,Epcon Communities Franchising,,"1,354",$480,45,https://www.builderonline.com/firms/epcon-communities-franchising
2018,2017,top100,40,The Related Group,,"1,350","$1,300",N/A,https://www.builderonline.com/firms/the-related-group
2018,2017,top100,41,New Home Co.,p,"1,310",$899,46,https://www.builderonline.com/firms/new-home-co
2018,2017,top100,42,Bloomfield Homes,,"1,260",$407,50,https://www.builderonline.com/firms/bloomfield-homes
2018,2017,top100,43,Chesmar Homes,,"1,251",$412,42,https://www.builderonline.com/firms/chesmar-homes
2018,2017,top100,44,Eastwood Homes,,"1,232",$336,48,https://www.builderonline.com/firms/eastwood-homes
2018,2017,top100,45,GL Homes,,"1,209",$758,33,https://www.builderonline.com/firms/gl-homes
2018,2017,top100,46,Neal Communities,,"1,183",$453,43,https://www.builderonline.com/firms/neal-communities
2018,2017,top100,47,First Texas Homes,,"1,131",$468,51,https://www.builderonline.com/firms/first-texas-homes
2018,2017,top100,48,Dream Finders Homes,,"1,111",$342,52,https://www.builderonline.com/firms/dream-finders-homes
2018,2017,top100,49,The Kolter Group,,"1,101",$929,N/A,https://www.builderonline.com/firms/kolter-residential
2018,2017,top100,50,Long Lake Ltd.,,"1,096",$241,41,https://www.builderonline.com/firms/long-lake-limited
2018,2017,top100,51,Edge Homes,,"1,080",$293,63,https://www.builderonline.com/firms/edge-homes
2018,2017,top100,52,View Homes,,"1,062",$278,54,https://www.builderonline.com/firms/view-homes
2018,2017,top100,53,CBH Homes,,"1,053",$251,47,https://www.builderonline.com/firms/cbh-homes
2018,2017,top100,54,Smith Douglas Homes,,"1,038",$240,70,https://www.builderonline.com/firms/smith-douglas-homes
2018,2017,top100,55,Arbor Homes,,998,$225,56,https://www.builderonline.com/firms/arbor-homes
2018,2017,top100,56,Green Brick Partners,p,990,$454,58,https://www.builderonline.com/firms/green-brick-partners
2018,2017,top100,57,Stanley Martin Homes,,971,$553,57,https://www.builderonline.com/firms/stanley-martin-homes
2018,2017,top100,58,Castlerock Communities,,966,$269,49,https://www.builderonline.com/firms/castlerock-communities
2018,2017,top100,59,HistoryMaker Homes,,943,$262,60,https://www.builderonline.com/firms/historymaker-homes
2018,2017,top100,60,Ivory Homes,,921,$401,53,https://www.builderonline.com/firms/ivory-homes
2018,2017,top100,61,Betenbough Homes,,918,$170,65,https://www.builderonline.com/firms/betenbough-homes
2018,2017,top100,62,Westport Homes,,843,$203,68,https://www.builderonline.com/firms/westport-homes
2018,2017,top100,63,McBride & Son Cos.,,842,$257,64,https://www.builderonline.com/firms/mcbride-son-cos
2018,2017,top100,64,Ole South Properties,,811,$184,67,https://www.builderonline.com/firms/ole-south-properties
2018,2017,top100,65,Milestone Community Builders,,797,$226,61,https://www.builderonline.com/firms/milestone-community-builders
2018,2017,top100,66,Fulton Homes,,794,$276,82,https://www.builderonline.com/firms/fulton-homes
2018,2017,top100,67,Tralon Homes,,784,$292,71,https://www.builderonline.com/firms/tralon-homes
2018,2017,top100,68,Great Southern Homes,,773,$161,62,https://www.builderonline.com/firms/great-southern-homes
2018,2017,top100,69,Allen Edwin Homes,,724,$181,65,https://www.builderonline.com/firms/allen-edwin-homes
2018,2017,top100,70,Oakwood Homes,,719,$317,39,https://www.builderonline.com/firms/oakwood-homes
2018,2017,top100,71,Ball Homes,,701,$207,69,https://www.builderonline.com/firms/ball-homes
2018,2017,top100,72,Essex Homes Southeast,,682,$194,72,https://www.builderonline.com/firms/essex-homes-southeast
2018,2017,top100,73,Stylecraft Builders,,666,$152,86,https://www.builderonline.com/firms/stylecraft-builders
2018,2017,top100,74,Westin Homes,,661,$253,77,https://www.builderonline.com/firms/westin-homes
2018,2017,top100,75,Highland Homes of Florida,,642,$190,80,https://www.builderonline.com/firms/highland-homes_1
2018,2017,top100,76,HHHunt Corp.,,640,$441,76,https://www.builderonline.com/firms/hhhunt-corp_1
2018,2017,top100,77,American West Homebuilding Group,,630,$263,101,https://www.builderonline.com/firms/american-west-homebuilding-group
2018,2017,top100,77,American Legend Homes,,630,$278,73,https://www.builderonline.com/firms/american-legend-homes
2018,2017,top100,79,Lombardo Homes,,618,$278,74,https://www.builderonline.com/firms/lombardo-homes
2018,2017,top100,80,Robson Resort Communities,,611,$254,74,https://www.builderonline.com/firms/robson-resort-communities
2018,2017,top100,81,John Houston Custom Homes,,599,$205,N/A,https://www.builderonline.com/firms/john-houston-custom-homes_o
2018,2017,top100,82,H&H Homes,,588,$184,78,https://www.builderonline.com/firms/h-h-homes
2018,2017,top100,83,Caviness and Cates Communities,,561,$140,87,https://www.builderonline.com/firms/caviness-and-cates-communities
2018,2017,top100,84,Saratoga Homes,,560,$138,84,https://www.builderonline.com/firms/saratoga-homes
2018,2017,top100,85,City Ventures,,549,$454,N/A,https://www.builderonline.com/firms/city-ventures
2018,2017,top100,86,2018 Van Metre Cos.,,532,$424,92,https://www.builderonline.com/builder-100-listing/2018-van-metre-cos/
2018,2017,top100,87,Rocklyn Homes,,529,$424,N/A,https://www.builderonline.com/firms/rocklyn-homes
2018,2017,top100,88,Armadillo Construction Co.,,516,$129,85,https://www.builderonline.com/firms/armadillo-construction-co
2018,2017,top100,89,Elite Properties of America,,511,$245,100,https://www.builderonline.com/firms/elite-properties-of-america
2018,2017,top100,90,Trumark Cos.,,510,$631,171,https://www.builderonline.com/firms/trumark-cos
2018,2017,top100,91,Bill Clark Homes,,508,$185,90,https://www.builderonline.com/firms/bill-clark-homes
2018,2017,top100,91,Signature Homes,,508,$219,79,https://www.builderonline.com/firms/signature-homes
2018,2017,top100,93,Pacesetter Homes,,505,$124,91,https://www.builderonline.com/firms/pacesetter-homes
2018,2017,top100,94,Anglia Homes,,486,$114,82,https://www.builderonline.com/firms/anglia-homes
2018,2017,top100,95,Elliott Homes,,469,$224,108,https://www.builderonline.com/firms/elliott-homes
2018,2017,top100,96,ICI Homes,,462,$311,81,https://www.builderonline.com/firms/ici-homes
2018,2017,top100,97,Carefree Homes,,454,$88,99,https://www.builderonline.com/firms/carefree-homes
2018,2017,top100,98,Home Creations,,445,$100,89,https://www.builderonline.com/firms/home-creations
2018,2017,top100,99,Minto Communities,,441,$209,88,https://www.builderonline.com/firms/minto-communities
2018,2017,top100,100,Homes by Westbay,,440,$195,103,https://www.builderonline.com/firms/homes-by-westbay
2018,2017,next100,101,AR Homes,,430,$369,106,https://www.builderonline.com/firms/ar-homes
2018,2017,next100,102,Grand Homes,,426,$226,95,https://www.builderonline.com/firms/grand-homes
2018,2017,next100,103,Impression Homes,,408,$120,N/A,https://www.builderonline.com/firms/impression-homes
2018,2017,next100,104,2018,,403,$88,97,https://www.builderonline.com/builder-100-listing/2018/
2018,2017,next100,105,Park Square Homes,,400,$137,112,https://www.builderonline.com/firms/park-square-homes
2018,2017,next100,105,United Built Homes,,400,$86,104,https://www.builderonline.com/firms/united-built-homes
2018,2017,next100,107,Eastbrook Homes,,391,$136,107,https://www.builderonline.com/firms/eastbrook-homes
2018,2017,next100,108,Comstock Homes,,389,$289,120,https://www.builderonline.com/firms/comstock-homes
2018,2017,next100,108,Royal Oaks Building Group,,389,$125,98,https://www.builderonline.com/firms/royal-oaks-building-group
2018,2017,next100,110,William Ryan Homes,,381,$131,113,https://www.builderonline.com/firms/william-ryan-homes
2018,2017,next100,111,Level Homes,,378,$111,118,https://www.builderonline.com/firms/level-homes
2018,2017,next100,112,Edward Andrews Homes,,372,$189,135,https://www.builderonline.com/firms/edward-andrews-homes
2018,2017,next100,113,Newmark Homes,,369,$156,109,https://www.builderonline.com/firms/newmark-homes
2018,2017,next100,114,Schell Brothers,,368,$234,109,https://www.builderonline.com/firms/schell-brothers
2018,2017,next100,115,Tilson Homes,,360,$92,116,https://www.builderonline.com/firms/tilson-homes
2018,2017,next100,116,Regent Homes,,359,$117,111,https://www.builderonline.com/firms/regent-homes
2018,2017,next100,117,Landon Homes,,356,$225,93,https://www.builderonline.com/firms/landon-homes
2018,2017,next100,118,The Jones Co. of Tennessee,,354,$146,94,https://www.builderonline.com/firms/the-jones-co-of-tennessee
2018,2017,next100,119,Tropicana Homes,,347,$59,175,https://www.builderonline.com/firms/tropicana-homes
2018,2017,next100,120,SK Builders,,345,$77,131,https://www.builderonline.com/firms/sk-builders
2018,2017,next100,120,Ideal Homes,,345,$76,101,https://www.builderonline.com/firms/ideal-homes
2018,2017,next100,122,Flagship Homes,,342,$114,156,https://www.builderonline.com/firms/flagship-homes_o
2018,2017,next100,123,Granite Ridge Builders,,338,$84,125,https://www.builderonline.com/firms/granite-ridge-builders
2018,2017,next100,124,Dunhill Homes,,333,$120,117,https://www.builderonline.com/firms/dunhill-homes
2018,2017,next100,125,Chesapeake Homes,,327,$100,122,https://www.builderonline.com/firms/chesapeake-homes
2018,2017,next100,126,John Mourier Construction,,319,$164,128,https://www.builderonline.com/firms/john-mourier-construction
2018,2017,next100,126,Classic Builders,,319,$96,143,https://www.builderonline.com/firms/classic-builders
2018,2017,next100,128,Fieldstone Homes,,315,$122,141,https://www.builderonline.com/firms/fieldstone-homes
2018,2017,next100,129,Stone Martin Builders,,312,$87,160,https://www.builderonline.com/firms/stone-martin-builders
2018,2017,next100,129,Wynn Construction,,312,$84,168,https://www.builderonline.com/firms/wynn-construction
2018,2017,next100,129,Crescent Homes,,312,$108,138,https://www.builderonline.com/firms/crescent-homes
2018,2017,next100,132,Eagle Construction of Virginia,,310,$136,164,https://www.builderonline.com/firms/eagle-construction-of-virginia
2018,2017,next100,133,Regency Homebuilders,,309,$91,114,https://www.builderonline.com/firms/regency-homebuilders
2018,2017,next100,134,Geonerco Group,,297,$153,N/A,https://www.builderonline.com/firms/geonerco-group_o
2018,2017,next100,135,Hakes Brothers,,294,$64,132,https://www.builderonline.com/firms/hakes-brothers
2018,2017,next100,136,Garrett Walker Homes,,293,$79,N/A,https://www.builderonline.com/firms/garrett-walker-homes_o
2018,2017,next100,137,Traditions of America,,289,$130,127,https://www.builderonline.com/firms/traditions-of-america
2018,2017,next100,138,Warmington Group,,282,$173,181,https://www.builderonline.com/firms/warmington-group
2018,2017,next100,139,Hubble Homes,,274,$64,130,https://www.builderonline.com/firms/hubble-homes
2018,2017,next100,140,Frontier Communities,,273,$112,115,https://www.builderonline.com/firms/frontier-communities
2018,2017,next100,141,Hills Properties/Inverness Homes,,269,$180,167,https://www.builderonline.com/firms/hills-properties-inverness-homes
2018,2017,next100,142,Grayhawk Homes,,266,$76,140,https://www.builderonline.com/firms/grayhawk-homes
2018,2017,next100,143,Charter Homes & Neighborhoods,,265,$128,124,https://www.builderonline.com/firms/charter-homes-neighborhoods
2018,2017,next100,144,Payne Family Homes,,263,$91,146,https://www.builderonline.com/firms/payne-family-homes
2018,2017,next100,145,Simmons Homes,,262,$94,126,https://www.builderonline.com/firms/simmons-homes
2018,2017,next100,146,Colina Homes,,259,$56,142,https://www.builderonline.com/firms/colina-homes
2018,2017,next100,147,Shaddock Homes,,253,$282,174,https://www.builderonline.com/firms/shaddock-homes
2018,2017,next100,147,Brohn Homes,,253,$90,163,https://www.builderonline.com/firms/brohn-homes
2018,2017,next100,149,Main Street Homes,,251,$102,180,https://www.builderonline.com/firms/main-street-homes
2018,2017,next100,150,Devon Street Homes,,250,$62,165,https://www.builderonline.com/firms/devon-street-homes
2018,2017,next100,151,Boulder Creek Neighborhoods,,249,$119,N/A,https://www.builderonline.com/firms/boulder-creek-neighborhoods_o
2018,2017,next100,151,Keystone Homes,,249,$75,145,https://www.builderonline.com/firms/keystone-homes
2018,2017,next100,151,Wathen Castanos Homes,,249,$79,133,https://www.builderonline.com/firms/wathen-castanos-homes
2018,2017,next100,154,Hubbell Homes,,248,$151,133,https://www.builderonline.com/firms/hubbell-homes
2018,2017,next100,155,Viera Builders,,246,$97,171,https://www.builderonline.com/firms/viera-builders
2018,2017,next100,156,Windsor Homes,,245,$65,152,https://www.builderonline.com/firms/windsor-homes
2018,2017,next100,157,New Tradition Homes,,244,$106,143,https://www.builderonline.com/firms/new-tradition-homes_1
2018,2017,next100,158,GHO Homes,,243,$87,183,https://www.builderonline.com/firms/gho-homes
2018,2017,next100,159,Truland Homes,,241,$86,175,https://www.builderonline.com/firms/truland-homes
2018,2017,next100,160,A. Sydes Construction,,233,$53,150,https://www.builderonline.com/firms/a-sydes-construction
2018,2017,next100,161,Sumeer Homes,,229,$76,148,https://www.builderonline.com/firms/sumeer-homes
2018,2017,next100,161,Camden Homes,,229,$50,N/A,https://www.builderonline.com/firms/camden-homes_o
2018,2017,next100,163,Berks Homes,,228,$59,N/A,https://www.builderonline.com/firms/berks-homes
2018,2017,next100,164,Williams Homes,,227,$132,123,https://www.builderonline.com/firms/williams-homes
2018,2017,next100,165,Stock Development,,225,$339,119,https://www.builderonline.com/firms/stock-development
2018,2017,next100,166,Saussy Burbank,,224,$105,154,https://www.builderonline.com/firms/saussy-burbank
2018,2017,next100,167,Lokal Homes,,223,$97,199,https://www.builderonline.com/firms/lokal-homes
2018,2017,next100,167,The Bozzuto Group,,223,$0,149,https://www.builderonline.com/firms/the-bozzuto-group
2018,2017,next100,169,Our Country Homes,,219,$135,N/A,https://www.builderonline.com/firms/our-country-homes_o
2018,2017,next100,170,Southern Homes of Polk County,,218,$47,137,https://www.builderonline.com/firms/southern-homes-of-polk-county
2018,2017,next100,171,Dorn Homes,,217,$80,157,https://www.builderonline.com/firms/dorn-homes
2018,2017,next100,172,Greenstone Homes,,214,$107,N/A,https://www.builderonline.com/firms/greenstone-homes_o
2018,2017,next100,173,McKee Homes,,213,$59,157,https://www.builderonline.com/firms/mckee-homes
2018,2017,next100,173,Tim O’Brien Homes,,213,$76,161,https://www.builderonline.com/firms/tim-obrien-homes
2018,2017,next100,175,Riverwood Homes,,212,$40,N/A,https://www.builderonline.com/firms/riverwood-homes_o
2018,2017,next100,176,Miller and Smith,,211,$97,161,https://www.builderonline.com/firms/miller-and-smith
2018,2017,next100,177,The Olson Co.,,208,$123,138,https://www.builderonline.com/firms/the-olson-co
2018,2017,next100,178,Pratt Home Builders,,207,$60,N/A,https://www.builderonline.com/firms/pratt-home-builders
2018,2017,next100,178,Mandalay Homes,,207,$78,N/A,https://www.builderonline.com/firms/mandalay-homes_o
2018,2017,next100,180,Bonadelle Neighborhoods,,205,$75,N/A,https://www.builderonline.com/firms/bonadelle-neighborhoods
2018,2017,next100,180,Van Daele Homes,,205,$147,129,https://www.builderonline.com/firms/van-daele-homes
2018,2017,next100,182,Stoneridge Homes,,200,$67,157,https://www.builderonline.com/firms/stoneridge-homes
2018,2017,next100,183,MJC Cos.,,195,$107,193,https://www.builderonline.com/firms/mjc-cos
2018,2017,next100,183,Braselton Homes,,195,$48,155,https://www.builderonline.com/firms/braselton-homes
2018,2017,next100,185,Craftmark Group,,191,$148,186,https://www.builderonline.com/firms/craftmark-group
2018,2017,next100,185,Robert Thomas Homes,,191,$105,N/A,https://www.builderonline.com/firms/robert-thomas-homes_o
2018,2017,next100,187,Legacy Homes of Alabama,,189,$41,N/A,https://www.builderonline.com/firms/legacy-homes-of-alabama_o
2018,2017,next100,188,Homes By Dickerson,,188,$92,N/A,https://www.builderonline.com/firms/homes-by-dickerson
2018,2017,next100,189,Pacific Communities Builder,,187,$95,N/A,https://www.builderonline.com/firms/pacific-communities-builder
2018,2017,next100,190,Jeff Benton Homes,,186,$65,178,https://www.builderonline.com/firms/jeff-benton-homes
2018,2017,next100,190,Mayberry Homes,,186,$45,179,https://www.builderonline.com/firms/mayberry-homes
2018,2017,next100,190,Garman Homes,,186,$57,N/A,https://www.builderonline.com/firms/garman-homes_o
2018,2017,next100,193,Sharp Residential,,181,$89,150,https://www.builderonline.com/firms/sharp-residential
2018,2017,next100,193,Centerra Homes,,181,$63,183,https://www.builderonline.com/firms/centerra-homes
2018,2017,next100,195,Providence Homes,,180,$72,188,https://www.builderonline.com/firms/providence-homes
2018,2017,next100,195,Palo Verde Homes,,180,$33,165,https://www.builderonline.com/firms/palo-verde-homes
2018,2017,next100,195,StyleCraft Homes,,180,$64,N/A,https://www.builderonline.com/firms/stylecraft-homes
2018,2017,next100,198,Evergreene Homes,,176,$128,185,https://www.builderonline.com/firms/evergreene-homes
2018,2017,next100,198,Silverstone Communities,,176,$41,N/A,https://www.builderonline.com/firms/silverstone-communities_o
2018,2017,next100,200,McArthur Homes,,175,$49,191,https://www.builderonline.com/firms/mcarthur-homes
2019,2018,top100,1,D.R. Horton,p,"52,569","$15,728",1,https://www.builderonline.com/firms/dr-horton
2019,2018,top100,2,Lennar Corp.,p,"48,856","$18,811",2,https://www.builderonline.com/firms/lennar-corp
2019,2018,top100,3,PulteGroup,p,"23,107","$9,818",3,https://www.builderonline.com/firms/pultegroup
2019,2018,top100,4,NVR,p,"18,447","$7,004",4,https://www.builderonline.com/firms/nvr
2019,2018,top100,5,2019 KB Home,p,"11,317","$4,534",6,https://www.builderonline.com/builder-100-listing/2019-kb-home/
2019,2018,top100,6,Taylor Morrison,p,"8,760","$4,115",7,https://www.builderonline.com/firms/taylor-morrison
2019,2018,top100,7,Meritage Homes,p,"8,531","$3,475",8,https://www.builderonline.com/firms/meritage-homes
2019,2018,top100,8,2019 Toll Brothers,p,"8,265","$7,143",9,https://www.builderonline.com/builder-100-listing/2019-toll-brothers/
2019,2018,top100,9,Century Communities,p,"7,092","$2,260",16,https://www.builderonline.com/firms/century-communities
2019,2018,top100,10,LGI Homes,p,"6,512","$1,504",11,https://www.builderonline.com/firms/lgi-homes
2019,2018,top100,11,M.D.C. Holdings,p,"6,197","$2,982",12,https://www.builderonline.com/firms/mdc-holdings
2019,2018,top100,12,2019 M/I Homes,p,"5,778","$2,234",14,https://www.builderonline.com/builder-100-listing/2019-m-i-homes/
2019,2018,top100,13,Beazer Homes,p,"5,767","$2,077",13,https://www.builderonline.com/firms/beazer-homes-usa
2019,2018,top100,14,Hovnanian Enterprises,p,"5,758","$2,491",10,https://www.builderonline.com/firms/hovnanian-enterprises
2019,2018,top100,15,Tri Pointe Homes,p,"5,071","$3,263",15,https://www.builderonline.com/firms/tri-pointe-homes
2019,2018,top100,16,2019 David Weekley Homes,,"4,687","$2,153",17,https://www.builderonline.com/builder-100-listing/2019-david-weekley-homes/
2019,2018,top100,17,Habitat for Humanity International,,"4,334",$492,21,https://www.builderonline.com/firms/habitat-for-humanity-international
2019,2018,top100,18,William Lyon Homes,p,"4,186","$2,082",19,https://www.builderonline.com/firms/william-lyon-homes
2019,2018,top100,19,Ashton Woods Homes,,"4,057","$1,600",20,https://www.builderonline.com/firms/ashton-woods-homes
2019,2018,top100,20,Clayton Properties Group,,"3,999","$1,336",29,https://www.builderonline.com/firms/clayton-properties-group
2019,2018,top100,21,Shea Homes,,"3,839","$2,396",18,https://www.builderonline.com/firms/shea-homes
2019,2018,top100,22,Mattamy Homes,,"3,313","$1,194",23,https://www.builderonline.com/firms/mattamy-homes
2019,2018,top100,23,Highland Homes,,"3,074","$1,236",22,https://www.builderonline.com/firms/highland-homes
2019,2018,top100,24,Perry Homes,,"2,615","$1,034",26,https://www.builderonline.com/firms/perry-homes
2019,2018,top100,25,DRB Group,,"2,217",$654,28,https://www.builderonline.com/firms/drb-group
2019,2018,top100,26,Brookfield Residential Properties,,"2,196","$1,336",31,https://www.builderonline.com/firms/brookfield-residential-properties
2019,2018,top100,27,The Related Group,,"2,125","$2,400",40,https://www.builderonline.com/firms/the-related-group
2019,2018,top100,28,Woodside Homes,,"2,058",$890,25,https://www.builderonline.com/firms/woodside-homes
2019,2018,top100,29,Drees Homes,,"1,971",$936,30,https://www.builderonline.com/firms/drees-homes
2019,2018,top100,30,Fischer Homes,,"1,901",$637,37,https://www.builderonline.com/firms/fischer-homes
2019,2018,top100,31,The Villages of Lake Sumter,,"1,866",$577,27,https://www.builderonline.com/firms/the-villages-of-lake-sumter
2019,2018,top100,32,Mungo Homes,,"1,768",$510,33,https://www.builderonline.com/firms/mungo-homes
2019,2018,top100,33,MHI-McGuyer Homebuilders,,"1,721",$751,34,https://www.builderonline.com/firms/mhi-mcguyer-homebuilders
2019,2018,top100,34,True Homes,,"1,559",$403,38,https://www.builderonline.com/firms/true-homes
2019,2018,top100,35,Stanley Martin Homes,,"1,482",$706,57,https://www.builderonline.com/firms/stanley-martin-homes
2019,2018,top100,36,Dream Finders Homes,,"1,408",$530,48,https://www.builderonline.com/firms/dream-finders-homes
2019,2018,top100,37,CBH Homes,,"1,348",$371,53,https://www.builderonline.com/firms/cbh-homes
2019,2018,top100,38,Bloomfield Homes,,"1,346",$438,42,https://www.builderonline.com/firms/bloomfield-homes
2019,2018,top100,39,Chesmar Homes,,"1,343",$435,43,https://www.builderonline.com/firms/chesmar-homes
2019,2018,top100,40,Smith Douglas Homes,,"1,307",$329,54,https://www.builderonline.com/firms/smith-douglas-homes
2019,2018,top100,41,First Texas Homes,,"1,306",$535,47,https://www.builderonline.com/firms/first-texas-homes
2019,2018,top100,42,Green Brick Partners,p,"1,287",$571,56,https://www.builderonline.com/firms/green-brick-partners
2019,2018,top100,43,GL Homes,,"1,260",$821,45,https://www.builderonline.com/firms/gl-homes
2019,2018,top100,44,New Home Co.,p,"1,244",$806,41,https://www.builderonline.com/firms/new-home-co
2019,2018,top100,45,Epcon Communities,,"1,236",$481,39,https://www.builderonline.com/firms/epcon-communities
2019,2018,top100,46,Long Lake Ltd.,,"1,172",$273,50,https://www.builderonline.com/firms/long-lake-limited
2019,2018,top100,47,Edge Homes,,"1,159",$363,51,https://www.builderonline.com/firms/edge-homes
2019,2018,top100,48,Neal Communities,,"1,148",$464,46,https://www.builderonline.com/firms/neal-communities
2019,2018,top100,49,Ivory Homes,,"1,121",$498,60,https://www.builderonline.com/firms/ivory-homes
2019,2018,top100,50,Eastwood Homes,,"1,105",$320,44,https://www.builderonline.com/firms/eastwood-homes
2019,2018,top100,51,View Homes,,"1,071",$304,52,https://www.builderonline.com/firms/view-homes
2019,2018,top100,52,Betenbough Homes,,"1,013",$192,61,https://www.builderonline.com/firms/betenbough-homes
2019,2018,top100,53,Castlerock Communities,,986,$287,58,https://www.builderonline.com/firms/castlerock-communities
2019,2018,top100,54,Great Southern Homes,,947,$200,68,https://www.builderonline.com/firms/great-southern-homes
2019,2018,top100,55,Minto Communities,,856,$402,99,https://www.builderonline.com/firms/minto-communities
2019,2018,top100,56,McBride & Son Cos.,,848,$282,63,https://www.builderonline.com/firms/mcbride-son-cos
2019,2018,top100,57,American West Homebuilding Group,,814,$313,77,https://www.builderonline.com/firms/american-west-homebuilding-group
2019,2018,top100,57,HistoryMaker Homes,,814,$229,59,https://www.builderonline.com/firms/historymaker-homes
2019,2018,top100,59,Highland Homes of Florida,,813,$180,75,https://www.builderonline.com/firms/highland-homes_1
2019,2018,top100,60,Tralon Homes,,791,$298,67,https://www.builderonline.com/firms/tralon-homes
2019,2018,top100,61,Robson Resort Communities,,790,$339,80,https://www.builderonline.com/firms/robson-resort-communities
2019,2018,top100,62,American Legend Homes,,767,$354,77,https://www.builderonline.com/firms/american-legend-homes
2019,2018,top100,63,Milestone Community Builders,,766,$223,65,https://www.builderonline.com/firms/milestone-community-builders
2019,2018,top100,64,Essex Homes Southeast,,753,$251,72,https://www.builderonline.com/firms/essex-homes-southeast
2019,2018,top100,65,Stylecraft Builders,,745,$155,73,https://www.builderonline.com/firms/stylecraft-builders
2019,2018,top100,66,H&H Homes,,726,$215,82,https://www.builderonline.com/firms/h-h-homes
2019,2018,top100,67,Ole South Properties,,708,$179,64,https://www.builderonline.com/firms/ole-south-properties
2019,2018,top100,68,Rocklyn Homes,,693,$154,87,https://www.builderonline.com/firms/rocklyn-homes
2019,2018,top100,69,Allen Edwin Homes,,692,$182,69,https://www.builderonline.com/firms/allen-edwin-homes
2019,2018,top100,70,Westport Homes,,686,$181,62,https://www.builderonline.com/firms/westport-homes
2019,2018,top100,71,Fulton Homes,,685,$245,66,https://www.builderonline.com/firms/fulton-homes
2019,2018,top100,72,HHHunt Corp.,,680,$271,76,https://www.builderonline.com/firms/hhhunt-corp_1
2019,2018,top100,73,Ball Homes,,675,$232,71,https://www.builderonline.com/firms/ball-homes
2019,2018,top100,74,Lombardo Homes,,661,$293,79,https://www.builderonline.com/firms/lombardo-homes
2019,2018,top100,75,Saratoga Homes,,658,$144,84,https://www.builderonline.com/firms/saratoga-homes
2019,2018,top100,76,2019 Van Metre Cos.,,637,$436,86,https://www.builderonline.com/builder-100-listing/2019-van-metre-cos/
2019,2018,top100,77,John Houston Custom Homes,,615,$221,81,https://www.builderonline.com/firms/john-houston-custom-homes_o
2019,2018,top100,78,Westin Homes,,603,$244,74,https://www.builderonline.com/firms/westin-homes
2019,2018,top100,79,Elite Properties of America,,597,$286,89,https://www.builderonline.com/firms/elite-properties-of-america
2019,2018,top100,80,Anglia Homes,,592,$138,94,https://www.builderonline.com/firms/anglia-homes
2019,2018,top100,81,Homes by Westbay,,554,$247,100,https://www.builderonline.com/firms/homes-by-westbay
2019,2018,top100,82,City Ventures,,553,$385,85,https://www.builderonline.com/firms/city-ventures
2019,2018,top100,83,Caviness and Cates Communities,,541,$208,83,https://www.builderonline.com/firms/caviness-and-cates-communities
2019,2018,top100,84,ICI Homes,,532,$266,96,https://www.builderonline.com/firms/ici-homes
2019,2018,top100,85,Trumark Cos.,,526,$495,90,https://www.builderonline.com/firms/trumark-cos
2019,2018,top100,86,Signature Homes,,505,$230,91,https://www.builderonline.com/firms/signature-homes
2019,2018,top100,87,Bill Clark Homes,,500,$151,91,https://www.builderonline.com/firms/bill-clark-homes
2019,2018,top100,88,Kerley Family Homes,,497,$121,104,https://www.builderonline.com/firms/kerley-family-homes_1
2019,2018,top100,89,Garrett Walker Homes,,496,$131,136,https://www.builderonline.com/firms/garrett-walker-homes_o
2019,2018,top100,90,Knight Homes,,478,$110,N/A,https://www.builderonline.com/firms/knight-homes_o
2019,2018,top100,91,Carefree Homes,,475,$98,97,https://www.builderonline.com/firms/carefree-homes
2019,2018,top100,92,Park Square Homes,,467,$155,105,https://www.builderonline.com/firms/park-square-homes
2019,2018,top100,93,United Built Homes,,458,$82,105,https://www.builderonline.com/firms/united-built-homes
2019,2018,top100,94,Home Creations,,448,$100,98,https://www.builderonline.com/firms/home-creations
2019,2018,top100,95,Eastbrook Homes,,437,$162,107,https://www.builderonline.com/firms/eastbrook-homes
2019,2018,top100,96,John Mourier Construction,,436,$233,126,https://www.builderonline.com/firms/john-mourier-construction
2019,2018,top100,97,Grand Homes,,435,$235,102,https://www.builderonline.com/firms/grand-homes
2019,2018,top100,98,Pacesetter Homes,,422,$114,93,https://www.builderonline.com/firms/pacesetter-homes
2019,2018,top100,99,William Ryan Homes,,409,$153,110,https://www.builderonline.com/firms/william-ryan-homes
2019,2018,top100,100,AR Homes,,405,$365,101,https://www.builderonline.com/firms/ar-homes
2019,2018,next100,101,13th Floor Homes,,401,$211,N/A,https://www.builderonline.com/firms/13th-floor-homes_o
2019,2018,next100,102,Crescent Homes,,392,$130,129,https://www.builderonline.com/firms/crescent-homes
2019,2018,next100,103,San Joaquin Valley Homes,,391,$115,N/A,https://www.builderonline.com/firms/san-joaquin-valley-homes_o
2019,2018,next100,104,Newmark Homes,,385,$173,113,https://www.builderonline.com/firms/newmark-homes
2019,2018,next100,105,Tilson Homes,,384,$103,115,https://www.builderonline.com/firms/tilson-homes
2019,2018,next100,106,Comstock Homes,,378,$227,108,https://www.builderonline.com/firms/comstock-homes
2019,2018,next100,107,Camden Homes,,372,$50,161,https://www.builderonline.com/firms/camden-homes_o
2019,2018,next100,108,Edward Andrews Homes,,371,$197,112,https://www.builderonline.com/firms/edward-andrews-homes
2019,2018,next100,109,Regency Homebuilders,,366,$119,133,https://www.builderonline.com/firms/regency-homebuilders
2019,2018,next100,110,Flagship Homes,,365,$155,122,https://www.builderonline.com/firms/flagship-homes_o
2019,2018,next100,111,Stone Martin Builders,,363,$107,129,https://www.builderonline.com/firms/stone-martin-builders
2019,2018,next100,112,Hubble Homes,,362,$88,139,https://www.builderonline.com/firms/hubble-homes
2019,2018,next100,113,Ideal Homes,,361,$76,120,https://www.builderonline.com/firms/ideal-homes
2019,2018,next100,114,Regent Homes,,359,$114,116,https://www.builderonline.com/firms/regent-homes
2019,2018,next100,115,Williams Homes,,358,$210,164,https://www.builderonline.com/firms/williams-homes
2019,2018,next100,116,Altura Homes,,352,$107,N/A,https://www.builderonline.com/firms/altura-homes_o
2019,2018,next100,117,Wathen Castanos Homes,,346,$155,151,https://www.builderonline.com/firms/wathen-castanos-homes
2019,2018,next100,118,Frontier Communities,,342,$147,140,https://www.builderonline.com/firms/frontier-communities
2019,2018,next100,118,The Olson Co.,,342,$195,177,https://www.builderonline.com/firms/the-olson-co
2019,2018,next100,118,Viera Builders,,342,$140,155,https://www.builderonline.com/firms/viera-builders
2019,2018,next100,121,Level Homes,,341,$110,111,https://www.builderonline.com/firms/level-homes
2019,2018,next100,122,The Warmington Group,,340,$227,138,https://www.builderonline.com/firms/the-warmington-group
2019,2018,next100,123,Fieldstone Homes,,336,$144,128,https://www.builderonline.com/firms/fieldstone-homes
2019,2018,next100,124,Miller and Smith,,334,$192,176,https://www.builderonline.com/firms/miller-and-smith
2019,2018,next100,125,Granite Ridge Builders,,333,$83,123,https://www.builderonline.com/firms/granite-ridge-builders
2019,2018,next100,126,SK Builders,,330,$76,120,https://www.builderonline.com/firms/sk-builders
2019,2018,next100,127,The Jones Co. of Tennessee/Consort Homes,,326,$156,118,https://www.builderonline.com/firms/the-jones-co-of-tennessee-consort-homes
2019,2018,next100,128,Beechwood Homes,,323,$222,N/A,https://www.builderonline.com/firms/beechwood-homes
2019,2018,next100,128,Charter Homes and Neighborhoods,,323,$108,143,https://www.builderonline.com/firms/charter-homes-and-neighborhoods
2019,2018,next100,130,Hakes Brothers,,318,$72,135,https://www.builderonline.com/firms/hakes-brothers
2019,2018,next100,131,Chesapeake Homes,,314,$108,125,https://www.builderonline.com/firms/chesapeake-homes
2019,2018,next100,132,Geonerco Group,,310,$155,134,https://www.builderonline.com/firms/geonerco-group_o
2019,2018,next100,133,Berks Homes,,309,$85,163,https://www.builderonline.com/firms/berks-homes
2019,2018,next100,134,Landon Homes,,307,$188,117,https://www.builderonline.com/firms/landon-homes
2019,2018,next100,134,Southern Homes of Polk County,,307,$69,170,https://www.builderonline.com/firms/southern-homes-of-polk-county
2019,2018,next100,136,Elliott Homes,,302,$160,95,https://www.builderonline.com/firms/elliott-homes
2019,2018,next100,137,Devon Street Homes,,294,$76,150,https://www.builderonline.com/firms/devon-street-homes
2019,2018,next100,137,Keystone Homes,,294,$92,151,https://www.builderonline.com/firms/keystone-homes
2019,2018,next100,139,Simmons Homes,,274,$62,145,https://www.builderonline.com/firms/simmons-homes
2019,2018,next100,140,Dorn Homes,,273,$108,171,https://www.builderonline.com/firms/dorn-homes
2019,2018,next100,141,Payne Family Homes,,268,$95,144,https://www.builderonline.com/firms/payne-family-homes
2019,2018,next100,141,Traditions of America,,268,$129,137,https://www.builderonline.com/firms/traditions-of-america
2019,2018,next100,143,Shaddock Homes,,266,$164,147,https://www.builderonline.com/firms/shaddock-homes
2019,2018,next100,144,Colina Homes,,265,$62,146,https://www.builderonline.com/firms/colina-homes
2019,2018,next100,145,Hills Properties/Inverness Homes,,263,$179,141,https://www.builderonline.com/firms/hills-properties-inverness-homes
2019,2018,next100,145,Hubbell Homes,,263,$163,154,https://www.builderonline.com/firms/hubbell-homes
2019,2018,next100,147,Pacific Communities Builder,,262,$108,189,https://www.builderonline.com/firms/pacific-communities-builder
2019,2018,next100,147,Truland Homes,,262,$92,159,https://www.builderonline.com/firms/truland-homes
2019,2018,next100,149,New Tradition Homes,,261,$119,157,https://www.builderonline.com/firms/new-tradition-homes_1
2019,2018,next100,150,Grayhawk Homes,,258,$76,142,https://www.builderonline.com/firms/grayhawk-homes
2019,2018,next100,151,A. Sydes Construction,,255,$59,160,https://www.builderonline.com/firms/a-sydes-construction
2019,2018,next100,152,Cornerstone Communities,,252,$127,N/A,https://www.builderonline.com/firms/cornerstone-communities
2019,2018,next100,152,Eagle Construction of Virginia,,252,$125,132,https://www.builderonline.com/firms/eagle-construction-of-virginia
2019,2018,next100,154,Van Daele Homes,,250,$166,180,https://www.builderonline.com/firms/van-daele-homes
2019,2018,next100,155,SeaGate Homes,,244,$59,200,https://www.builderonline.com/firms/seagate-homes
2019,2018,next100,156,Capstone Homes,,240,$89,N/A,https://www.builderonline.com/firms/capstone-homes
2019,2018,next100,156,Greenstone Homes,,240,$125,172,https://www.builderonline.com/firms/greenstone-homes_o
2019,2018,next100,156,Liberty Home Builders,,240,$53,N/A,https://www.builderonline.com/firms/liberty-home-builders_o
2019,2018,next100,159,Lokal Homes,,236,$97,167,https://www.builderonline.com/firms/lokal-homes
2019,2018,next100,160,Our Country Homes,,234,$141,169,https://www.builderonline.com/firms/our-country-homes_o
2019,2018,next100,161,Main Street Homes,,232,$101,149,https://www.builderonline.com/firms/main-street-homes
2019,2018,next100,161,Stonehollow Homes,,232,$73,N/A,https://www.builderonline.com/firms/stonehollow-homes_o
2019,2018,next100,163,McKee Homes,,228,$68,173,https://www.builderonline.com/firms/mckee-homes
2019,2018,next100,164,Baldwin & Sons,,227,$172,N/A,https://www.builderonline.com/firms/baldwin-sons
2019,2018,next100,165,Silverstone Communities,,225,$53,198,https://www.builderonline.com/firms/silverstone-communities_o
2019,2018,next100,166,Windsor Homes,,221,$56,156,https://www.builderonline.com/firms/windsor-homes
2019,2018,next100,167,Greenland Homes,,220,$99,N/A,https://www.builderonline.com/firms/greenland-homes
2019,2018,next100,167,Stoneridge Homes,,220,$73,182,https://www.builderonline.com/firms/stoneridge-homes
2019,2018,next100,169,Insight Homes,,218,$87,N/A,https://www.builderonline.com/firms/insight-homes
2019,2018,next100,170,"First America Homes, a Signorelli Company",,216,$50,N/A,https://www.builderonline.com/firms/first-america-homes-a-signorelli-company_o
2019,2018,next100,171,Mandalay Homes,,215,$78,178,https://www.builderonline.com/firms/mandalay-homes_o
2019,2018,next100,171,Palo Verde Homes,,215,$41,195,https://www.builderonline.com/firms/palo-verde-homes
2019,2018,next100,171,Robert Thomas Homes,,215,$128,185,https://www.builderonline.com/firms/robert-thomas-homes_o
2019,2018,next100,174,Davidson Homes,,209,$50,N/A,https://www.builderonline.com/firms/davidson-homes_o
2019,2018,next100,175,Legacy Homes of Alabama,,208,$45,187,https://www.builderonline.com/firms/legacy-homes-of-alabama_o
2019,2018,next100,175,PSW Real Estate,,208,$114,N/A,https://www.builderonline.com/firms/psw-real-estate_o
2019,2018,next100,177,Boulder Creek Neighborhoods,,207,$105,151,https://www.builderonline.com/firms/boulder-creek-neighborhoods_o
2019,2018,next100,177,Braselton Homes,,207,$49,183,https://www.builderonline.com/firms/braselton-homes
2019,2018,next100,179,Esperanza Homes,,205,$47,N/A,https://www.builderonline.com/firms/esperanza-homes_o
2019,2018,next100,179,Saussy Burbank,,205,$103,166,https://www.builderonline.com/firms/saussy-burbank
2019,2018,next100,181,Craftmark Group,,204,$145,185,https://www.builderonline.com/firms/craftmark-group
2019,2018,next100,181,Sumeer Homes,,204,$69,161,https://www.builderonline.com/firms/sumeer-homes
2019,2018,next100,181,Florsheim Homes,,204,$77,N/A,https://www.builderonline.com/firms/florsheim-homes_o
2019,2018,next100,184,Kendall Homes,,203,$48,N/A,https://www.builderonline.com/firms/kendall-homes
2019,2018,next100,185,Tropicana Homes,,200,$66,119,https://www.builderonline.com/firms/tropicana-homes
2019,2018,next100,186,Landmark Homes of PA,,198,$70,N/A,https://www.builderonline.com/firms/landmark-homes
2019,2018,next100,187,Empire Communities,,196,$68,N/A,https://www.builderonline.com/firms/empire-communities_o
2019,2018,next100,188,Garman Homes,,195,$63,190,https://www.builderonline.com/firms/garman-homes_o
2019,2018,next100,188,Reliant Homes,,195,$65,N/A,https://www.builderonline.com/firms/reliant-homes_o
2019,2018,next100,188,StyleCraft Homes,,195,$65,195,https://www.builderonline.com/firms/stylecraft-homes
2019,2018,next100,191,Sabal Homes,,193,$67,N/A,https://www.builderonline.com/firms/sabal-homes
2019,2018,next100,192,Riverwood Homes,,191,$38,175,https://www.builderonline.com/firms/riverwood-homes_o
2019,2018,next100,193,Tim O’Brien Homes,,189,$73,173,https://www.builderonline.com/firms/tim-obrien-homes
2019,2018,next100,194,Manuel Builders,,186,$41,N/A,https://www.builderonline.com/firms/manuel-builders
2019,2018,next100,195,Bonadelle Neighborhoods,,185,$55,180,https://www.builderonline.com/firms/bonadelle-neighborhoods
2019,2018,next100,196,Robertson Brothers Homes,,184,$60,N/A,https://www.builderonline.com/firms/robertson-brothers-homes
2019,2018,next100,197,Stock Development,,178,$289,165,https://www.builderonline.com/firms/stock-development
2019,2018,next100,198,Pratt Home Builders,,169,$55,178,https://www.builderonline.com/firms/pratt-home-builders
2019,2018,next100,199,Marrano Homes/Marc Equity Corp.,,162,$61,N/A,https://www.builderonline.com/firms/marrano-homes-marc-equity-corp
2019,2018,next100,200,Homes By Dickerson,,161,$80,188,https://www.builderonline.com/firms/homes-by-dickerson
2020,2019,top100,1,D.R. Horton,p,"58,434","$17,378",1,https://www.builderonline.com/firms/dr-horton
2020,2019,top100,2,Lennar Corp.,p,"51,491","$20,560",2,https://www.builderonline.com/firms/lennar-corp
2020,2019,top100,3,PulteGroup,p,"23,232","$9,916",3,https://www.builderonline.com/firms/pultegroup
2020,2019,top100,4,NVR,p,"19,668","$7,221",4,https://www.builderonline.com/firms/nvr
2020,2019,top100,5,2020 KB Home,p,"11,871","$4,538",5,https://www.builderonline.com/builder-100-listing/2020-kb-home/
2020,2019,top100,6,Taylor Morrison,p,"9,964","$4,623",6,https://www.builderonline.com/firms/taylor-morrison
2020,2019,top100,7,Meritage Homes Corp.,p,"9,267","$3,605",7,https://www.builderonline.com/firms/meritage-homes-corp
2020,2019,top100,8,2020 Toll Brothers,p,"8,107","$7,224",8,https://www.builderonline.com/builder-100-listing/2020-toll-brothers/
2020,2019,top100,9,Century Communities,p,"8,000","$2,481",9,https://www.builderonline.com/firms/century-communities
2020,2019,top100,10,LGI Homes,p,"7,690","$1,838",10,https://www.builderonline.com/firms/lgi-homes
2020,2019,top100,11,Clayton Properties Group,,"7,369","$2,347",20,https://www.builderonline.com/firms/clayton-properties-group
2020,2019,top100,12,M.D.C. Holdings,p,"6,974","$3,205",11,https://www.builderonline.com/firms/mdc-holdings
2020,2019,top100,13,2020 M/I Homes,p,"6,296","$2,420",12,https://www.builderonline.com/builder-100-listing/2020-m-i-homes/
2020,2019,top100,14,Hovnanian Enterprises,p,"5,713","$2,433",14,https://www.builderonline.com/firms/hovnanian-enterprises
2020,2019,top100,15,Beazer Homes,p,"5,500","$2,077",13,https://www.builderonline.com/firms/beazer-homes-usa
2020,2019,top100,16,Tri Pointe Homes,p,"4,921","$3,069",15,https://www.builderonline.com/firms/tri-pointe-homes
2020,2019,top100,17,2020 David Weekley Homes,,"4,804","$2,175",16,https://www.builderonline.com/builder-100-listing/2020-david-weekley-homes/
2020,2019,top100,18,Ashton Woods Homes,,"4,763","$1,780",19,https://www.builderonline.com/firms/ashton-woods-homes
2020,2019,top100,19,William Lyon Homes,p,"4,051",$0,18,https://www.builderonline.com/firms/william-lyon-homes
2020,2019,top100,20,Habitat for Humanity International,,"3,841",$493,17,https://www.builderonline.com/firms/habitat-for-humanity-international
2020,2019,top100,21,Mattamy Homes,,"3,624","$1,260",22,https://www.builderonline.com/firms/mattamy-homes
2020,2019,top100,22,Shea Homes,,"3,478","$2,253",21,https://www.builderonline.com/firms/shea-homes
2020,2019,top100,23,Highland Homes,,"3,261","$1,323",23,https://www.builderonline.com/firms/highland-homes
2020,2019,top100,24,Perry Homes,,"3,046","$1,212",24,https://www.builderonline.com/firms/perry-homes
2020,2019,top100,25,DRB Group,,"2,443",$798,25,https://www.builderonline.com/firms/drb-group
2020,2019,top100,26,2020 Gehan Homes,,"2,420",$796,N/A,https://www.builderonline.com/builder-100-listing/2020-gehan-homes/
2020,2019,top100,27,The Villages of Lake Sumter,,"2,287",$765,31,https://www.builderonline.com/firms/the-villages-of-lake-sumter
2020,2019,top100,28,Woodside Homes,,"2,117",$940,28,https://www.builderonline.com/firms/woodside-homes
2020,2019,top100,29,Drees Homes,,"2,045","$1,054",29,https://www.builderonline.com/firms/drees-homes
2020,2019,top100,30,Fischer Homes,,"2,019",$697,30,https://www.builderonline.com/firms/fischer-homes
2020,2019,top100,31,Brookfield Residential Properties,,"1,930","$1,184",26,https://www.builderonline.com/firms/brookfield-residential-properties
2020,2019,top100,32,Stanley Martin Homes,,"1,804",$897,35,https://www.builderonline.com/firms/stanley-martin-homes
2020,2019,top100,33,MHI-McGuyer Homebuilders,,"1,789",$778,33,https://www.builderonline.com/firms/mhi-mcguyer-homebuilders
2020,2019,top100,34,Green Brick Partners,p,"1,719",$752,42,https://www.builderonline.com/firms/green-brick-partners
2020,2019,top100,35,View Homes,,"1,568",$430,51,https://www.builderonline.com/firms/view-homes
2020,2019,top100,36,True Homes,,"1,567",$432,34,https://www.builderonline.com/firms/true-homes
2020,2019,top100,37,GL Homes,,"1,541",$940,43,https://www.builderonline.com/firms/gl-homes
2020,2019,top100,38,CBH Homes,,"1,500",$442,37,https://www.builderonline.com/firms/cbh-homes
2020,2019,top100,39,Smith Douglas Homes,,"1,477",$367,40,https://www.builderonline.com/firms/smith-douglas-homes
2020,2019,top100,40,Bloomfield Homes,,"1,457",$495,38,https://www.builderonline.com/firms/bloomfield-homes
2020,2019,top100,41,Legend Homes,,"1,417",$363,N/A,https://www.builderonline.com/firms/legend-homes_o
2020,2019,top100,42,Edge Homes,,"1,386",$464,47,https://www.builderonline.com/firms/edge-homes
2020,2019,top100,43,Chesmar Homes,,"1,329",$446,39,https://www.builderonline.com/firms/chesmar-homes
2020,2019,top100,44,Great Southern Homes,,"1,265",$281,54,https://www.builderonline.com/firms/great-southern-homes
2020,2019,top100,45,Eastwood Homes,,"1,173",$376,50,https://www.builderonline.com/firms/eastwood-homes
2020,2019,top100,46,First Texas Homes,,"1,169",$508,41,https://www.builderonline.com/firms/first-texas-homes
2020,2019,top100,47,Long Lake Ltd.,,"1,134",$284,46,https://www.builderonline.com/firms/long-lake-limited
2020,2019,top100,48,Ivory Homes,,"1,120",$643,49,https://www.builderonline.com/firms/ivory-homes
2020,2019,top100,49,Minto Communities,,"1,114",$454,55,https://www.builderonline.com/firms/minto-communities
2020,2019,top100,50,Betenbough Homes,,"1,086",$227,52,https://www.builderonline.com/firms/betenbough-homes
2020,2019,top100,51,New Home Co.,p,"1,020",$757,44,https://www.builderonline.com/firms/new-home-co
2020,2019,top100,52,Castlerock Communities,,"1,018",$306,53,https://www.builderonline.com/firms/castlerock-communities
2020,2019,top100,53,Epcon Communities,,998,$381,45,https://www.builderonline.com/firms/epcon-communities
2020,2019,top100,54,Neal Communities,,986,$412,48,https://www.builderonline.com/firms/neal-communities
2020,2019,top100,55,Milestone Community Builders,,941,$236,63,https://www.builderonline.com/firms/milestone-community-builders
2020,2019,top100,56,Park Square Homes,,932,$305,92,https://www.builderonline.com/firms/park-square-homes
2020,2019,top100,57,HistoryMaker Homes,,905,$260,57,https://www.builderonline.com/firms/historymaker-homes
2020,2019,top100,58,Allen Edwin Homes,,887,$227,69,https://www.builderonline.com/firms/allen-edwin-homes
2020,2019,top100,59,Fulton Homes,,886,$336,71,https://www.builderonline.com/firms/fulton-homes
2020,2019,top100,60,Essex Homes Southeast,,867,$287,64,https://www.builderonline.com/firms/essex-homes-southeast
2020,2019,top100,61,H&H Homes,,815,$276,66,https://www.builderonline.com/firms/h-h-homes
2020,2019,top100,62,Westin Homes,,787,$324,78,https://www.builderonline.com/firms/westin-homes
2020,2019,top100,63,McBride & Son Cos.,,783,$244,56,https://www.builderonline.com/firms/mcbride-son-cos
2020,2019,top100,64,Stylecraft Builders,,763,$168,65,https://www.builderonline.com/firms/stylecraft-builders
2020,2019,top100,65,Robson Resort Communities,,748,$348,61,https://www.builderonline.com/firms/robson-resort-communities
2020,2019,top100,66,American Legend Homes,,734,$338,62,https://www.builderonline.com/firms/american-legend-homes
2020,2019,top100,67,Ole South Properties,,710,$183,67,https://www.builderonline.com/firms/ole-south-properties
2020,2019,top100,68,Lombardo Homes,,696,$306,74,https://www.builderonline.com/firms/lombardo-homes
2020,2019,top100,69,Saratoga Homes,,686,$146,75,https://www.builderonline.com/firms/saratoga-homes
2020,2019,top100,70,Ball Homes,,652,$205,73,https://www.builderonline.com/firms/ball-homes
2020,2019,top100,71,Tralon Homes,,651,$0,60,https://www.builderonline.com/firms/tralon-homes
2020,2019,top100,72,Empire Communities,,640,$277,187,https://www.builderonline.com/firms/empire-communities_o
2020,2019,top100,73,American Classic Homes,,626,$70,N/A,https://www.builderonline.com/firms/american-classic-homes_o
2020,2019,top100,74,Homes by Westbay,,618,$268,81,https://www.builderonline.com/firms/homes-by-westbay
2020,2019,top100,75,ICI Homes,,604,$302,84,https://www.builderonline.com/firms/ici-homes
2020,2019,top100,76,2020 Van Metre Cos.,,600,$436,76,https://www.builderonline.com/builder-100-listing/2020-van-metre-cos/
2020,2019,top100,77,HHHunt Corp.,,597,$336,72,https://www.builderonline.com/firms/hhhunt-corp_1
2020,2019,top100,78,Anglia Homes,,592,$143,80,https://www.builderonline.com/firms/anglia-homes
2020,2019,top100,79,Knight Homes,,573,$142,90,https://www.builderonline.com/firms/knight-homes_o
2020,2019,top100,80,Elite Properties of America,,568,$275,79,https://www.builderonline.com/firms/elite-properties-of-america
2020,2019,top100,81,City Ventures,,561,$382,82,https://www.builderonline.com/firms/city-ventures
2020,2019,top100,82,Signature Homes,,560,$277,86,https://www.builderonline.com/firms/signature-homes
2020,2019,top100,83,Home Creations,,559,$112,94,https://www.builderonline.com/firms/home-creations
2020,2019,top100,84,"Hanover Family Builders, now Landsea Homes",,534,$152,N/A,https://www.builderonline.com/firms/hanover-family-builders-now-landsea-homes
2020,2019,top100,85,Schell Brothers,,528,$341,N/A,https://www.builderonline.com/firms/schell-brothers
2020,2019,top100,86,Garrett Walker Homes,,523,$136,89,https://www.builderonline.com/firms/garrett-walker-homes_o
2020,2019,top100,87,Caviness and Cates Communities,,521,$193,83,https://www.builderonline.com/firms/caviness-and-cates-communities
2020,2019,top100,88,Hubble Homes,,515,$139,112,https://www.builderonline.com/firms/hubble-homes
2020,2019,top100,89,United Built Homes,,493,$85,93,https://www.builderonline.com/firms/united-built-homes
2020,2019,top100,90,Pacesetter Homes,,490,$149,98,https://www.builderonline.com/firms/pacesetter-homes
2020,2019,top100,91,Bill Clark Homes,,485,$153,87,https://www.builderonline.com/firms/bill-clark-homes
2020,2019,top100,92,Elliott Homes,,483,$272,136,https://www.builderonline.com/firms/elliott-homes
2020,2019,top100,93,Grand Homes,,470,$250,97,https://www.builderonline.com/firms/grand-homes
2020,2019,top100,94,San Joaquin Valley Homes,,465,$142,103,https://www.builderonline.com/firms/san-joaquin-valley-homes_o
2020,2019,top100,94,Stone Martin Builders,,465,$147,111,https://www.builderonline.com/firms/stone-martin-builders
2020,2019,top100,96,Riverside Homebuilders,,462,$133,N/A,https://www.builderonline.com/firms/riverside-homebuilders_o
2020,2019,top100,97,Rocklyn Homes,,451,$106,68,https://www.builderonline.com/firms/rocklyn-homes
2020,2019,top100,98,Van Daele Homes,,450,$279,154,https://www.builderonline.com/firms/van-daele-homes
2020,2019,top100,99,Chesapeake Homes,,437,$149,131,https://www.builderonline.com/firms/chesapeake-homes
2020,2019,top100,100,Eastbrook Homes,,427,$160,95,https://www.builderonline.com/firms/eastbrook-homes
2020,2019,next100,101,Crescent Homes,,425,$162,102,https://www.builderonline.com/firms/crescent-homes
2020,2019,next100,102,Hakes Brothers,,421,$105,130,https://www.builderonline.com/firms/hakes-brothers
2020,2019,next100,103,The Jones Co. of Tennessee/Consort Homes,,417,$221,127,https://www.builderonline.com/firms/the-jones-co-of-tennessee-consort-homes
2020,2019,next100,104,Denova Homes,,416,$330,N/A,https://www.builderonline.com/firms/denova-homes_o
2020,2019,next100,105,SK Builders,,414,$101,126,https://www.builderonline.com/firms/sk-builders
2020,2019,next100,106,Newmark Homes,,410,$182,104,https://www.builderonline.com/firms/newmark-homes
2020,2019,next100,107,Ideal Homes,,402,$89,113,https://www.builderonline.com/firms/ideal-homes
2020,2019,next100,108,John Mourier Construction,,399,$225,N/A,https://www.builderonline.com/firms/john-mourier-construction
2020,2019,next100,109,William Ryan Homes,,398,$158,99,https://www.builderonline.com/firms/william-ryan-homes
2020,2019,next100,110,Miller and Smith,,390,$228,124,https://www.builderonline.com/firms/miller-and-smith
2020,2019,next100,111,American Southern Homes,,387,$120,N/A,https://www.builderonline.com/firms/american-southern-homes_o
2020,2019,next100,112,Carefree Homes,,384,$81,91,https://www.builderonline.com/firms/carefree-homes
2020,2019,next100,113,Tilson Homes,,367,$105,105,https://www.builderonline.com/firms/tilson-homes
2020,2019,next100,114,13th Floor Homes,,366,$223,101,https://www.builderonline.com/firms/13th-floor-homes_o
2020,2019,next100,115,Kerley Family Homes,,363,$104,88,https://www.builderonline.com/firms/kerley-family-homes_1
2020,2019,next100,116,Landon Homes,,352,$208,134,https://www.builderonline.com/firms/landon-homes
2020,2019,next100,117,Viera Builders,,351,$154,118,https://www.builderonline.com/firms/viera-builders
2020,2019,next100,118,Hubbell Homes,,349,$136,145,https://www.builderonline.com/firms/hubbell-homes
2020,2019,next100,119,Beechwood Homes,,348,$364,128,https://www.builderonline.com/firms/beechwood-homes
2020,2019,next100,120,Flagship Homes,,346,$201,110,https://www.builderonline.com/firms/flagship-homes_o
2020,2019,next100,121,Granite Ridge Builders,,345,$93,125,https://www.builderonline.com/firms/granite-ridge-builders
2020,2019,next100,122,Smithbilt Homes,,342,$76,N/A,https://www.builderonline.com/firms/smithbilt-homes
2020,2019,next100,123,Schuber Mitchell Homes,,337,$63,N/A,https://www.builderonline.com/firms/schuber-mitchell-homes_o
2020,2019,next100,124,Truland Homes,,334,$119,147,https://www.builderonline.com/firms/truland-homes
2020,2019,next100,125,Geonerco Group,,332,$173,N/A,https://www.builderonline.com/firms/geonerco-group_o
2020,2019,next100,125,Camden Homes,,332,$64,107,https://www.builderonline.com/firms/camden-homes_o
2020,2019,next100,127,Altura Homes,,331,$24,116,https://www.builderonline.com/firms/altura-homes_o
2020,2019,next100,128,Colina Homes,,330,$79,144,https://www.builderonline.com/firms/colina-homes
2020,2019,next100,129,Regent Homes,,328,$105,114,https://www.builderonline.com/firms/regent-homes
2020,2019,next100,130,Keystone Homes,,326,$120,137,https://www.builderonline.com/firms/keystone-homes
2020,2019,next100,131,AR Homes,,325,$362,100,https://www.builderonline.com/firms/ar-homes
2020,2019,next100,132,Holt Homes,,322,$168,N/A,https://www.builderonline.com/firms/holt-homes
2020,2019,next100,133,Viking Builders,,320,$105,N/A,https://www.builderonline.com/firms/viking-builders_o
2020,2019,next100,134,Southern Homes of Polk County,,314,$76,134,https://www.builderonline.com/firms/southern-homes-of-polk-county
2020,2019,next100,135,StyleCraft Homes,,312,$109,188,https://www.builderonline.com/firms/stylecraft-homes
2020,2019,next100,136,Davidson Homes,,311,$81,174,https://www.builderonline.com/firms/davidson-homes_o
2020,2019,next100,137,Regency Homebuilders,,308,$101,109,https://www.builderonline.com/firms/regency-homebuilders
2020,2019,next100,138,Berks Homes,,306,$89,133,https://www.builderonline.com/firms/berks-homes
2020,2019,next100,139,Charter Homes and Neighborhoods,,294,$120,128,https://www.builderonline.com/firms/charter-homes-and-neighborhoods
2020,2019,next100,140,Fieldstone Homes,,289,$124,123,https://www.builderonline.com/firms/fieldstone-homes
2020,2019,next100,141,Williams Homes,,285,$202,115,https://www.builderonline.com/firms/williams-homes
2020,2019,next100,142,SeaGate Homes,,282,$73,155,https://www.builderonline.com/firms/seagate-homes
2020,2019,next100,143,Silverstone Communities,,276,$70,165,https://www.builderonline.com/firms/silverstone-communities_o
2020,2019,next100,144,Christopher Alan Homes,,275,$58,N/A,https://www.builderonline.com/firms/christopher-alan-homes_o
2020,2019,next100,144,Dorn Homes,,275,$111,140,https://www.builderonline.com/firms/dorn-homes
2020,2019,next100,146,Main Street Homes,,274,$118,161,https://www.builderonline.com/firms/main-street-homes
2020,2019,next100,147,McKee Homes,,272,$85,163,https://www.builderonline.com/firms/mckee-homes
2020,2019,next100,147,Simmons Homes,,272,$63,139,https://www.builderonline.com/firms/simmons-homes
2020,2019,next100,149,Trumark Cos.,,270,$247,85,https://www.builderonline.com/firms/trumark-cos
2020,2019,next100,150,A. Sydes Construction,,269,$65,151,https://www.builderonline.com/firms/a-sydes-construction
2020,2019,next100,151,Legacy Homes of Alabama,,260,$58,175,https://www.builderonline.com/firms/legacy-homes-of-alabama_o
2020,2019,next100,151,Lokal Homes,,260,$119,159,https://www.builderonline.com/firms/lokal-homes
2020,2019,next100,153,Windsor Homes,,259,$92,166,https://www.builderonline.com/firms/windsor-homes
2020,2019,next100,154,Bonadelle Neighborhoods,,251,$86,195,https://www.builderonline.com/firms/bonadelle-neighborhoods
2020,2019,next100,155,Capstone Homes,,242,$93,156,https://www.builderonline.com/firms/capstone-homes
2020,2019,next100,156,Frontier Communities,,239,$104,118,https://www.builderonline.com/firms/frontier-communities
2020,2019,next100,157,Eagle Construction of Virginia,,236,$118,152,https://www.builderonline.com/firms/eagle-construction-of-virginia
2020,2019,next100,157,Palo Verde Homes,,236,$51,171,https://www.builderonline.com/firms/palo-verde-homes
2020,2019,next100,159,Evergreene Homes,,234,$187,N/A,https://www.builderonline.com/firms/evergreene-homes
2020,2019,next100,160,Reliant Homes,,233,$79,188,https://www.builderonline.com/firms/reliant-homes_o
2020,2019,next100,161,Stonehollow Homes,,230,$70,161,https://www.builderonline.com/firms/stonehollow-homes_o
2020,2019,next100,162,Stock Development,,228,$255,197,https://www.builderonline.com/firms/stock-development
2020,2019,next100,162,Wathen Castanos Homes,,228,$127,117,https://www.builderonline.com/firms/wathen-castanos-homes
2020,2019,next100,164,Liberty Home Builders,,226,$58,156,https://www.builderonline.com/firms/liberty-home-builders_o
2020,2019,next100,165,Devon Street Homes,,222,$62,137,https://www.builderonline.com/firms/devon-street-homes
2020,2019,next100,166,Tropicana Homes,,221,$70,185,https://www.builderonline.com/firms/tropicana-homes
2020,2019,next100,167,Robert Thomas Homes,,220,$133,171,https://www.builderonline.com/firms/robert-thomas-homes_o
2020,2019,next100,168,Braselton Homes,,216,$52,177,https://www.builderonline.com/firms/braselton-homes
2020,2019,next100,169,The Olson Co.,,215,$116,118,https://www.builderonline.com/firms/the-olson-co
2020,2019,next100,170,CW Development Group,,213,$94,N/A,https://www.builderonline.com/firms/cw-development-group_o
2020,2019,next100,171,Sumeer Homes,,212,$69,181,https://www.builderonline.com/firms/sumeer-homes
2020,2019,next100,172,Tim O’Brien Homes,,210,$80,193,https://www.builderonline.com/firms/tim-obrien-homes
2020,2019,next100,172,Valor Communities,,210,$58,N/A,https://www.builderonline.com/firms/valor-communities_o
2020,2019,next100,174,Insight Homes,,209,$80,169,https://www.builderonline.com/firms/insight-homes
2020,2019,next100,175,Patrick Malloy Communities,,208,$109,N/A,https://www.builderonline.com/firms/patrick-malloy-communities
2020,2019,next100,176,Our Country Homes,,204,$127,160,https://www.builderonline.com/firms/our-country-homes_o
2020,2019,next100,177,Pratt Home Builders,,203,$73,198,https://www.builderonline.com/firms/pratt-home-builders
2020,2019,next100,178,Mandalay Homes,,202,$73,171,https://www.builderonline.com/firms/mandalay-homes_o
2020,2019,next100,179,Saussy Burbank,,197,$94,179,https://www.builderonline.com/firms/saussy-burbank
2020,2019,next100,179,Traditions of America,,197,$94,141,https://www.builderonline.com/firms/traditions-of-america
2020,2019,next100,181,Marrano Homes/Marc Equity Corp.,,193,$76,199,https://www.builderonline.com/firms/marrano-homes-marc-equity-corp
2020,2019,next100,182,Level Homes,,192,$60,121,https://www.builderonline.com/firms/level-homes
2020,2019,next100,183,Greenland Homes,,190,$44,167,https://www.builderonline.com/firms/greenland-homes
2020,2019,next100,183,Florsheim Homes,,190,$82,181,https://www.builderonline.com/firms/florsheim-homes_o
2020,2019,next100,185,Newcastle Construction,,188,$58,N/A,https://www.builderonline.com/firms/newcastle-construction
2020,2019,next100,186,"McGuinn Homes, Inc.",,185,$40,N/A,https://www.builderonline.com/firms/mcguinn-homes-inc
2020,2019,next100,186,New Tradition Homes,,185,$91,149,https://www.builderonline.com/firms/new-tradition-homes_1
2020,2019,next100,188,Robertson Brothers Homes,,184,$71,196,https://www.builderonline.com/firms/robertson-brothers-homes
2020,2019,next100,189,Homes By Dickerson,,181,$96,200,https://www.builderonline.com/firms/homes-by-dickerson
2020,2019,next100,190,Providence Homes,,180,$84,N/A,https://www.builderonline.com/firms/providence-homes
2020,2019,next100,190,Riverwood Homes,,180,$39,192,https://www.builderonline.com/firms/riverwood-homes_o
2020,2019,next100,192,Craftmark Group,,177,$134,181,https://www.builderonline.com/firms/craftmark-group
2020,2019,next100,193,Esperanza Homes,,176,$42,179,https://www.builderonline.com/firms/esperanza-homes_o
2020,2019,next100,194,Realstar Homes LLC,,175,$48,N/A,https://www.builderonline.com/firms/realstar-homes-llc_o
2020,2019,next100,195,Baessler Homes,,171,$58,N/A,https://www.builderonline.com/firms/baessler-homes_o
2020,2019,next100,196,Pyatt Builders LLC,,165,$45,N/A,https://www.builderonline.com/firms/pyatt-builders-llc_o
2020,2019,next100,197,Boulder Creek Neighborhoods,,164,$91,177,https://www.builderonline.com/firms/boulder-creek-neighborhoods_o
2020,2019,next100,197,Garman Homes,,164,$56,188,https://www.builderonline.com/firms/garman-homes_o
2020,2019,next100,199,Pacific Communities Builder,,158,$79,147,https://www.builderonline.com/firms/pacific-communities-builder
2020,2019,next100,200,Buffington Homes,,152,$47,N/A,https://www.builderonline.com/firms/buffington-homes
2021,2020,top100,1,D.R. Horton,p,"71,292","$21,578",1,https://www.builderonline.com/firms/dr-horton
2021,2020,top100,2,Lennar Corp.,p,"53,376","$20,840",2,https://www.builderonline.com/firms/lennar-corp
2021,2020,top100,3,PulteGroup,p,"24,624","$9,915",3,https://www.builderonline.com/firms/pultegroup
2021,2020,top100,4,NVR,p,"19,766","$7,328",4,https://www.builderonline.com/firms/nvr
2021,2020,top100,5,Taylor Morrison,p,"12,524","$6,129",6,https://www.builderonline.com/firms/taylor-morrison
2021,2020,top100,6,Meritage Homes Corp.,p,"11,834","$4,438",7,https://www.builderonline.com/firms/meritage-homes-corp
2021,2020,top100,7,2021 KB Home,p,"10,672","$4,167",5,https://www.builderonline.com/builder-100-listing/2021-kb-home/
2021,2020,top100,8,Clayton Properties Group,,"9,475","$2,983",11,https://www.builderonline.com/firms/clayton-properties-group
2021,2020,top100,9,Century Communities,p,"9,453","$3,027",9,https://www.builderonline.com/firms/century-communities
2021,2020,top100,10,LGI Homes,p,"9,339","$2,368",10,https://www.builderonline.com/firms/lgi-homes
2021,2020,top100,11,Toll Brothers,p,"8,496","$6,937",8,https://www.builderonline.com/firms/toll-brothers
2021,2020,top100,12,M.D.C. Holdings,p,"8,158","$3,765",12,https://www.builderonline.com/firms/mdc-holdings
2021,2020,top100,13,2021 M/I Homes,p,"7,709","$2,983",13,https://www.builderonline.com/builder-100-listing/2021-m-i-homes/
2021,2020,top100,14,Hovnanian Enterprises,p,"6,414","$2,684",14,https://www.builderonline.com/firms/hovnanian-enterprises
2021,2020,top100,15,Ashton Woods Homes,,"5,998","$1,964",18,https://www.builderonline.com/firms/ashton-woods-homes
2021,2020,top100,16,2021 David Weekley Homes,,"5,560","$2,503",17,https://www.builderonline.com/builder-100-listing/2021-david-weekley-homes/
2021,2020,top100,17,Beazer Homes,p,"5,492","$2,127",15,https://www.builderonline.com/firms/beazer-homes-usa
2021,2020,top100,18,Tri Pointe Homes,p,"5,123","$3,260",16,https://www.builderonline.com/firms/tri-pointe-homes
2021,2020,top100,19,Mattamy Homes,,"4,228","$1,506",21,https://www.builderonline.com/firms/mattamy-homes
2021,2020,top100,20,Habitat for Humanity International,,"3,466",$465,20,https://www.builderonline.com/firms/habitat-for-humanity-international
2021,2020,top100,21,Stanley Martin Homes,,"3,436","$1,356",32,https://www.builderonline.com/firms/stanley-martin-homes
2021,2020,top100,22,Highland Homes,,"3,361","$1,400",23,https://www.builderonline.com/firms/highland-homes
2021,2020,top100,23,Perry Homes,,"3,261","$1,365",24,https://www.builderonline.com/firms/perry-homes
2021,2020,top100,24,Dream Finders Homes,p,"3,154","$1,133",N/A,https://www.builderonline.com/firms/dream-finders-homes
2021,2020,top100,25,2021 Gehan Homes,,"3,053","$1,020",26,https://www.builderonline.com/builder-100-listing/2021-gehan-homes/
2021,2020,top100,26,DSLD Homes,,"3,051",$700,N/A,https://www.builderonline.com/firms/dsld-homes
2021,2020,top100,27,Rausch Coleman Homes,,"3,029",$562,N/A,https://www.builderonline.com/firms/rausch-coleman-homes
2021,2020,top100,28,Shea Homes,,"2,979","$1,899",22,https://www.builderonline.com/firms/shea-homes
2021,2020,top100,29,DRB Group,,"2,877",$961,25,https://www.builderonline.com/firms/drb-group
2021,2020,top100,30,Adams Homes,,"2,701",$665,N/A,https://www.builderonline.com/firms/adams-homes
2021,2020,top100,31,Woodside Homes,,"2,465","$1,067",28,https://www.builderonline.com/firms/woodside-homes
2021,2020,top100,32,The Villages of Lake Sumter,,"2,346",$776,27,https://www.builderonline.com/firms/the-villages-of-lake-sumter
2021,2020,top100,33,Fischer Homes,,"2,336",$828,30,https://www.builderonline.com/firms/fischer-homes
2021,2020,top100,34,Drees Homes,,"2,322","$1,248",29,https://www.builderonline.com/firms/drees-homes
2021,2020,top100,35,Green Brick Partners,p,"2,208",$923,34,https://www.builderonline.com/firms/green-brick-partners
2021,2020,top100,36,Legend Homes,,"2,205",$484,41,https://www.builderonline.com/firms/legend-homes_o
2021,2020,top100,37,MHI-McGuyer Homebuilders,,"2,082",$931,33,https://www.builderonline.com/firms/mhi-mcguyer-homebuilders
2021,2020,top100,38,Maronda Homes,,"2,070",$583,N/A,https://www.builderonline.com/firms/maronda-homes
2021,2020,top100,39,True Homes,,"2,004",$508,36,https://www.builderonline.com/firms/true-homes
2021,2020,top100,40,Brookfield Residential Properties,,"1,929","$1,087",31,https://www.builderonline.com/firms/brookfield-residential-properties
2021,2020,top100,41,GL Homes,,"1,912","$1,246",37,https://www.builderonline.com/firms/gl-homes
2021,2020,top100,42,Smith Douglas Homes,,"1,876",$478,39,https://www.builderonline.com/firms/smith-douglas-homes
2021,2020,top100,43,CBH Homes,,"1,869",$647,38,https://www.builderonline.com/firms/cbh-homes
2021,2020,top100,44,Chesmar Homes,,"1,692",$572,43,https://www.builderonline.com/firms/chesmar-homes
2021,2020,top100,45,AMH,p,"1,647",$42,N/A,https://www.builderonline.com/firms/amh_o
2021,2020,top100,46,Castlerock Communities,,"1,628",$494,52,https://www.builderonline.com/firms/castlerock-communities
2021,2020,top100,47,Bloomfield Homes,,"1,567",$567,40,https://www.builderonline.com/firms/bloomfield-homes
2021,2020,top100,48,Landsea Homes,p,"1,527",$734,N/A,https://www.builderonline.com/firms/landsea-homes_o
2021,2020,top100,49,Eastwood Homes,,"1,525",$491,45,https://www.builderonline.com/firms/eastwood-homes
2021,2020,top100,50,Great Southern Homes,,"1,471",$332,44,https://www.builderonline.com/firms/great-southern-homes
2021,2020,top100,51,View Homes,,"1,448",$427,35,https://www.builderonline.com/firms/view-homes
2021,2020,top100,52,Betenbough Homes,,"1,439",$294,50,https://www.builderonline.com/firms/betenbough-homes
2021,2020,top100,53,Ivory Homes,,"1,323",$608,48,https://www.builderonline.com/firms/ivory-homes
2021,2020,top100,54,First Texas Homes,,"1,273",$560,46,https://www.builderonline.com/firms/first-texas-homes
2021,2020,top100,55,Hayden Homes,,"1,267",$427,N/A,https://www.builderonline.com/firms/hayden-homes
2021,2020,top100,56,Minto Communities,,"1,217",$510,49,https://www.builderonline.com/firms/minto-communities
2021,2020,top100,57,Edge Homes,,"1,200",$418,42,https://www.builderonline.com/firms/edge-homes
2021,2020,top100,58,Long Lake Ltd.,,"1,126",$296,47,https://www.builderonline.com/firms/long-lake-limited
2021,2020,top100,59,Epcon Communities,,"1,119",$475,53,https://www.builderonline.com/firms/epcon-communities
2021,2020,top100,60,The Kolter Group,,"1,088",$714,N/A,https://www.builderonline.com/firms/kolter-residential
2021,2020,top100,61,HistoryMaker Homes,,"1,045",$293,57,https://www.builderonline.com/firms/historymaker-homes
2021,2020,top100,62,Ole South Properties,,"1,015",$267,67,https://www.builderonline.com/firms/ole-south-properties
2021,2020,top100,63,American Legend Homes,,980,$474,66,https://www.builderonline.com/firms/american-legend-homes
2021,2020,top100,64,Holiday Builders,,969,$241,N/A,https://www.builderonline.com/firms/holiday-builders
2021,2020,top100,65,Neal Communities,,954,$431,54,https://www.builderonline.com/firms/neal-communities
2021,2020,top100,66,BBL Building Co.,,935,$65,N/A,https://www.builderonline.com/firms/bbl-building-co_o
2021,2020,top100,67,Megatel Homes,,921,$336,N/A,https://www.builderonline.com/firms/megatel-homes_o
2021,2020,top100,68,McBride & Son Cos.,,917,$288,63,https://www.builderonline.com/firms/mcbride-son-cos
2021,2020,top100,69,Milestone Community Builders,,903,$388,55,https://www.builderonline.com/firms/milestone-community-builders
2021,2020,top100,70,Homes by Westbay,,847,$350,74,https://www.builderonline.com/firms/homes-by-westbay
2021,2020,top100,71,Allen Edwin Homes,,831,$220,58,https://www.builderonline.com/firms/allen-edwin-homes
2021,2020,top100,72,Saratoga Homes,,806,$190,69,https://www.builderonline.com/firms/saratoga-homes
2021,2020,top100,72,Westin Homes,,806,$354,62,https://www.builderonline.com/firms/westin-homes
2021,2020,top100,74,Stylecraft Builders,,804,$172,64,https://www.builderonline.com/firms/stylecraft-builders
2021,2020,top100,75,Tralon Homes,,800,$332,71,https://www.builderonline.com/firms/tralon-homes
2021,2020,top100,76,Fulton Homes,,798,$308,59,https://www.builderonline.com/firms/fulton-homes
2021,2020,top100,77,Robson Resort Communities,,796,$377,65,https://www.builderonline.com/firms/robson-resort-communities
2021,2020,top100,78,Knight Homes,,759,$197,79,https://www.builderonline.com/firms/knight-homes_o
2021,2020,top100,79,American Classic Homes,,746,$95,73,https://www.builderonline.com/firms/american-classic-homes_o
2021,2020,top100,80,Impression Homes,,744,$206,N/A,https://www.builderonline.com/firms/impression-homes
2021,2020,top100,81,Park Square Homes,,726,$253,56,https://www.builderonline.com/firms/park-square-homes
2021,2020,top100,82,Pacesetter Homes,,723,$237,90,https://www.builderonline.com/firms/pacesetter-homes
2021,2020,top100,83,Empire Communities,,711,$298,72,https://www.builderonline.com/firms/empire-communities_o
2021,2020,top100,84,Homes by Taber,,704,$204,N/A,https://www.builderonline.com/firms/homes-by-taber
2021,2020,top100,85,Stone Martin Builders,,670,$219,94,https://www.builderonline.com/firms/stone-martin-builders
2021,2020,top100,86,Elite Properties of America,,668,$334,80,https://www.builderonline.com/firms/elite-properties-of-america
2021,2020,top100,87,Caviness and Cates Communities,,660,$277,87,https://www.builderonline.com/firms/caviness-and-cates-communities
2021,2020,top100,88,HHHunt Corp.,,653,$247,77,https://www.builderonline.com/firms/hhhunt-corp_1
2021,2020,top100,89,John Houston Custom Homes,,650,$233,N/A,https://www.builderonline.com/firms/john-houston-custom-homes_o
2021,2020,top100,89,Hubble Homes,,650,$196,88,https://www.builderonline.com/firms/hubble-homes
2021,2020,top100,91,Lombardo Homes,,635,$303,68,https://www.builderonline.com/firms/lombardo-homes
2021,2020,top100,91,Home Creations,,635,$131,83,https://www.builderonline.com/firms/home-creations
2021,2020,top100,93,Davidson Homes,,630,$185,136,https://www.builderonline.com/firms/davidson-homes_o
2021,2020,top100,94,Journey Homes,,626,$232,N/A,https://www.builderonline.com/firms/journey-homes
2021,2020,top100,95,Riverside Homebuilders,,624,$200,96,https://www.builderonline.com/firms/riverside-homebuilders_o
2021,2020,top100,96,ICI Homes,,623,$305,75,https://www.builderonline.com/firms/ici-homes
2021,2020,top100,97,The Challenger Group,,619,$237,N/A,https://www.builderonline.com/firms/the-challenger-group
2021,2020,top100,98,United Built Homes,,609,$120,89,https://www.builderonline.com/firms/united-built-homes
2021,2020,top100,99,Colina Homes,,597,$133,128,https://www.builderonline.com/firms/colina-homes
2021,2020,top100,100,Ball Homes,,596,$200,70,https://www.builderonline.com/firms/ball-homes
2021,2020,next100,101,Schuber Mitchell Homes,,575,$101,123,https://www.builderonline.com/firms/schuber-mitchell-homes_o
2021,2020,next100,101,Discovery Homes,,575,$365,N/A,https://www.builderonline.com/firms/discovery-homes_o
2021,2020,next100,103,John Mourier Construction,,561,$293,108,https://www.builderonline.com/firms/john-mourier-construction
2021,2020,next100,104,2021 Van Metre Cos.,,559,$350,76,https://www.builderonline.com/builder-100-listing/2021-van-metre-cos/
2021,2020,next100,105,New Home Co.,p,555,$426,51,https://www.builderonline.com/firms/new-home-co
2021,2020,next100,106,"Hanover Family Builders, now Landsea Homes",,534,$160,84,https://www.builderonline.com/firms/hanover-family-builders-now-landsea-homes
2021,2020,next100,107,Veridian Homes,,526,$216,N/A,https://www.builderonline.com/firms/veridian-homes
2021,2020,next100,108,Elliott Homes,,518,$294,92,https://www.builderonline.com/firms/elliott-homes
2021,2020,next100,109,Anglia Homes,,517,$137,78,https://www.builderonline.com/firms/anglia-homes
2021,2020,next100,110,San Joaquin Valley Homes,,513,$162,94,https://www.builderonline.com/firms/san-joaquin-valley-homes_o
2021,2020,next100,110,The Jones Co. of Tennessee/Consort Homes,,513,$279,103,https://www.builderonline.com/firms/the-jones-co-of-tennessee-consort-homes
2021,2020,next100,112,Ideal Homes,,509,$115,107,https://www.builderonline.com/firms/ideal-homes
2021,2020,next100,113,Celebrity Homes,,506,$143,N/A,https://www.builderonline.com/firms/celebrity-homes
2021,2020,next100,114,City Ventures,,505,$368,81,https://www.builderonline.com/firms/city-ventures
2021,2020,next100,115,Olthof Homes,,503,$156,N/A,https://www.builderonline.com/firms/olthof-homes
2021,2020,next100,115,Hakes Brothers,,503,$137,102,https://www.builderonline.com/firms/hakes-brothers
2021,2020,next100,117,Crescent Homes,,492,$192,101,https://www.builderonline.com/firms/crescent-homes
2021,2020,next100,118,Bill Clark Homes,,487,$160,91,https://www.builderonline.com/firms/bill-clark-homes
2021,2020,next100,119,McKinley Homes,,477,$245,N/A,https://www.builderonline.com/firms/mckinley-homes_o
2021,2020,next100,120,Truland Homes,,469,$166,124,https://www.builderonline.com/firms/truland-homes
2021,2020,next100,121,Grand Homes,,463,$260,93,https://www.builderonline.com/firms/grand-homes
2021,2020,next100,122,Holt Homes,,461,$232,132,https://www.builderonline.com/firms/holt-homes
2021,2020,next100,123,Van Daele Homes,,459,$339,98,https://www.builderonline.com/firms/van-daele-homes
2021,2020,next100,124,Landon Homes,,456,$250,116,https://www.builderonline.com/firms/landon-homes
2021,2020,next100,125,Newmark Homes,,449,$197,106,https://www.builderonline.com/firms/newmark-homes
2021,2020,next100,126,American Southern Homes,,448,$145,111,https://www.builderonline.com/firms/american-southern-homes_o
2021,2020,next100,127,Visionary Homes,,443,$221,N/A,https://www.builderonline.com/firms/visionary-homes_o
2021,2020,next100,128,Carefree Homes,,436,$103,112,https://www.builderonline.com/firms/carefree-homes
2021,2020,next100,129,On Top of the World,,426,$132,N/A,https://www.builderonline.com/firms/on-top-of-the-world
2021,2020,next100,130,Viera Builders,,417,$194,117,https://www.builderonline.com/firms/viera-builders
2021,2020,next100,131,William Ryan Homes,,416,$175,109,https://www.builderonline.com/firms/william-ryan-homes
2021,2020,next100,132,Tilson Homes,,413,$122,113,https://www.builderonline.com/firms/tilson-homes
2021,2020,next100,133,Granite Ridge Builders,,390,$110,121,https://www.builderonline.com/firms/granite-ridge-builders
2021,2020,next100,133,Tropicana Homes,,390,$65,166,https://www.builderonline.com/firms/tropicana-homes
2021,2020,next100,135,A. Sydes Construction,,380,$101,150,https://www.builderonline.com/firms/a-sydes-construction
2021,2020,next100,135,Keystone Custom Homes,,380,$173,N/A,https://www.builderonline.com/firms/keystone-custom-homes
2021,2020,next100,137,Christopher Alan Homes,,379,$79,144,https://www.builderonline.com/firms/christopher-alan-homes_o
2021,2020,next100,138,Lokal Homes,,378,$159,151,https://www.builderonline.com/firms/lokal-homes
2021,2020,next100,139,Eastbrook Homes,,376,$142,100,https://www.builderonline.com/firms/eastbrook-homes
2021,2020,next100,140,AR Homes,,371,$386,131,https://www.builderonline.com/firms/ar-homes
2021,2020,next100,141,Cornerstone Communities,,369,$227,N/A,https://www.builderonline.com/firms/cornerstone-communities
2021,2020,next100,142,Berks Homes,,368,$114,138,https://www.builderonline.com/firms/berks-homes
2021,2020,next100,142,Regent Homes,,368,$127,129,https://www.builderonline.com/firms/regent-homes
2021,2020,next100,142,Payne Family Homes,,368,$143,N/A,https://www.builderonline.com/firms/payne-family-homes
2021,2020,next100,145,Flagship Homes,,367,$205,120,https://www.builderonline.com/firms/flagship-homes_o
2021,2020,next100,146,Chesapeake Homes,,365,$137,99,https://www.builderonline.com/firms/chesapeake-homes
2021,2020,next100,147,Legacy Homes of Alabama,,364,$94,151,https://www.builderonline.com/firms/legacy-homes-of-alabama_o
2021,2020,next100,148,Southern Homes of Polk County,,359,$88,134,https://www.builderonline.com/firms/southern-homes-of-polk-county
2021,2020,next100,149,Reliant Homes,,346,$118,160,https://www.builderonline.com/firms/reliant-homes_o
2021,2020,next100,150,Kerley Family Homes,,342,$116,115,https://www.builderonline.com/firms/kerley-family-homes_1
2021,2020,next100,151,McKee Homes,,333,$105,147,https://www.builderonline.com/firms/mckee-homes
2021,2020,next100,152,Valor Communities,,332,$90,172,https://www.builderonline.com/firms/valor-communities_o
2021,2020,next100,153,Miller and Smith,,330,$207,110,https://www.builderonline.com/firms/miller-and-smith
2021,2020,next100,154,Windsor Homes,,328,$92,153,https://www.builderonline.com/firms/windsor-homes
2021,2020,next100,155,Keystone Homes,,323,$86,130,https://www.builderonline.com/firms/keystone-homes
2021,2020,next100,156,Edwards Homes,,316,$63,N/A,https://www.builderonline.com/firms/edwards-homes
2021,2020,next100,157,Dorn Homes,,313,$129,144,https://www.builderonline.com/firms/dorn-homes
2021,2020,next100,158,Geonerco Group,,312,$172,125,https://www.builderonline.com/firms/geonerco-group_o
2021,2020,next100,159,Simmons Homes,,310,$78,147,https://www.builderonline.com/firms/simmons-homes
2021,2020,next100,160,Williams Homes,,309,$211,141,https://www.builderonline.com/firms/williams-homes
2021,2020,next100,161,Perry Homes Utah,,297,$119,N/A,https://www.builderonline.com/firms/perry-homes-utah_o
2021,2020,next100,162,Fieldstone Homes,,294,$132,140,https://www.builderonline.com/firms/fieldstone-homes
2021,2020,next100,163,Frontier Communities,,291,$124,156,https://www.builderonline.com/firms/frontier-communities
2021,2020,next100,164,CC Homes,,290,$121,N/A,https://www.builderonline.com/firms/cc-homes_o
2021,2020,next100,165,Devon Street Homes,,289,$81,165,https://www.builderonline.com/firms/devon-street-homes
2021,2020,next100,165,Greenland Homes,,289,$71,183,https://www.builderonline.com/firms/greenland-homes
2021,2020,next100,167,Stock Development,,278,$521,162,https://www.builderonline.com/firms/stock-development
2021,2020,next100,168,Charter Homes and Neighborhoods,,275,$101,139,https://www.builderonline.com/firms/charter-homes-and-neighborhoods
2021,2020,next100,169,Eagle Construction of Virginia,,266,$136,157,https://www.builderonline.com/firms/eagle-construction-of-virginia
2021,2020,next100,170,Insight Homes,,264,$88,174,https://www.builderonline.com/firms/insight-homes
2021,2020,next100,171,Manuel Builders,,263,$62,N/A,https://www.builderonline.com/firms/manuel-builders
2021,2020,next100,172,Sandlin Homes,,258,$92,N/A,https://www.builderonline.com/firms/sandlin-homes_o
2021,2020,next100,173,Stonehollow Homes,,256,$81,161,https://www.builderonline.com/firms/stonehollow-homes_o
2021,2020,next100,174,SeaGate Homes,,255,$66,142,https://www.builderonline.com/firms/seagate-homes
2021,2020,next100,175,Esperanza Homes,,246,$58,193,https://www.builderonline.com/firms/esperanza-homes_o
2021,2020,next100,176,Nilson Homes,,244,$110,N/A,https://www.builderonline.com/firms/nilson-homes_o
2021,2020,next100,176,Sumeer Homes,,244,$85,171,https://www.builderonline.com/firms/sumeer-homes
2021,2020,next100,178,Ence Homes,,243,$100,N/A,https://www.builderonline.com/firms/ence-homes
2021,2020,next100,178,Bonadelle Neighborhoods,,243,$84,154,https://www.builderonline.com/firms/bonadelle-neighborhoods
2021,2020,next100,180,Kartchner Homes,,241,$99,N/A,https://www.builderonline.com/firms/kartchner-homes_o
2021,2020,next100,181,Liberty Home Builders,,240,$64,164,https://www.builderonline.com/firms/liberty-home-builders_o
2021,2020,next100,182,Newcastle Construction,,235,$72,185,https://www.builderonline.com/firms/newcastle-construction
2021,2020,next100,182,Palo Verde Homes,,235,$49,157,https://www.builderonline.com/firms/palo-verde-homes
2021,2020,next100,184,Homes By Dickerson,,230,$137,189,https://www.builderonline.com/firms/homes-by-dickerson
2021,2020,next100,185,Robert Thomas Homes,,228,$149,167,https://www.builderonline.com/firms/robert-thomas-homes_o
2021,2020,next100,186,Realstar Homes LLC,,224,$61,194,https://www.builderonline.com/firms/realstar-homes-llc_o
2021,2020,next100,187,Riverwood Homes,,223,$41,190,https://www.builderonline.com/firms/riverwood-homes_o
2021,2020,next100,188,Florsheim Homes,,213,$99,183,https://www.builderonline.com/firms/florsheim-homes_o
2021,2020,next100,189,Level Homes,,208,$78,182,https://www.builderonline.com/firms/level-homes
2021,2020,next100,190,New Tradition Homes,,207,$102,186,https://www.builderonline.com/firms/new-tradition-homes_1
2021,2020,next100,191,Craft Century Homes,,204,$76,N/A,https://www.builderonline.com/firms/craft-century-homes_o
2021,2020,next100,191,Ivey Residential,,204,$51,N/A,https://www.builderonline.com/firms/ivey-residential
2021,2020,next100,193,StyleCraft Homes,,203,$74,135,https://www.builderonline.com/firms/stylecraft-homes
2021,2020,next100,193,Capitol City Homes,,203,$69,N/A,https://www.builderonline.com/firms/capitol-city-homes_o
2021,2020,next100,195,Hunter Quinn Homes,,201,$61,N/A,https://www.builderonline.com/firms/hunter-quinn-homes_o
2021,2020,next100,196,Lowder New Homes,,200,$61,N/A,https://www.builderonline.com/firms/lowder-new-homes
2021,2020,next100,197,Marrano Homes/Marc Equity Corp.,,196,$92,181,https://www.builderonline.com/firms/marrano-homes-marc-equity-corp
2021,2020,next100,198,Medallion Home,,192,$167,N/A,https://www.builderonline.com/firms/medallion-home
2021,2020,next100,199,Traton Homes,,191,$73,N/A,https://www.builderonline.com/firms/traton-homes
2021,2020,next100,200,Baessler Homes,,190,$61,195,https://www.builderonline.com/firms/baessler-homes_o
2022,2021,top100,1,D.R. Horton,p,"81,981","$27,932",1,https://www.builderonline.com/firms/dr-horton
2022,2021,top100,2,Lennar Corp.,p,"59,825","$25,348",2,https://www.builderonline.com/firms/lennar-corp
2022,2021,top100,3,PulteGroup,p,"28,894","$13,376",3,https://www.builderonline.com/firms/pultegroup
2022,2021,top100,4,NVR,p,"21,540","$8,701",4,https://www.builderonline.com/firms/nvr
2022,2021,top100,5,Taylor Morrison,p,"13,699","$7,270",5,https://www.builderonline.com/firms/taylor-morrison
2022,2021,top100,6,2022 KB Home,p,"13,472","$5,705",7,https://www.builderonline.com/builder-100-listing/2022-kb-home/
2022,2021,top100,7,Meritage Homes Corp.,p,"12,801","$5,094",6,https://www.builderonline.com/firms/meritage-homes-corp
2022,2021,top100,8,Clayton Properties Group,,"10,967","$3,790",8,https://www.builderonline.com/firms/clayton-properties-group
2022,2021,top100,9,Century Communities,p,"10,805","$4,216",9,https://www.builderonline.com/firms/century-communities
2022,2021,top100,10,LGI Homes,p,"10,442","$3,050",10,https://www.builderonline.com/firms/lgi-homes
2022,2021,top100,11,Toll Brothers,p,"9,986","$8,431",11,https://www.builderonline.com/firms/toll-brothers
2022,2021,top100,12,M.D.C. Holdings,p,"9,982","$5,102",12,https://www.builderonline.com/firms/mdc-holdings
2022,2021,top100,13,2022 M/I Homes,p,"8,638","$3,630",13,https://www.builderonline.com/builder-100-listing/2022-m-i-homes/
2022,2021,top100,14,Ashton Woods Homes,,"8,112","$2,642",15,https://www.builderonline.com/firms/ashton-woods-homes
2022,2021,top100,15,Hovnanian Enterprises,p,"6,793","$3,019",14,https://www.builderonline.com/firms/hovnanian-enterprises
2022,2021,top100,16,Tri Pointe Homes,p,"6,188","$3,955",18,https://www.builderonline.com/firms/tri-pointe-homes
2022,2021,top100,17,Dream Finders Homes,p,"6,125","$2,523",24,https://www.builderonline.com/firms/dream-finders-homes
2022,2021,top100,18,2022 David Weekley Homes,,"5,619","$2,793",16,https://www.builderonline.com/builder-100-listing/2022-david-weekley-homes/
2022,2021,top100,19,Beazer Homes,p,"5,287","$2,140",17,https://www.builderonline.com/firms/beazer-homes-usa
2022,2021,top100,20,Mattamy Homes,,"4,272","$1,701",19,https://www.builderonline.com/firms/mattamy-homes
2022,2021,top100,21,DRB Group,,"4,172","$1,535",29,https://www.builderonline.com/firms/drb-group
2022,2021,top100,22,Rausch Coleman Homes,,"4,125",$860,27,https://www.builderonline.com/firms/rausch-coleman-homes
2022,2021,top100,23,The Villages of Lake Sumter,,"3,651","$2,042",32,https://www.builderonline.com/firms/the-villages-of-lake-sumter
2022,2021,top100,24,Stanley Martin Homes,,"3,520","$1,566",21,https://www.builderonline.com/firms/stanley-martin-homes
2022,2021,top100,25,Highland Homes,,"3,494","$1,710",22,https://www.builderonline.com/firms/highland-homes
2022,2021,top100,26,Perry Homes,,"3,433","$1,710",23,https://www.builderonline.com/firms/perry-homes
2022,2021,top100,27,Habitat for Humanity International,,"3,276",$455,20,https://www.builderonline.com/firms/habitat-for-humanity-international
2022,2021,top100,28,DSLD Homes,,"3,179",$786,26,https://www.builderonline.com/firms/dsld-homes
2022,2021,top100,29,2022 Gehan Homes,,"3,166","$1,200",25,https://www.builderonline.com/builder-100-listing/2022-gehan-homes/
2022,2021,top100,30,Adams Homes,,"3,057",$841,30,https://www.builderonline.com/firms/adams-homes
2022,2021,top100,31,Fischer Homes,,"3,017","$1,215",33,https://www.builderonline.com/firms/fischer-homes
2022,2021,top100,32,Shea Homes,,"3,007","$2,248",28,https://www.builderonline.com/firms/shea-homes
2022,2021,top100,33,Green Brick Partners,p,"2,834","$1,402",35,https://www.builderonline.com/firms/green-brick-partners
2022,2021,top100,34,Woodside Homes,,"2,735","$1,407",31,https://www.builderonline.com/firms/woodside-homes
2022,2021,top100,35,Maronda Homes,,"2,486",$769,38,https://www.builderonline.com/firms/maronda-homes
2022,2021,top100,36,Drees Homes,,"2,355","$1,411",34,https://www.builderonline.com/firms/drees-homes
2022,2021,top100,37,Brookfield Residential Properties,,"2,159","$1,255",40,https://www.builderonline.com/firms/brookfield-residential-properties
2022,2021,top100,38,Bloomfield Homes,,"2,135",$819,47,https://www.builderonline.com/firms/bloomfield-homes
2022,2021,top100,39,Legend Homes,,"2,113",$588,36,https://www.builderonline.com/firms/legend-homes_o
2022,2021,top100,40,Chesmar Homes,,"2,082",$769,44,https://www.builderonline.com/firms/chesmar-homes
2022,2021,top100,41,AMH,p,"2,054",$0,45,https://www.builderonline.com/firms/amh_o
2022,2021,top100,41,True Homes,,"2,054",$621,39,https://www.builderonline.com/firms/true-homes
2022,2021,top100,43,Smith Douglas Homes,,"1,848",$520,42,https://www.builderonline.com/firms/smith-douglas-homes
2022,2021,top100,44,GL Homes,,"1,769","$1,338",41,https://www.builderonline.com/firms/gl-homes
2022,2021,top100,45,Great Southern Homes,,"1,706",$430,50,https://www.builderonline.com/firms/great-southern-homes
2022,2021,top100,46,Betenbough Homes,,"1,692",$348,52,https://www.builderonline.com/firms/betenbough-homes
2022,2021,top100,47,Landsea Homes,p,"1,640",$936,48,https://www.builderonline.com/firms/landsea-homes_o
2022,2021,top100,48,Holiday Builders,,"1,589",$418,64,https://www.builderonline.com/firms/holiday-builders
2022,2021,top100,49,Castlerock Communities,,"1,543",$525,46,https://www.builderonline.com/firms/castlerock-communities
2022,2021,top100,50,Edge Homes,,"1,524",$650,57,https://www.builderonline.com/firms/edge-homes
2022,2021,top100,51,View Homes,,"1,516",$502,51,https://www.builderonline.com/firms/view-homes
2022,2021,top100,52,Eastwood Homes,,"1,467",$548,49,https://www.builderonline.com/firms/eastwood-homes
2022,2021,top100,53,CBH Homes,,"1,466",$681,43,https://www.builderonline.com/firms/cbh-homes
2022,2021,top100,54,Hayden Homes,,"1,465",$570,55,https://www.builderonline.com/firms/hayden-homes
2022,2021,top100,55,Minto Communities,,"1,417",$592,56,https://www.builderonline.com/firms/minto-communities
2022,2021,top100,56,Epcon Communities,,"1,359",$487,59,https://www.builderonline.com/firms/epcon-communities
2022,2021,top100,57,The Kolter Group,,"1,322",$990,60,https://www.builderonline.com/firms/kolter-residential
2022,2021,top100,58,Ivory Homes,,"1,214",$652,53,https://www.builderonline.com/firms/ivory-homes
2022,2021,top100,59,HistoryMaker Homes,,"1,201",$381,61,https://www.builderonline.com/firms/historymaker-homes
2022,2021,top100,60,Long Lake Ltd.,,"1,200",$378,58,https://www.builderonline.com/firms/long-lake-limited
2022,2021,top100,61,First Texas Homes,,"1,184",$576,54,https://www.builderonline.com/firms/first-texas-homes
2022,2021,top100,62,Stylecraft Builders,,"1,095",$257,74,https://www.builderonline.com/firms/stylecraft-builders
2022,2021,top100,63,Neal Communities,,"1,088",$526,65,https://www.builderonline.com/firms/neal-communities
2022,2021,top100,64,Davidson Homes,,938,$322,93,https://www.builderonline.com/firms/davidson-homes_o
2022,2021,top100,65,Homes by Westbay,,932,$372,70,https://www.builderonline.com/firms/homes-by-westbay
2022,2021,top100,66,Tralon Homes,,913,$458,75,https://www.builderonline.com/firms/tralon-homes
2022,2021,top100,66,Ole South Properties,,913,$261,62,https://www.builderonline.com/firms/ole-south-properties
2022,2021,top100,68,McBride & Son Cos.,,911,$319,68,https://www.builderonline.com/firms/mcbride-son-cos
2022,2021,top100,69,Stone Martin Builders,,905,$327,85,https://www.builderonline.com/firms/stone-martin-builders
2022,2021,top100,70,American Legend Homes,,893,$501,63,https://www.builderonline.com/firms/american-legend-homes
2022,2021,top100,71,Ball Homes,,890,$308,100,https://www.builderonline.com/firms/ball-homes
2022,2021,top100,72,Allen Edwin Homes,,876,$267,71,https://www.builderonline.com/firms/allen-edwin-homes
2022,2021,top100,73,Impression Homes,,875,$278,80,https://www.builderonline.com/firms/impression-homes
2022,2021,top100,74,Homes by Taber,,873,$288,84,https://www.builderonline.com/firms/homes-by-taber
2022,2021,top100,75,Rocklyn Homes,,862,$225,N/A,https://www.builderonline.com/firms/rocklyn-homes
2022,2021,top100,76,Pacesetter Homes,,844,$288,82,https://www.builderonline.com/firms/pacesetter-homes
2022,2021,top100,77,Liberty Communities,,840,$242,N/A,https://www.builderonline.com/firms/liberty-communities_o
2022,2021,top100,78,Riverside Homebuilders,,827,$330,95,https://www.builderonline.com/firms/riverside-homebuilders_o
2022,2021,top100,79,Westin Homes,,808,$403,72,https://www.builderonline.com/firms/westin-homes
2022,2021,top100,80,Robson Resort Communities,,780,$399,77,https://www.builderonline.com/firms/robson-resort-communities
2022,2021,top100,81,Fulton Homes,,779,$334,76,https://www.builderonline.com/firms/fulton-homes
2022,2021,top100,82,Park Square Homes,,772,$321,81,https://www.builderonline.com/firms/park-square-homes
2022,2021,top100,83,Hakes Brothers,,751,$224,115,https://www.builderonline.com/firms/hakes-brothers
2022,2021,top100,84,Crescent Homes,,749,$300,117,https://www.builderonline.com/firms/crescent-homes
2022,2021,top100,85,Holt Homes,,726,$347,122,https://www.builderonline.com/firms/holt-homes
2022,2021,top100,86,The Challenger Group,,721,$650,97,https://www.builderonline.com/firms/the-challenger-group
2022,2021,top100,87,Elite Properties of America,,709,$382,86,https://www.builderonline.com/firms/elite-properties-of-america
2022,2021,top100,88,Schuber Mitchell Homes,,706,$156,101,https://www.builderonline.com/firms/schuber-mitchell-homes_o
2022,2021,top100,89,Hubble Homes,,703,$286,89,https://www.builderonline.com/firms/hubble-homes
2022,2021,top100,90,McKinley Homes,,702,$497,119,https://www.builderonline.com/firms/mckinley-homes_o
2022,2021,top100,91,Visionary Homes,,700,$271,127,https://www.builderonline.com/firms/visionary-homes_o
2022,2021,top100,92,American Southern Homes,,694,$296,126,https://www.builderonline.com/firms/american-southern-homes_o
2022,2021,top100,93,ICI Homes,,691,$379,96,https://www.builderonline.com/firms/ici-homes
2022,2021,top100,94,Empire Communities,,682,$300,83,https://www.builderonline.com/firms/empire-communities_o
2022,2021,top100,95,Lombardo Homes,,678,$357,91,https://www.builderonline.com/firms/lombardo-homes
2022,2021,top100,95,HHHunt Corp.,,678,$297,88,https://www.builderonline.com/firms/hhhunt-corp_1
2022,2021,top100,97,New Home Co.,,675,$441,105,https://www.builderonline.com/firms/new-home-co
2022,2021,top100,98,Caviness & Cates Communities,,664,$356,87,https://www.builderonline.com/firms/caviness-cates-communities
2022,2021,top100,99,John Houston Custom Homes,,630,$261,89,https://www.builderonline.com/firms/john-houston-custom-homes_o
2022,2021,top100,100,Megatel Homes,,620,$252,67,https://www.builderonline.com/firms/megatel-homes_o
2022,2021,next100,101,Colina Homes,,613,$155,99,https://www.builderonline.com/firms/colina-homes
2022,2021,next100,102,Milestone Community Builders,,606,$387,69,https://www.builderonline.com/firms/milestone-community-builders
2022,2021,next100,103,"Hanover Family Builders, now Landsea Homes",,588,$190,106,https://www.builderonline.com/firms/hanover-family-builders-now-landsea-homes
2022,2021,next100,103,Home Creations,,588,$138,91,https://www.builderonline.com/firms/home-creations
2022,2021,next100,105,SK Builders,,572,$145,N/A,https://www.builderonline.com/firms/sk-builders
2022,2021,next100,106,Saratoga Homes,,567,$149,72,https://www.builderonline.com/firms/saratoga-homes
2022,2021,next100,107,Ideal Homes,,562,$149,112,https://www.builderonline.com/firms/ideal-homes
2022,2021,next100,108,Christopher Alan Homes,,561,$129,137,https://www.builderonline.com/firms/christopher-alan-homes_o
2022,2021,next100,109,"First America Homes, a Signorelli Company",,556,$148,N/A,https://www.builderonline.com/firms/first-america-homes-a-signorelli-company_o
2022,2021,next100,110,United Built Homes,,549,$116,98,https://www.builderonline.com/firms/united-built-homes
2022,2021,next100,111,Anglia Homes,,544,$160,109,https://www.builderonline.com/firms/anglia-homes
2022,2021,next100,112,Truland Homes,,497,$193,120,https://www.builderonline.com/firms/truland-homes
2022,2021,next100,113,Eastbrook Homes,,461,$180,139,https://www.builderonline.com/firms/eastbrook-homes
2022,2021,next100,114,The Jones Co. of Tennessee/Consort Homes,,460,$264,110,https://www.builderonline.com/firms/the-jones-co-of-tennessee-consort-homes
2022,2021,next100,115,On Top of the World,,453,$147,129,https://www.builderonline.com/firms/on-top-of-the-world
2022,2021,next100,116,Elliott Homes,,452,$274,108,https://www.builderonline.com/firms/elliott-homes
2022,2021,next100,117,Bill Clark Homes,,450,$200,118,https://www.builderonline.com/firms/bill-clark-homes
2022,2021,next100,118,San Joaquin Valley Homes,,449,$160,110,https://www.builderonline.com/firms/san-joaquin-valley-homes_o
2022,2021,next100,119,BBL Building Co.,,447,$158,66,https://www.builderonline.com/firms/bbl-building-co_o
2022,2021,next100,120,John Mourier Construction,,441,$259,103,https://www.builderonline.com/firms/john-mourier-construction
2022,2021,next100,121,Chesapeake Homes,,433,$128,146,https://www.builderonline.com/firms/chesapeake-homes
2022,2021,next100,122,Carefree Homes,,429,$124,128,https://www.builderonline.com/firms/carefree-homes
2022,2021,next100,123,Van Daele Homes,,427,$257,123,https://www.builderonline.com/firms/van-daele-homes
2022,2021,next100,124,Grand Homes,,424,$280,121,https://www.builderonline.com/firms/grand-homes
2022,2021,next100,125,CC Homes,,418,$186,164,https://www.builderonline.com/firms/cc-homes_o
2022,2021,next100,126,Trumark Cos.,,417,$501,N/A,https://www.builderonline.com/firms/trumark-cos
2022,2021,next100,127,William Ryan Homes,,415,$191,131,https://www.builderonline.com/firms/william-ryan-homes
2022,2021,next100,128,Bill Beazley Homes,,401,$103,N/A,https://www.builderonline.com/firms/bill-beazley-homes
2022,2021,next100,129,Williams Homes,,400,$272,160,https://www.builderonline.com/firms/williams-homes
2022,2021,next100,130,Newmark Homes,,395,$197,125,https://www.builderonline.com/firms/newmark-homes
2022,2021,next100,131,Smithbilt Homes,,392,$56,N/A,https://www.builderonline.com/firms/smithbilt-homes
2022,2021,next100,132,Berks Homes,,390,$134,142,https://www.builderonline.com/firms/berks-homes
2022,2021,next100,133,Viera Builders,,387,$192,130,https://www.builderonline.com/firms/viera-builders
2022,2021,next100,134,Flagship Homes,,385,$295,145,https://www.builderonline.com/firms/flagship-homes_o
2022,2021,next100,135,Regent Homes,,384,$162,142,https://www.builderonline.com/firms/regent-homes
2022,2021,next100,136,Keystone Custom Homes,,380,$198,135,https://www.builderonline.com/firms/keystone-custom-homes
2022,2021,next100,136,Landon Homes,,380,$225,124,https://www.builderonline.com/firms/landon-homes
2022,2021,next100,138,Lokal Homes,,366,$158,138,https://www.builderonline.com/firms/lokal-homes
2022,2021,next100,139,Windsor Homes,,365,$84,154,https://www.builderonline.com/firms/windsor-homes
2022,2021,next100,140,A. Sydes Construction,,364,$103,135,https://www.builderonline.com/firms/a-sydes-construction
2022,2021,next100,141,City Ventures,,357,$278,114,https://www.builderonline.com/firms/city-ventures
2022,2021,next100,142,Valor Communities,,356,$112,152,https://www.builderonline.com/firms/valor-communities_o
2022,2021,next100,143,Main Street Homes,,355,$163,N/A,https://www.builderonline.com/firms/main-street-homes
2022,2021,next100,143,McKee Homes,,355,$120,151,https://www.builderonline.com/firms/mckee-homes
2022,2021,next100,145,Regency Homebuilders,,350,$132,N/A,https://www.builderonline.com/firms/regency-homebuilders
2022,2021,next100,146,Devon Street Homes,,348,$102,165,https://www.builderonline.com/firms/devon-street-homes
2022,2021,next100,147,2022 Van Metre Cos.,,346,$278,104,https://www.builderonline.com/builder-100-listing/2022-van-metre-cos/
2022,2021,next100,147,New Tradition Homes,,346,$170,190,https://www.builderonline.com/firms/new-tradition-homes_1
2022,2021,next100,149,Hubbell Homes,,342,$202,N/A,https://www.builderonline.com/firms/hubbell-homes
2022,2021,next100,150,Esperanza Homes,,341,$84,175,https://www.builderonline.com/firms/esperanza-homes_o
2022,2021,next100,151,Traditions of America,,337,$171,N/A,https://www.builderonline.com/firms/traditions-of-america
2022,2021,next100,152,Geonerco Group,,335,$227,158,https://www.builderonline.com/firms/geonerco-group_o
2022,2021,next100,153,Edwards Homes,,333,$71,156,https://www.builderonline.com/firms/edwards-homes
2022,2021,next100,154,Manuel Builders,,326,$78,171,https://www.builderonline.com/firms/manuel-builders
2022,2021,next100,155,Sitterle Homes,,323,$185,N/A,https://www.builderonline.com/firms/sitterle-homes
2022,2021,next100,155,Caruso Homes,,323,$248,N/A,https://www.builderonline.com/firms/caruso-homes
2022,2021,next100,157,Discovery Homes,,316,$248,101,https://www.builderonline.com/firms/discovery-homes_o
2022,2021,next100,158,Cornerstone Communities,,306,$206,141,https://www.builderonline.com/firms/cornerstone-communities
2022,2021,next100,159,AR Homes,,300,$0,140,https://www.builderonline.com/firms/ar-homes
2022,2021,next100,160,Bonadelle Neighborhoods,,293,$98,178,https://www.builderonline.com/firms/bonadelle-neighborhoods
2022,2021,next100,161,Fieldstone Homes,,289,$125,162,https://www.builderonline.com/firms/fieldstone-homes
2022,2021,next100,162,SeaGate Homes,,279,$80,174,https://www.builderonline.com/firms/seagate-homes
2022,2021,next100,162,Simmons Homes,,279,$76,159,https://www.builderonline.com/firms/simmons-homes
2022,2021,next100,164,Kartchner Homes,,266,$121,180,https://www.builderonline.com/firms/kartchner-homes_o
2022,2021,next100,165,Angle Homes,,263,$77,N/A,https://www.builderonline.com/firms/angle-homes_o
2022,2021,next100,166,Greenland Homes,,261,$77,165,https://www.builderonline.com/firms/greenland-homes
2022,2021,next100,167,Silverstone Communities,,260,$77,N/A,https://www.builderonline.com/firms/silverstone-communities_o
2022,2021,next100,168,Stock Development,,258,$543,167,https://www.builderonline.com/firms/stock-development
2022,2021,next100,169,Ivey Residential,,256,$106,191,https://www.builderonline.com/firms/ivey-residential
2022,2021,next100,170,Palo Verde Homes,,250,$58,182,https://www.builderonline.com/firms/palo-verde-homes
2022,2021,next100,170,Creative Homes,,250,$131,N/A,https://www.builderonline.com/firms/creative-homes_1
2022,2021,next100,172,StyleCraft Homes,,245,$80,193,https://www.builderonline.com/firms/stylecraft-homes
2022,2021,next100,173,Pacific Communities Builder,,243,$171,N/A,https://www.builderonline.com/firms/pacific-communities-builder
2022,2021,next100,174,Sandlin Homes,,241,$91,172,https://www.builderonline.com/firms/sandlin-homes_o
2022,2021,next100,175,Tropicana Homes,,240,$68,133,https://www.builderonline.com/firms/tropicana-homes
2022,2021,next100,176,Our Country Homes,,238,$165,N/A,https://www.builderonline.com/firms/our-country-homes_o
2022,2021,next100,177,KRM Development,,237,$88,N/A,https://www.builderonline.com/firms/krm-development_o
2022,2021,next100,178,MJC Cos.,,236,$126,N/A,https://www.builderonline.com/firms/mjc-cos
2022,2021,next100,179,Evergreene Homes,,232,$207,N/A,https://www.builderonline.com/firms/evergreene-homes
2022,2021,next100,179,Marrano Homes/Marc Equity Corp.,,232,$111,197,https://www.builderonline.com/firms/marrano-homes-marc-equity-corp
2022,2021,next100,181,Miller and Smith,,227,$133,153,https://www.builderonline.com/firms/miller-and-smith
2022,2021,next100,181,Stonehollow Homes,,227,$82,173,https://www.builderonline.com/firms/stonehollow-homes_o
2022,2021,next100,181,GFO Home,,227,$129,N/A,https://www.builderonline.com/firms/gfo-home_o
2022,2021,next100,184,Hunter Quinn Homes,,223,$52,195,https://www.builderonline.com/firms/hunter-quinn-homes_o
2022,2021,next100,185,Encore Capital Management,,222,$154,N/A,https://www.builderonline.com/firms/encore-capital-management
2022,2021,next100,186,Newcastle Construction,,220,$86,182,https://www.builderonline.com/firms/newcastle-construction
2022,2021,next100,186,Level Homes,,220,$87,189,https://www.builderonline.com/firms/level-homes
2022,2021,next100,188,Liberty Home Builders,,218,$74,181,https://www.builderonline.com/firms/liberty-home-builders_o
2022,2021,next100,189,Ence Homes,,215,$112,178,https://www.builderonline.com/firms/ence-homes
2022,2021,next100,190,Pyatt Builders,,213,$69,N/A,https://www.builderonline.com/firms/pyatt-builders_o
2022,2021,next100,191,Lowder New Homes,,211,$74,196,https://www.builderonline.com/firms/lowder-new-homes
2022,2021,next100,192,Robert Thomas Homes,,205,$140,185,https://www.builderonline.com/firms/robert-thomas-homes_o
2022,2021,next100,193,Florsheim Homes,,203,$99,188,https://www.builderonline.com/firms/florsheim-homes_o
2022,2021,next100,194,The Olson Co.,,200,$140,N/A,https://www.builderonline.com/firms/the-olson-co
2022,2021,next100,195,Insight Homes,,199,$86,170,https://www.builderonline.com/firms/insight-homes
2022,2021,next100,196,Morgan Taylor Homes,,196,$68,N/A,https://www.builderonline.com/firms/morgan-taylor-homes_o
2022,2021,next100,197,Ward Communities,,194,$82,N/A,https://www.builderonline.com/firms/ward-communities_o
2022,2021,next100,198,Kendall Homes,,189,$59,N/A,https://www.builderonline.com/firms/kendall-homes
2022,2021,next100,198,Twilight Homes,,189,$64,N/A,https://www.builderonline.com/firms/twilight-homes_o
2022,2021,next100,200,McKee Builders,,183,$83,N/A,https://www.builderonline.com/firms/mckee-builders_o
2023,2022,top100,1,D.R. Horton,p,"82,930","$32,668",1,https://www.builderonline.com/firms/dr-horton
2023,2022,top100,2,Lennar Corp.,p,"68,817","$31,779",2,https://www.builderonline.com/firms/lennar-corp
2023,2022,top100,3,PulteGroup,p,"29,111","$15,774",3,https://www.builderonline.com/firms/pultegroup
2023,2022,top100,4,NVR,p,"22,732","$10,326",4,https://www.builderonline.com/firms/nvr
2023,2022,top100,5,Meritage Homes Corp.,p,"14,106","$6,207",7,https://www.builderonline.com/firms/meritage-homes-corp
2023,2022,top100,6,2023 KB Home,p,"13,738","$6,880",6,https://www.builderonline.com/builder-100-listing/2023-kb-home/
2023,2022,top100,7,Taylor Morrison,p,"12,647","$7,889",5,https://www.builderonline.com/firms/taylor-morrison
2023,2022,top100,8,Clayton Properties Group,,"11,751","$4,778",8,https://www.builderonline.com/firms/clayton-properties-group
2023,2022,top100,9,Century Communities,p,"10,594","$4,393",9,https://www.builderonline.com/firms/century-communities
2023,2022,top100,10,Toll Brothers,p,"10,515","$9,711",11,https://www.builderonline.com/firms/toll-brothers
2023,2022,top100,11,M.D.C. Holdings,p,"9,710","$5,586",12,https://www.builderonline.com/firms/mdc-holdings
2023,2022,top100,12,Ashton Woods Homes,,"8,591","$3,519",14,https://www.builderonline.com/firms/ashton-woods-homes
2023,2022,top100,13,2023 M/I Homes,p,"8,366","$4,010",13,https://www.builderonline.com/builder-100-listing/2023-m-i-homes/
2023,2022,top100,14,Dream Finders Homes,p,"6,878","$3,334",17,https://www.builderonline.com/firms/dream-finders-homes
2023,2022,top100,15,LGI Homes,p,"6,621","$2,333",10,https://www.builderonline.com/firms/lgi-homes
2023,2022,top100,16,Hovnanian Enterprises,p,"6,090","$3,184",15,https://www.builderonline.com/firms/hovnanian-enterprises
2023,2022,top100,17,Tri Pointe Homes,p,"6,063","$4,299",16,https://www.builderonline.com/firms/tri-pointe-homes
2023,2022,top100,18,2023 David Weekley Homes,,"5,270","$3,002",18,https://www.builderonline.com/builder-100-listing/2023-david-weekley-homes/
2023,2022,top100,19,Beazer Homes,p,"4,756","$2,316",19,https://www.builderonline.com/firms/beazer-homes-usa
2023,2022,top100,20,Stanley Martin Homes,,"4,426","$2,016",24,https://www.builderonline.com/firms/stanley-martin-homes
2023,2022,top100,21,DRB Group,,"4,282","$1,850",21,https://www.builderonline.com/firms/drb-group
2023,2022,top100,22,Rausch Coleman Homes,,"4,103",$960,22,https://www.builderonline.com/firms/rausch-coleman-homes
2023,2022,top100,23,Mattamy Homes,,"3,965","$1,941",20,https://www.builderonline.com/firms/mattamy-homes
2023,2022,top100,24,Highland Homes,,"3,700","$2,170",25,https://www.builderonline.com/firms/highland-homes
2023,2022,top100,25,Perry Homes,,"3,693","$2,195",26,https://www.builderonline.com/firms/perry-homes
2023,2022,top100,26,The Villages of Lake Sumter,,"3,606","$1,551",23,https://www.builderonline.com/firms/the-villages-of-lake-sumter
2023,2022,top100,27,Shea Homes,,"3,428","$2,980",32,https://www.builderonline.com/firms/shea-homes
2023,2022,top100,28,Habitat for Humanity International,,"3,421",$479,27,https://www.builderonline.com/firms/habitat-for-humanity-international
2023,2022,top100,29,Adams Homes,,"3,135","$1,050",30,https://www.builderonline.com/firms/adams-homes
2023,2022,top100,30,Fischer Homes,,"3,105","$1,435",31,https://www.builderonline.com/firms/fischer-homes
2023,2022,top100,31,DSLD Homes,,"3,088",$843,28,https://www.builderonline.com/firms/dsld-homes
2023,2022,top100,32,Green Brick Partners,p,"2,916","$1,704",33,https://www.builderonline.com/firms/green-brick-partners
2023,2022,top100,33,Maronda Homes,,"2,755","$1,015",35,https://www.builderonline.com/firms/maronda-homes
2023,2022,top100,34,Brightland Homes,,"2,639","$1,318",29,https://www.builderonline.com/firms/brightland-homes_o
2023,2022,top100,35,Landsea Homes,p,"2,527","$1,446",47,https://www.builderonline.com/firms/landsea-homes_o
2023,2022,top100,36,Drees Homes,,"2,364","$1,688",36,https://www.builderonline.com/firms/drees-homes
2023,2022,top100,37,Woodside Homes,,"2,269","$1,368",34,https://www.builderonline.com/firms/woodside-homes
2023,2022,top100,38,Smith Douglas Homes,,"2,200",$755,43,https://www.builderonline.com/firms/smith-douglas-homes
2023,2022,top100,39,AMH,p,"2,183",$0,41,https://www.builderonline.com/firms/amh_o
2023,2022,top100,40,Bloomfield Homes,,"2,118","$1,060",38,https://www.builderonline.com/firms/bloomfield-homes
2023,2022,top100,41,True Homes,,"2,044",$784,41,https://www.builderonline.com/firms/true-homes
2023,2022,top100,42,Legend Homes,,"2,017",$837,39,https://www.builderonline.com/firms/legend-homes_o
2023,2022,top100,43,GL Homes,,"1,795","$1,564",44,https://www.builderonline.com/firms/gl-homes
2023,2022,top100,44,Chesmar Homes,,"1,779",$798,40,https://www.builderonline.com/firms/chesmar-homes
2023,2022,top100,45,Minto Communities,,"1,762",$822,55,https://www.builderonline.com/firms/minto-communities
2023,2022,top100,46,Betenbough Homes,,"1,671",$447,46,https://www.builderonline.com/firms/betenbough-homes
2023,2022,top100,47,BBL Building Co.,,"1,665",$228,119,https://www.builderonline.com/firms/bbl-building-co_o
2023,2022,top100,48,Great Southern Homes,,"1,605",$477,45,https://www.builderonline.com/firms/great-southern-homes
2023,2022,top100,49,Holiday Builders,,"1,601",$515,48,https://www.builderonline.com/firms/holiday-builders
2023,2022,top100,50,Epcon Communities,,"1,500",$769,56,https://www.builderonline.com/firms/epcon-communities
2023,2022,top100,51,The Challenger Group,,"1,486",$560,86,https://www.builderonline.com/firms/the-challenger-group
2023,2022,top100,52,Brookfield Residential Properties,,"1,472","$1,042",37,https://www.builderonline.com/firms/brookfield-residential-properties
2023,2022,top100,53,Hayden Homes,,"1,433",$673,54,https://www.builderonline.com/firms/hayden-homes
2023,2022,top100,54,Eastwood Homes,,"1,348",$605,52,https://www.builderonline.com/firms/eastwood-homes
2023,2022,top100,55,CBH Homes,,"1,292",$593,53,https://www.builderonline.com/firms/cbh-homes
2023,2022,top100,56,Edge Homes,,"1,280",$693,50,https://www.builderonline.com/firms/edge-homes
2023,2022,top100,57,HistoryMaker Homes,,"1,257",$486,59,https://www.builderonline.com/firms/historymaker-homes
2023,2022,top100,58,The Kolter Group,,"1,227",$851,57,https://www.builderonline.com/firms/kolter-residential
2023,2022,top100,59,First Texas Homes,,"1,196",$685,61,https://www.builderonline.com/firms/first-texas-homes
2023,2022,top100,60,View Homes,,"1,138",$440,51,https://www.builderonline.com/firms/view-homes
2023,2022,top100,61,Castlerock Communities,,"1,136",$479,49,https://www.builderonline.com/firms/castlerock-communities
2023,2022,top100,62,Ivory Homes,,"1,103",$779,58,https://www.builderonline.com/firms/ivory-homes
2023,2022,top100,63,Stylecraft Builders,,"1,042",$20,62,https://www.builderonline.com/firms/stylecraft-builders
2023,2022,top100,64,Long Lake Ltd.,,"1,014",$401,60,https://www.builderonline.com/firms/long-lake-limited
2023,2022,top100,65,Homes by Westbay,,991,$564,65,https://www.builderonline.com/firms/homes-by-westbay
2023,2022,top100,66,Davidson Homes,,989,$438,64,https://www.builderonline.com/firms/davidson-homes_o
2023,2022,top100,67,Neal Communities,,950,$568,63,https://www.builderonline.com/firms/neal-communities
2023,2022,top100,68,Stone Martin Builders,,912,$388,69,https://www.builderonline.com/firms/stone-martin-builders
2023,2022,top100,69,McBride & Son Cos.,,893,$356,68,https://www.builderonline.com/firms/mcbride-son-cos
2023,2022,top100,70,Robson Resort Communities,,891,$526,80,https://www.builderonline.com/firms/robson-resort-communities
2023,2022,top100,71,Homes by Taber,,867,$325,74,https://www.builderonline.com/firms/homes-by-taber
2023,2022,top100,72,Milestone Community Builders,,859,$528,102,https://www.builderonline.com/firms/milestone-community-builders
2023,2022,top100,73,American Legend Homes,,849,$660,70,https://www.builderonline.com/firms/american-legend-homes
2023,2022,top100,73,ICI Homes,,849,$595,93,https://www.builderonline.com/firms/ici-homes
2023,2022,top100,75,Visionary Homes,,804,$377,91,https://www.builderonline.com/firms/visionary-homes_o
2023,2022,top100,76,Lombardo Homes,,800,$500,95,https://www.builderonline.com/firms/lombardo-homes
2023,2022,top100,77,Fulton Homes,,796,$406,81,https://www.builderonline.com/firms/fulton-homes
2023,2022,top100,78,Rocklyn Homes,,794,$49,75,https://www.builderonline.com/firms/rocklyn-homes
2023,2022,top100,79,Pacesetter Homes,,793,$462,76,https://www.builderonline.com/firms/pacesetter-homes
2023,2022,top100,80,Eastbrook Homes,,791,$148,113,https://www.builderonline.com/firms/eastbrook-homes
2023,2022,top100,81,New Home Co.,,790,$603,97,https://www.builderonline.com/firms/new-home-co
2023,2022,top100,82,Allen Edwin Homes,,781,$272,72,https://www.builderonline.com/firms/allen-edwin-homes
2023,2022,top100,83,Saratoga Homes,,764,$247,106,https://www.builderonline.com/firms/saratoga-homes
2023,2022,top100,84,Westin Homes,,719,$440,79,https://www.builderonline.com/firms/westin-homes
2023,2022,top100,85,Hakes Brothers,,706,$253,83,https://www.builderonline.com/firms/hakes-brothers
2023,2022,top100,86,On Top of the World,,697,$256,115,https://www.builderonline.com/firms/on-top-of-the-world
2023,2022,top100,87,Holt Homes,,685,$378,85,https://www.builderonline.com/firms/holt-homes
2023,2022,top100,88,Schuber Mitchell Homes,,658,$180,88,https://www.builderonline.com/firms/schuber-mitchell-homes_o
2023,2022,top100,89,"First America Homes, a Signorelli Company",,653,$189,109,https://www.builderonline.com/firms/first-america-homes-a-signorelli-company_o
2023,2022,top100,90,Ole South Properties,,642,$245,66,https://www.builderonline.com/firms/ole-south-properties
2023,2022,top100,91,Park Square Homes,,630,$267,82,https://www.builderonline.com/firms/park-square-homes
2023,2022,top100,92,Hubble Homes,,624,$294,89,https://www.builderonline.com/firms/hubble-homes
2023,2022,top100,93,Elite Properties of America,,620,$419,87,https://www.builderonline.com/firms/elite-properties-of-america
2023,2022,top100,94,San Joaquin Valley Homes,,618,$250,118,https://www.builderonline.com/firms/san-joaquin-valley-homes_o
2023,2022,top100,95,Impression Homes,,606,$252,73,https://www.builderonline.com/firms/impression-homes
2023,2022,top100,96,Riverside Homebuilders,,600,$258,78,https://www.builderonline.com/firms/riverside-homebuilders_o
2023,2022,top100,97,Schell Brothers,,591,$472,N/A,https://www.builderonline.com/firms/schell-brothers
2023,2022,top100,98,Olthof Homes,,583,$217,N/A,https://www.builderonline.com/firms/olthof-homes
2023,2022,top100,99,HHHunt Corp.,,575,$273,95,https://www.builderonline.com/firms/hhhunt-corp_1
2023,2022,top100,100,Touchstone Living,,574,$199,N/A,https://www.builderonline.com/firms/touchstone-living_o
2023,2022,next100,101,Ideal Homes,,542,$171,107,https://www.builderonline.com/firms/ideal-homes
2023,2022,next100,102,Altura Homes,,538,$159,N/A,https://www.builderonline.com/firms/altura-homes_o
2023,2022,next100,102,CC Homes,,538,$375,125,https://www.builderonline.com/firms/cc-homes_o
2023,2022,next100,104,Anglia Homes,,532,$179,111,https://www.builderonline.com/firms/anglia-homes
2023,2022,next100,105,Grand Homes,,525,$435,124,https://www.builderonline.com/firms/grand-homes
2023,2022,next100,106,Keystone Custom Homes,,523,$332,136,https://www.builderonline.com/firms/keystone-custom-homes
2023,2022,next100,107,Colina Homes,,513,$151,101,https://www.builderonline.com/firms/colina-homes
2023,2022,next100,108,Truland Homes,,512,$244,112,https://www.builderonline.com/firms/truland-homes
2023,2022,next100,109,Liberty Communities,,508,$173,77,https://www.builderonline.com/firms/liberty-communities_o
2023,2022,next100,110,Home Creations,,495,$134,103,https://www.builderonline.com/firms/home-creations
2023,2022,next100,111,Caviness and Cates Communities,,484,$284,98,https://www.builderonline.com/firms/caviness-and-cates-communities
2023,2022,next100,112,Main Street Homes,,464,$250,143,https://www.builderonline.com/firms/main-street-homes
2023,2022,next100,113,2023 Van Metre Cos.,,457,$408,147,https://www.builderonline.com/builder-100-listing/2023-van-metre-cos/
2023,2022,next100,114,SK Builders,,455,$143,105,https://www.builderonline.com/firms/sk-builders
2023,2022,next100,114,Christopher Alan Homes,,455,$142,108,https://www.builderonline.com/firms/christopher-alan-homes_o
2023,2022,next100,116,Newmark Homes,,449,$298,130,https://www.builderonline.com/firms/newmark-homes
2023,2022,next100,116,Flagship Homes,,449,$195,134,https://www.builderonline.com/firms/flagship-homes_o
2023,2022,next100,118,Trumark Cos.,,448,$419,126,https://www.builderonline.com/firms/trumark-cos
2023,2022,next100,119,Regent Homes,,441,$206,135,https://www.builderonline.com/firms/regent-homes
2023,2022,next100,120,Elliott Homes,,437,$286,116,https://www.builderonline.com/firms/elliott-homes
2023,2022,next100,121,John Houston Custom Homes,,428,$199,99,https://www.builderonline.com/firms/john-houston-custom-homes_o
2023,2022,next100,122,Edwards Homes,,423,$103,153,https://www.builderonline.com/firms/edwards-homes
2023,2022,next100,123,American Southern Homes,,418,$216,92,https://www.builderonline.com/firms/american-southern-homes_o
2023,2022,next100,124,John Mourier Construction,,414,$307,120,https://www.builderonline.com/firms/john-mourier-construction
2023,2022,next100,124,Esperanza Homes,,414,$104,150,https://www.builderonline.com/firms/esperanza-homes_o
2023,2022,next100,126,Landon Homes,,412,$318,136,https://www.builderonline.com/firms/landon-homes
2023,2022,next100,127,Shaddock Homes,,410,$289,N/A,https://www.builderonline.com/firms/shaddock-homes
2023,2022,next100,128,Berks Homes,,399,$158,132,https://www.builderonline.com/firms/berks-homes
2023,2022,next100,129,Capstone Homes,,397,$173,N/A,https://www.builderonline.com/firms/capstone-homes
2023,2022,next100,130,Chesapeake Homes,,390,$190,121,https://www.builderonline.com/firms/chesapeake-homes
2023,2022,next100,131,Southern Homes of Polk County,,389,$140,N/A,https://www.builderonline.com/firms/southern-homes-of-polk-county
2023,2022,next100,132,Williams Homes,,388,$252,129,https://www.builderonline.com/firms/williams-homes
2023,2022,next100,132,Traditions of America,,388,$226,151,https://www.builderonline.com/firms/traditions-of-america
2023,2022,next100,134,Viera Builders,,379,$203,133,https://www.builderonline.com/firms/viera-builders
2023,2022,next100,135,Manuel Builders,,377,$103,154,https://www.builderonline.com/firms/manuel-builders
2023,2022,next100,136,Granite Ridge Builders,,373,$154,N/A,https://www.builderonline.com/firms/granite-ridge-builders
2023,2022,next100,137,Sitterle Homes,,372,$210,155,https://www.builderonline.com/firms/sitterle-homes
2023,2022,next100,138,Lokal Homes,,370,$170,138,https://www.builderonline.com/firms/lokal-homes
2023,2022,next100,139,Hubbell Homes,,367,$163,149,https://www.builderonline.com/firms/hubbell-homes
2023,2022,next100,140,Caruso Homes,,365,$259,155,https://www.builderonline.com/firms/caruso-homes
2023,2022,next100,141,A. Sydes Construction,,359,$128,140,https://www.builderonline.com/firms/a-sydes-construction
2023,2022,next100,142,Bill Beazley Homes,,358,$106,128,https://www.builderonline.com/firms/bill-beazley-homes
2023,2022,next100,143,Rockhaven Homes,,352,$132,N/A,https://www.builderonline.com/firms/rockhaven-homes_o
2023,2022,next100,144,Hartford Homes,,348,$154,N/A,https://www.builderonline.com/firms/hartford-homes_o
2023,2022,next100,145,Windsor Homes,,346,$121,139,https://www.builderonline.com/firms/windsor-homes
2023,2022,next100,146,The Jones Co. of Tennessee/Consort Homes,,344,$226,114,https://www.builderonline.com/firms/the-jones-co-of-tennessee-consort-homes
2023,2022,next100,147,Prominence Homes,,336,$102,N/A,https://www.builderonline.com/firms/prominence-homes_o
2023,2022,next100,148,Homes by Towne,,330,$180,N/A,https://www.builderonline.com/firms/homes-by-towne
2023,2022,next100,149,Piedmont Residential,,327,$113,N/A,https://www.builderonline.com/firms/piedmont-residential_o
2023,2022,next100,150,Devon Street Homes,,324,$107,146,https://www.builderonline.com/firms/devon-street-homes
2023,2022,next100,151,Shaw Homes,,320,$105,N/A,https://www.builderonline.com/firms/shaw-homes
2023,2022,next100,152,Valor Communities,,319,$110,142,https://www.builderonline.com/firms/valor-communities_o
2023,2022,next100,153,McKee Homes,,316,$127,143,https://www.builderonline.com/firms/mckee-homes
2023,2022,next100,153,Angle Homes,,316,$106,165,https://www.builderonline.com/firms/angle-homes_o
2023,2022,next100,155,Baessler Homes,,311,$112,N/A,https://www.builderonline.com/firms/baessler-homes_o
2023,2022,next100,156,"McGuinn Homes, Inc.",,309,$66,N/A,https://www.builderonline.com/firms/mcguinn-homes-inc
2023,2022,next100,157,New Tradition Homes,,306,$187,147,https://www.builderonline.com/firms/new-tradition-homes_1
2023,2022,next100,158,Landmark 24 Homes,,305,$114,N/A,https://www.builderonline.com/firms/landmark-24-homes_o
2023,2022,next100,159,Partners in Building,,298,$380,N/A,https://www.builderonline.com/firms/partners-in-building
2023,2022,next100,160,Regency Homebuilders,,296,$124,145,https://www.builderonline.com/firms/regency-homebuilders
2023,2022,next100,161,Simmons Homes,,290,$90,162,https://www.builderonline.com/firms/simmons-homes
2023,2022,next100,161,AR Homes,,290,$297,159,https://www.builderonline.com/firms/ar-homes
2023,2022,next100,163,Keystone Construction LLC,,288,$137,N/A,https://www.builderonline.com/firms/keystone-construction-llc_o
2023,2022,next100,164,Jerry’s Homes,,286,$97,N/A,https://www.builderonline.com/firms/jerrys-homes
2023,2022,next100,165,Pyatt Builders,,283,$106,190,https://www.builderonline.com/firms/pyatt-builders_o
2023,2022,next100,166,Stock Development,,273,$605,168,https://www.builderonline.com/firms/stock-development
2023,2022,next100,167,Homes By Dickerson,,271,$197,N/A,https://www.builderonline.com/firms/homes-by-dickerson
2023,2022,next100,168,Evergreene Homes,,265,$247,179,https://www.builderonline.com/firms/evergreene-homes
2023,2022,next100,169,Pratt Home Builders,,264,$130,N/A,https://www.builderonline.com/firms/pratt-home-builders
2023,2022,next100,170,Kartchner Homes,,258,$156,164,https://www.builderonline.com/firms/kartchner-homes_o
2023,2022,next100,171,Beechwood Homes,,255,$275,N/A,https://www.builderonline.com/firms/beechwood-homes
2023,2022,next100,172,Palo Verde Homes,,250,$66,170,https://www.builderonline.com/firms/palo-verde-homes
2023,2022,next100,173,SeaGate Homes,,245,$72,162,https://www.builderonline.com/firms/seagate-homes
2023,2022,next100,174,MJC Cos.,,242,$121,178,https://www.builderonline.com/firms/mjc-cos
2023,2022,next100,175,Frontier Communities,,240,$119,N/A,https://www.builderonline.com/firms/frontier-communities
2023,2022,next100,176,Greenland Homes,,237,$78,166,https://www.builderonline.com/firms/greenland-homes
2023,2022,next100,177,Fieldstone Homes,,232,$130,161,https://www.builderonline.com/firms/fieldstone-homes
2023,2022,next100,177,Medallion Home,,232,$271,N/A,https://www.builderonline.com/firms/medallion-home
2023,2022,next100,179,Silverstone Communities,,230,$83,167,https://www.builderonline.com/firms/silverstone-communities_o
2023,2022,next100,180,Cardel Homes,,226,$142,N/A,https://www.builderonline.com/firms/cardel-homes
2023,2022,next100,181,Grand Oak Builders,,225,$102,N/A,https://www.builderonline.com/firms/grand-oak-builders_o
2023,2022,next100,182,Marrano Homes/Marc Equity Corp.,,222,$116,179,https://www.builderonline.com/firms/marrano-homes-marc-equity-corp
2023,2022,next100,183,Creative Homes,,217,$135,170,https://www.builderonline.com/firms/creative-homes_1
2023,2022,next100,184,Bonadelle Neighborhoods,,212,$94,160,https://www.builderonline.com/firms/bonadelle-neighborhoods
2023,2022,next100,184,MTT Homes,,212,$90,N/A,https://www.builderonline.com/firms/mtt-homes_o
2023,2022,next100,186,Landmark Homes,,208,$112,N/A,https://www.builderonline.com/firms/landmark-homes_1
2023,2022,next100,187,Ward Communities,,205,$95,197,https://www.builderonline.com/firms/ward-communities_o
2023,2022,next100,187,Robert Thomas Homes,,205,$150,192,https://www.builderonline.com/firms/robert-thomas-homes_o
2023,2022,next100,189,StyleCraft Homes,,202,$83,172,https://www.builderonline.com/firms/stylecraft-homes
2023,2022,next100,190,Lowder New Homes,,201,$81,191,https://www.builderonline.com/firms/lowder-new-homes
2023,2022,next100,191,Ence Construction,,198,$123,N/A,https://www.builderonline.com/firms/ence-construction_o
2023,2022,next100,192,Kendall Homes,,195,$74,198,https://www.builderonline.com/firms/kendall-homes
2023,2022,next100,192,Brite Homes,,195,$80,N/A,https://www.builderonline.com/firms/brite-homes_o
2023,2022,next100,194,Pacific Communities Builder,,192,$102,173,https://www.builderonline.com/firms/pacific-communities-builder
2023,2022,next100,195,Insight Homes,,180,$91,195,https://www.builderonline.com/firms/insight-homes
2023,2022,next100,195,Tresidio Homes,,180,$117,N/A,https://www.builderonline.com/firms/tresidio-homes_o
2023,2022,next100,197,Greenstone Homes,,176,$109,N/A,https://www.builderonline.com/firms/greenstone-homes_o
2023,2022,next100,197,Stonehollow Homes,,176,$77,181,https://www.builderonline.com/firms/stonehollow-homes_o
2023,2022,next100,199,Fischer & Frichtel Homes,,175,$976,N/A,https://www.builderonline.com/firms/fischer-frichtel-homes
2023,2022,next100,199,Infinity Homes & Co,,175,$54,N/A,https://www.builderonline.com/firms/infinity-homes-co
2024,2023,top100,1,D.R. Horton,p,"90,777","$32,295",1,https://www.builderonline.com/firms/dr-horton
2024,2023,top100,2,Lennar Corp.,p,"73,087","$32,459",2,https://www.builderonline.com/firms/lennar-corp
2024,2023,top100,3,PulteGroup,p,"28,603","$15,598",3,https://www.builderonline.com/firms/pultegroup
2024,2023,top100,4,NVR,p,"20,662","$9,314",4,https://www.builderonline.com/firms/nvr
2024,2023,top100,5,Meritage Homes,p,"13,976","$6,056",5,https://www.builderonline.com/firms/meritage-homes
2024,2023,top100,6,2024 KB Home,p,"13,236","$6,381",6,https://www.builderonline.com/builder-100-listing/2024-kb-home/
2024,2023,top100,7,Taylor Morrison,p,"11,495","$7,200",7,https://www.builderonline.com/firms/taylor-morrison
2024,2023,top100,8,Clayton Properties Group,,"9,957","$3,993",8,https://www.builderonline.com/firms/clayton-properties-group
2024,2023,top100,9,Toll Brothers,p,"9,597","$9,866",10,https://www.builderonline.com/firms/toll-brothers
2024,2023,top100,10,Century Communities,p,"9,568","$3,604",9,https://www.builderonline.com/firms/century-communities
2024,2023,top100,11,Ashton Woods Homes,,"8,947","$3,601",12,https://www.builderonline.com/firms/ashton-woods-homes
2024,2023,top100,12,M.D.C. Holdings,p,"8,228","$4,520",11,https://www.builderonline.com/firms/mdc-holdings
2024,2023,top100,13,2024 M/I Homes,p,"8,112","$3,914",13,https://www.builderonline.com/builder-100-listing/2024-m-i-homes/
2024,2023,top100,14,Dream Finders Homes,p,"7,314","$3,485",14,https://www.builderonline.com/firms/dream-finders-homes
2024,2023,top100,15,LGI Homes,p,"6,729","$2,358",15,https://www.builderonline.com/firms/lgi-homes
2024,2023,top100,16,Hovnanian Enterprises,p,"5,473","$3,054",16,https://www.builderonline.com/firms/hovnanian-enterprises
2024,2023,top100,17,2024 David Weekley Homes,,"5,433","$2,963",18,https://www.builderonline.com/builder-100-listing/2024-david-weekley-homes/
2024,2023,top100,18,Tri Pointe Homes,p,"5,274","$3,654",17,https://www.builderonline.com/firms/tri-pointe-homes
2024,2023,top100,19,Mattamy Homes,,"4,578","$2,270",23,https://www.builderonline.com/firms/mattamy-homes
2024,2023,top100,20,SH Residential Holdings,p,"4,442","$2,324",N/A,https://www.builderonline.com/firms/sh-residential-holdings_o
2024,2023,top100,21,Rausch Coleman Homes,,"4,437","$1,050",22,https://www.builderonline.com/firms/rausch-coleman-homes
2024,2023,top100,22,Stanley Martin Homes,,"4,291","$1,947",20,https://www.builderonline.com/firms/stanley-martin-homes
2024,2023,top100,23,Beazer Homes,p,"4,246","$2,198",19,https://www.builderonline.com/firms/beazer-homes-usa
2024,2023,top100,24,DRB Group,,"4,140","$1,651",21,https://www.builderonline.com/firms/drb-group
2024,2023,top100,25,Perry Homes,,"4,071","$2,367",25,https://www.builderonline.com/firms/perry-homes
2024,2023,top100,26,Habitat for Humanity International,,"3,817",$468,28,https://www.builderonline.com/firms/habitat-for-humanity-international
2024,2023,top100,27,Highland Homes,,"3,555","$2,200",24,https://www.builderonline.com/firms/highland-homes
2024,2023,top100,28,DSLD Homes,,"3,240",$988,31,https://www.builderonline.com/firms/dsld-homes
2024,2023,top100,29,Green Brick Partners,p,"3,123","$1,769",32,https://www.builderonline.com/firms/green-brick-partners
2024,2023,top100,30,Brightland Homes,,"2,972","$1,069",34,https://www.builderonline.com/firms/brightland-homes_o
2024,2023,top100,31,Adams Homes,,"2,970","$1,053",29,https://www.builderonline.com/firms/adams-homes
2024,2023,top100,32,Fischer Homes,,"2,736","$1,332",30,https://www.builderonline.com/firms/fischer-homes
2024,2023,top100,33,The Villages of Lake Sumter,,"2,732","$1,180",26,https://www.builderonline.com/firms/the-villages-of-lake-sumter
2024,2023,top100,34,Shea Homes,,"2,721","$2,601",27,https://www.builderonline.com/firms/shea-homes
2024,2023,top100,35,Maronda Homes,,"2,428","$1,034",33,https://www.builderonline.com/firms/maronda-homes
2024,2023,top100,36,Smith Douglas Homes,p,"2,373",$763,38,https://www.builderonline.com/firms/smith-douglas-homes
2024,2023,top100,37,Minto Communities,,"2,350","$1,239",45,https://www.builderonline.com/firms/minto-communities
2024,2023,top100,38,True Homes,,"2,342",$809,41,https://www.builderonline.com/firms/true-homes
2024,2023,top100,39,AMH,p,"2,317",$0,39,https://www.builderonline.com/firms/amh_o
2024,2023,top100,40,Legend Homes,,"2,245",$485,42,https://www.builderonline.com/firms/legend-homes_o
2024,2023,top100,41,Drees Homes,,"2,128","$1,646",36,https://www.builderonline.com/firms/drees-homes
2024,2023,top100,42,Landsea Homes,p,"2,123","$1,169",35,https://www.builderonline.com/firms/landsea-homes_o
2024,2023,top100,43,GL Homes,,"2,062","$1,920",43,https://www.builderonline.com/firms/gl-homes
2024,2023,top100,44,Bloomfield Homes,,"2,010","$1,082",40,https://www.builderonline.com/firms/bloomfield-homes
2024,2023,top100,45,Betenbough Homes,,"1,970",$454,46,https://www.builderonline.com/firms/betenbough-homes
2024,2023,top100,46,Holiday Builders,,"1,713",$558,49,https://www.builderonline.com/firms/holiday-builders
2024,2023,top100,47,CBH Homes,,"1,565",$704,55,https://www.builderonline.com/firms/cbh-homes
2024,2023,top100,48,The Kolter Group,,"1,468","$1,279",58,https://www.builderonline.com/firms/kolter-residential
2024,2023,top100,49,Hayden Homes,,"1,458",$619,53,https://www.builderonline.com/firms/hayden-homes
2024,2023,top100,50,Brookfield Residential Properties,,"1,456","$1,129",52,https://www.builderonline.com/firms/brookfield-residential-properties
2024,2023,top100,51,United Homes Group,p,"1,383",$421,48,https://www.builderonline.com/firms/united-homes-group_o
2024,2023,top100,52,Castlerock Communities,,"1,367",$555,61,https://www.builderonline.com/firms/castlerock-communities
2024,2023,top100,53,Neal Communities,,"1,357",$843,67,https://www.builderonline.com/firms/neal-communities
2024,2023,top100,54,Edge Homes,,"1,349",$611,56,https://www.builderonline.com/firms/edge-homes
2024,2023,top100,55,First Texas Homes,,"1,299",$833,59,https://www.builderonline.com/firms/first-texas-homes
2024,2023,top100,56,Empire Communities,,"1,288",$663,N/A,https://www.builderonline.com/firms/empire-communities_o
2024,2023,top100,57,Epcon Communities,,"1,264",$748,50,https://www.builderonline.com/firms/epcon-communities
2024,2023,top100,58,Eastwood Homes,,"1,245",$629,54,https://www.builderonline.com/firms/eastwood-homes
2024,2023,top100,59,Homes by Westbay,,"1,213",$700,65,https://www.builderonline.com/firms/homes-by-westbay
2024,2023,top100,60,Davidson Homes,,"1,166",$462,66,https://www.builderonline.com/firms/davidson-homes_o
2024,2023,top100,61,BBL Building Co.,,"1,111",$0,47,https://www.builderonline.com/firms/bbl-building-co_o
2024,2023,top100,62,View Homes,,"1,052",$400,60,https://www.builderonline.com/firms/view-homes
2024,2023,top100,63,Stylecraft Builders,,"1,014",$230,63,https://www.builderonline.com/firms/stylecraft-builders
2024,2023,top100,64,Long Lake Ltd.,,943,$369,64,https://www.builderonline.com/firms/long-lake-limited
2024,2023,top100,65,HistoryMaker Homes,,927,$354,57,https://www.builderonline.com/firms/historymaker-homes
2024,2023,top100,66,McBride & Son Cos.,,920,$386,69,https://www.builderonline.com/firms/mcbride-son-cos
2024,2023,top100,67,Allen Edwin Homes,,915,$318,82,https://www.builderonline.com/firms/allen-edwin-homes
2024,2023,top100,68,Westin Homes,,882,$550,84,https://www.builderonline.com/firms/westin-homes
2024,2023,top100,69,The Challenger Group,,870,$379,51,https://www.builderonline.com/firms/the-challenger-group
2024,2023,top100,70,Robson Resort Communities,,850,$607,70,https://www.builderonline.com/firms/robson-resort-communities
2024,2023,top100,71,Ivory Homes,,803,$576,62,https://www.builderonline.com/firms/ivory-homes
2024,2023,top100,72,Park Square Homes,,802,$464,91,https://www.builderonline.com/firms/park-square-homes
2024,2023,top100,73,Trumark Cos.,,766,$661,118,https://www.builderonline.com/firms/trumark-cos
2024,2023,top100,74,American Legend Homes,,755,$607,73,https://www.builderonline.com/firms/american-legend-homes
2024,2023,top100,75,Tilson Homes,,745,$328,N/A,https://www.builderonline.com/firms/tilson-homes
2024,2023,top100,76,Hakes Brothers,,731,$275,85,https://www.builderonline.com/firms/hakes-brothers
2024,2023,top100,77,Prominence Homes,,712,$110,147,https://www.builderonline.com/firms/prominence-homes_o
2024,2023,top100,78,Saratoga Homes,,711,$232,83,https://www.builderonline.com/firms/saratoga-homes
2024,2023,top100,79,Schuber Mitchell Homes,,702,$195,88,https://www.builderonline.com/firms/schuber-mitchell-homes_o
2024,2023,top100,79,Pacesetter Homes,,702,$319,79,https://www.builderonline.com/firms/pacesetter-homes
2024,2023,top100,81,Megatel Homes,,696,$382,N/A,https://www.builderonline.com/firms/megatel-homes_o
2024,2023,top100,82,On Top of the World,,674,$290,86,https://www.builderonline.com/firms/on-top-of-the-world
2024,2023,top100,83,ICI Homes,,672,$582,73,https://www.builderonline.com/firms/ici-homes
2024,2023,top100,84,Impression Homes,,669,$243,95,https://www.builderonline.com/firms/impression-homes
2024,2023,top100,85,New Home Co.,,656,$509,81,https://www.builderonline.com/firms/new-home-co
2024,2023,top100,86,Stone Martin Builders,,645,$256,68,https://www.builderonline.com/firms/stone-martin-builders
2024,2023,top100,87,Visionary Homes,,628,$281,75,https://www.builderonline.com/firms/visionary-homes_o
2024,2023,top100,88,Home Creations,,627,$158,110,https://www.builderonline.com/firms/home-creations
2024,2023,top100,89,Lombardo Homes,,611,$408,76,https://www.builderonline.com/firms/lombardo-homes
2024,2023,top100,90,Riverside Homebuilders,,594,$274,96,https://www.builderonline.com/firms/riverside-homebuilders_o
2024,2023,top100,91,Christopher Alan Homes,,569,$206,114,https://www.builderonline.com/firms/christopher-alan-homes_o
2024,2023,top100,92,American Classic Homes,,566,$86,N/A,https://www.builderonline.com/firms/american-classic-homes_o
2024,2023,top100,93,Ole South Properties,,556,$202,90,https://www.builderonline.com/firms/ole-south-properties
2024,2023,top100,94,Ball Homes,,552,$256,N/A,https://www.builderonline.com/firms/ball-homes
2024,2023,top100,95,San Joaquin Valley Homes,,549,$237,94,https://www.builderonline.com/firms/san-joaquin-valley-homes_o
2024,2023,top100,96,Olthof Homes,,510,$188,98,https://www.builderonline.com/firms/olthof-homes
2024,2023,top100,97,Viera Builders,,508,$331,134,https://www.builderonline.com/firms/viera-builders
2024,2023,top100,98,Schell Brothers,,507,$443,97,https://www.builderonline.com/firms/schell-brothers
2024,2023,top100,99,Esperanza Homes,,505,$144,124,https://www.builderonline.com/firms/esperanza-homes_o
2024,2023,top100,100,HHHunt Corp.,,476,$226,99,https://www.builderonline.com/firms/hhhunt-corp_1
2024,2023,next100,101,Ideal Homes,,475,$122,101,https://www.builderonline.com/firms/ideal-homes
2024,2023,next100,102,Hunter Quinn Homes,,474,$101,N/A,https://www.builderonline.com/firms/hunter-quinn-homes_o
2024,2023,next100,103,Keystone Custom Homes,,473,$374,106,https://www.builderonline.com/firms/keystone-custom-homes
2024,2023,next100,104,Eastbrook Homes,,467,$247,80,https://www.builderonline.com/firms/eastbrook-homes
2024,2023,next100,105,Homes by Taber,,465,$183,71,https://www.builderonline.com/firms/homes-by-taber
2024,2023,next100,106,Riz Communities & Development,,462,$47,N/A,https://www.builderonline.com/firms/riz-communities-development_o
2024,2023,next100,107,Main Street Homes,,453,$248,112,https://www.builderonline.com/firms/main-street-homes
2024,2023,next100,107,Chesapeake Homes,,453,$255,130,https://www.builderonline.com/firms/chesapeake-homes
2024,2023,next100,109,"First America Homes, a Signorelli Company",,452,$106,89,https://www.builderonline.com/firms/first-america-homes-a-signorelli-company_o
2024,2023,next100,110,Rockhaven Homes,,437,$150,143,https://www.builderonline.com/firms/rockhaven-homes_o
2024,2023,next100,111,Bill Clark Homes,,433,$230,N/A,https://www.builderonline.com/firms/bill-clark-homes
2024,2023,next100,112,Scott Felder Homes,,431,$206,N/A,https://www.builderonline.com/firms/scott-felder-homes
2024,2023,next100,113,Grand Homes,,430,$404,105,https://www.builderonline.com/firms/grand-homes
2024,2023,next100,114,Newmark Homes,,423,$298,116,https://www.builderonline.com/firms/newmark-homes
2024,2023,next100,115,SK Builders,,416,$147,114,https://www.builderonline.com/firms/sk-builders
2024,2023,next100,116,Landmark 24 Homes,,415,$156,158,https://www.builderonline.com/firms/landmark-24-homes_o
2024,2023,next100,117,Berks Homes,,414,$171,128,https://www.builderonline.com/firms/berks-homes
2024,2023,next100,118,Milestone Community Builders,,410,$246,72,https://www.builderonline.com/firms/milestone-community-builders
2024,2023,next100,118,Anglia Homes,,410,$138,104,https://www.builderonline.com/firms/anglia-homes
2024,2023,next100,120,McKinley Homes,,409,$33,N/A,https://www.builderonline.com/firms/mckinley-homes_o
2024,2023,next100,121,Signature Homes,,407,$315,N/A,https://www.builderonline.com/firms/signature-homes
2024,2023,next100,122,Shaddock Homes,,401,$317,127,https://www.builderonline.com/firms/shaddock-homes
2024,2023,next100,123,2024 Van Metre Cos.,,400,$344,113,https://www.builderonline.com/builder-100-listing/2024-van-metre-cos/
2024,2023,next100,124,Traditions of America,,393,$259,132,https://www.builderonline.com/firms/traditions-of-america
2024,2023,next100,125,Touchstone Living,,389,$142,100,https://www.builderonline.com/firms/touchstone-living_o
2024,2023,next100,126,Colina Homes,,377,$118,107,https://www.builderonline.com/firms/colina-homes
2024,2023,next100,127,United Built Homes,,376,$114,N/A,https://www.builderonline.com/firms/united-built-homes
2024,2023,next100,128,Landon Homes,,373,$317,126,https://www.builderonline.com/firms/landon-homes
2024,2023,next100,129,Valor Communities,,370,$136,152,https://www.builderonline.com/firms/valor-communities_o
2024,2023,next100,130,Elliott Homes,,367,$256,120,https://www.builderonline.com/firms/elliott-homes
2024,2023,next100,131,Fulton Homes,,363,$220,77,https://www.builderonline.com/firms/fulton-homes
2024,2023,next100,132,SeaGate Homes,,360,$139,173,https://www.builderonline.com/firms/seagate-homes
2024,2023,next100,133,John Mourier Construction,,359,$277,124,https://www.builderonline.com/firms/john-mourier-construction
2024,2023,next100,134,Liberty Communities,,354,$119,109,https://www.builderonline.com/firms/liberty-communities_o
2024,2023,next100,135,Traton Homes,,338,$157,N/A,https://www.builderonline.com/firms/traton-homes
2024,2023,next100,136,"McGuinn Homes, Inc.",,337,$65,156,https://www.builderonline.com/firms/mcguinn-homes-inc
2024,2023,next100,137,Nilson Homes,,334,$139,N/A,https://www.builderonline.com/firms/nilson-homes_o
2024,2023,next100,138,Williams Homes,,333,$278,132,https://www.builderonline.com/firms/williams-homes
2024,2023,next100,139,CC Homes,,330,$214,102,https://www.builderonline.com/firms/cc-homes_o
2024,2023,next100,140,Logan Homes,,328,$162,N/A,https://www.builderonline.com/firms/logan-homes
2024,2023,next100,141,Elite Properties of America,,326,$241,93,https://www.builderonline.com/firms/elite-properties-of-america
2024,2023,next100,142,Granite Ridge Builders,,320,$131,136,https://www.builderonline.com/firms/granite-ridge-builders
2024,2023,next100,142,Bridge Tower Homes,,320,$0,N/A,https://www.builderonline.com/firms/bridge-tower-homes_o
2024,2023,next100,144,Hubble Homes,,315,$125,92,https://www.builderonline.com/firms/hubble-homes
2024,2023,next100,145,Lokal Homes,,309,$157,138,https://www.builderonline.com/firms/lokal-homes
2024,2023,next100,145,A. Sydes Construction,,309,$121,141,https://www.builderonline.com/firms/a-sydes-construction
2024,2023,next100,147,Caruso Homes,,308,$217,140,https://www.builderonline.com/firms/caruso-homes
2024,2023,next100,148,National Home Corp.,,304,$13,N/A,https://www.builderonline.com/firms/national-home-corp_o
2024,2023,next100,149,Manuel Builders,,301,$88,135,https://www.builderonline.com/firms/manuel-builders
2024,2023,next100,149,City Ventures,,301,$238,N/A,https://www.builderonline.com/firms/city-ventures
2024,2023,next100,151,Capstone Homes,,296,$129,129,https://www.builderonline.com/firms/capstone-homes
2024,2023,next100,151,Regent Homes,,296,$146,119,https://www.builderonline.com/firms/regent-homes
2024,2023,next100,153,Windsor Homes,,285,$115,145,https://www.builderonline.com/firms/windsor-homes
2024,2023,next100,154,Peachtree Building Group,,284,$50,N/A,https://www.builderonline.com/firms/peachtree-building-group_o
2024,2023,next100,155,Piedmont Residential,,283,$105,149,https://www.builderonline.com/firms/piedmont-residential_o
2024,2023,next100,156,Edwards Homes,,281,$80,122,https://www.builderonline.com/firms/edwards-homes
2024,2023,next100,157,Bill Beazley Homes,,278,$88,142,https://www.builderonline.com/firms/bill-beazley-homes
2024,2023,next100,158,Brite Homes,,275,$100,192,https://www.builderonline.com/firms/brite-homes_o
2024,2023,next100,159,EYA,,265,$230,N/A,https://www.builderonline.com/firms/eya
2024,2023,next100,160,Baessler Homes,,264,$98,155,https://www.builderonline.com/firms/baessler-homes_o
2024,2023,next100,161,McKee Homes,,261,$111,153,https://www.builderonline.com/firms/mckee-homes
2024,2023,next100,162,Our Country Homes,,259,$144,N/A,https://www.builderonline.com/firms/our-country-homes_o
2024,2023,next100,163,Greenland Homes,,248,$82,176,https://www.builderonline.com/firms/greenland-homes
2024,2023,next100,163,Reliant Homes,,248,$115,N/A,https://www.builderonline.com/firms/reliant-homes_o
2024,2023,next100,165,Garman Homes,,247,$111,N/A,https://www.builderonline.com/firms/garman-homes_o
2024,2023,next100,166,Partners in Building,,243,$343,159,https://www.builderonline.com/firms/partners-in-building
2024,2023,next100,167,Grand Oak Builders,,242,$121,181,https://www.builderonline.com/firms/grand-oak-builders_o
2024,2023,next100,168,Liberty Home Builders,,240,$98,N/A,https://www.builderonline.com/firms/liberty-home-builders_o
2024,2023,next100,169,Angle Homes,,237,$75,153,https://www.builderonline.com/firms/angle-homes_o
2024,2023,next100,170,Regency Homebuilders,,229,$111,160,https://www.builderonline.com/firms/regency-homebuilders
2024,2023,next100,171,My Home Communities,,224,$84,N/A,https://www.builderonline.com/firms/my-home-communities_o
2024,2023,next100,172,StyleCraft Homes,,218,$89,189,https://www.builderonline.com/firms/stylecraft-homes
2024,2023,next100,172,Mainvue Homes,,218,$218,N/A,https://www.builderonline.com/firms/mainvue-homes
2024,2023,next100,174,Simmons Homes,,216,$72,161,https://www.builderonline.com/firms/simmons-homes
2024,2023,next100,175,Discovery Homes,,215,$103,N/A,https://www.builderonline.com/firms/discovery-homes_o
2024,2023,next100,176,Homes By Dickerson,,214,$190,167,https://www.builderonline.com/firms/homes-by-dickerson
2024,2023,next100,177,Landmark Homes,,213,$112,186,https://www.builderonline.com/firms/landmark-homes_1
2024,2023,next100,178,Stock Development,,200,$436,166,https://www.builderonline.com/firms/stock-development
2024,2023,next100,179,Riverwood Homes,,197,$64,N/A,https://www.builderonline.com/firms/riverwood-homes_o
2024,2023,next100,179,Insight Homes,,197,$99,195,https://www.builderonline.com/firms/insight-homes
2024,2023,next100,181,Tresidio Homes,,193,$106,195,https://www.builderonline.com/firms/tresidio-homes_o
2024,2023,next100,182,Pyatt Builders,,192,$79,165,https://www.builderonline.com/firms/pyatt-builders_o
2024,2023,next100,182,Windsor Homes Texas,,192,$108,N/A,https://www.builderonline.com/firms/windsor-homes-texas_o
2024,2023,next100,182,Bonadelle Neighborhoods,,192,$97,184,https://www.builderonline.com/firms/bonadelle-neighborhoods
2024,2023,next100,185,Greenstone Homes,,191,$118,197,https://www.builderonline.com/firms/greenstone-homes_o
2024,2023,next100,186,New Tradition Homes,,188,$118,157,https://www.builderonline.com/firms/new-tradition-homes_1
2024,2023,next100,187,Buffington Homes of Arkansas,,186,$86,N/A,https://www.builderonline.com/firms/buffington-homes-of-arkansas_o
2024,2023,next100,188,Evergreene Homes,,185,$194,168,https://www.builderonline.com/firms/evergreene-homes
2024,2023,next100,189,Flintrock Builders,,183,$70,N/A,https://www.builderonline.com/firms/flintrock-builders_o
2024,2023,next100,190,Palo Verde Homes,,180,$54,172,https://www.builderonline.com/firms/palo-verde-homes
2024,2023,next100,190,Ben Stout Construction,,180,$58,N/A,https://www.builderonline.com/firms/ben-stout-construction_o
2024,2023,next100,192,Beechwood Homes,,178,$173,171,https://www.builderonline.com/firms/beechwood-homes
2024,2023,next100,192,Pratt Home Builders,,178,$82,169,https://www.builderonline.com/firms/pratt-home-builders
2024,2023,next100,194,Sandlin Homes,,177,$90,N/A,https://www.builderonline.com/firms/sandlin-homes_o
2024,2023,next100,195,Ivey Residential,,176,$58,N/A,https://www.builderonline.com/firms/ivey-residential
2024,2023,next100,196,Frontier Communities,,172,$108,175,https://www.builderonline.com/firms/frontier-communities
2024,2023,next100,197,Keystone Construction LLC,,170,$90,163,https://www.builderonline.com/firms/keystone-construction-llc_o
2024,2023,next100,197,Holland Homes,,170,$59,N/A,https://www.builderonline.com/firms/holland-homes_o
2024,2023,next100,199,Medallion Home,,169,$176,177,https://www.builderonline.com/firms/medallion-home
2024,2023,next100,200,Turner Homes,,168,$59,N/A,https://www.builderonline.com/firms/turner-homes_o
2025,2024,top100,1,D.R. Horton,p,"93,311","$33,832",1,https://www.builderonline.com/firms/dr-horton
2025,2024,top100,2,Lennar Corp.,p,"80,210","$33,778",2,https://www.builderonline.com/firms/lennar-corp
2025,2024,top100,3,PulteGroup,p,"31,219","$17,319",3,https://www.builderonline.com/firms/pultegroup
2025,2024,top100,4,NVR,p,"22,836","$10,292",4,https://www.builderonline.com/firms/nvr
2025,2024,top100,5,Meritage Homes,p,"15,611","$6,342",5,https://www.builderonline.com/firms/meritage-homes
2025,2024,top100,6,SH Residential Holdings,p,"14,860","$8,139",20,https://www.builderonline.com/firms/sh-residential-holdings_o
2025,2024,top100,7,KB Home,p,"14,169","$6,902",6,https://www.builderonline.com/firms/kb-home
2025,2024,top100,8,Taylor Morrison,p,"12,896","$7,800",7,https://www.builderonline.com/firms/taylor-morrison
2025,2024,top100,9,Century Communities,p,"11,007","$4,398",10,https://www.builderonline.com/firms/century-communities
2025,2024,top100,10,Toll Brothers,p,"10,813","$10,563",9,https://www.builderonline.com/firms/toll-brothers
2025,2024,top100,11,Clayton Properties Group,,"10,095","$3,992",8,https://www.builderonline.com/firms/clayton-properties-group
2025,2024,top100,12,Ashton Woods Homes,,"9,286","$3,618",11,https://www.builderonline.com/firms/ashton-woods-homes
2025,2024,top100,13,M/I Homes,p,"9,055","$4,376",13,https://www.builderonline.com/firms/m-i-homes
2025,2024,top100,14,Dream Finders Homes,p,"8,583","$4,398",14,https://www.builderonline.com/firms/dream-finders-homes
2025,2024,top100,15,Tri Pointe Homes,p,"6,460","$4,386",18,https://www.builderonline.com/firms/tri-pointe-homes
2025,2024,top100,16,David Weekly Homes,,"6,311","$3,524",17,https://www.builderonline.com/firms/david-weekly-homes
2025,2024,top100,17,Hovnanian Enterprises,p,"6,151","$3,404",16,https://www.builderonline.com/firms/hovnanian-enterprises
2025,2024,top100,18,LGI Homes,p,"6,131","$2,203",15,https://www.builderonline.com/firms/lgi-homes
2025,2024,top100,19,Rausch Coleman Homes,,"5,307","$1,268",21,https://www.builderonline.com/firms/rausch-coleman-homes
2025,2024,top100,20,DRB Group,,"4,929","$2,055",24,https://www.builderonline.com/firms/drb-group
2025,2024,top100,21,Stanley Martin Homes,,"4,614","$2,109",22,https://www.builderonline.com/firms/stanley-martin-homes
2025,2024,top100,22,Perry Homes,,"4,554","$2,653",25,https://www.builderonline.com/firms/perry-homes
2025,2024,top100,23,Beazer Homes,p,"4,450","$2,293",23,https://www.builderonline.com/firms/beazer-homes-usa
2025,2024,top100,24,DSLD Homes,,"4,116","$1,100",28,https://www.builderonline.com/firms/dsld-homes
2025,2024,top100,25,Highland Homes,,"3,876","$2,420",27,https://www.builderonline.com/firms/highland-homes
2025,2024,top100,26,Mattamy Homes,,"3,854","$1,971",19,https://www.builderonline.com/firms/mattamy-homes
2025,2024,top100,27,Green Brick Partners,p,"3,783","$2,070",29,https://www.builderonline.com/firms/green-brick-partners
2025,2024,top100,28,Habitat for Humanity International,,"3,318",$563,26,https://www.builderonline.com/firms/habitat-for-humanity-international
2025,2024,top100,29,Brightland Homes,,"3,162","$1,252",30,https://www.builderonline.com/firms/brightland-homes_o
2025,2024,top100,30,Adams Homes,,"3,106","$1,117",31,https://www.builderonline.com/firms/adams-homes
2025,2024,top100,31,Fischer Homes,,"3,019","$1,426",32,https://www.builderonline.com/firms/fischer-homes
2025,2024,top100,32,Smith Douglas Homes,p,"2,867",$975,36,https://www.builderonline.com/firms/smith-douglas-homes
2025,2024,top100,33,Landsea Homes,p,"2,831","$1,487",42,https://www.builderonline.com/firms/landsea-homes_o
2025,2024,top100,34,Shea Homes,,"2,511","$2,501",34,https://www.builderonline.com/firms/shea-homes
2025,2024,top100,35,Minto Communities,,"2,385","$1,373",37,https://www.builderonline.com/firms/minto-communities
2025,2024,top100,36,True Homes,,"2,359",$838,38,https://www.builderonline.com/firms/true-homes
2025,2024,top100,37,AMH,p,"2,356",$0,39,https://www.builderonline.com/firms/amh_o
2025,2024,top100,38,Maronda Homes,,"2,324","$1,049",35,https://www.builderonline.com/firms/maronda-homes
2025,2024,top100,39,Drees Homes,,"2,304","$1,714",41,https://www.builderonline.com/firms/drees-homes
2025,2024,top100,40,Legend Homes,,"2,049",$445,40,https://www.builderonline.com/firms/legend-homes_o
2025,2024,top100,41,Bloomfield Homes,,"2,036","$1,065",44,https://www.builderonline.com/firms/bloomfield-homes
2025,2024,top100,42,Betenbough Homes,,"2,015",$500,45,https://www.builderonline.com/firms/betenbough-homes
2025,2024,top100,43,GL Homes,,"1,891","$2,089",43,https://www.builderonline.com/firms/gl-homes
2025,2024,top100,44,CBH Homes,,"1,742",$745,47,https://www.builderonline.com/firms/cbh-homes
2025,2024,top100,45,Holiday Builders,,"1,672",$560,46,https://www.builderonline.com/firms/holiday-builders
2025,2024,top100,46,Davidson Homes,,"1,558",$605,60,https://www.builderonline.com/firms/davidson-homes_o
2025,2024,top100,47,Eastwood Homes,,"1,542",$785,58,https://www.builderonline.com/firms/eastwood-homes
2025,2024,top100,48,The Kolter Group,,"1,479","$1,275",48,https://www.builderonline.com/firms/kolter-residential
2025,2024,top100,49,Castlerock Communities,,"1,465",$645,52,https://www.builderonline.com/firms/castlerock-communities
2025,2024,top100,50,Hayden Homes,,"1,438",$638,49,https://www.builderonline.com/firms/hayden-homes
2025,2024,top100,51,United Homes Group,p,"1,431",$464,51,https://www.builderonline.com/firms/united-homes-group_o
2025,2024,top100,52,BBL Building Co.,,"1,411",$0,61,https://www.builderonline.com/firms/bbl-building-co_o
2025,2024,top100,53,Brookfield Residential Properties,,"1,365",$953,50,https://www.builderonline.com/firms/brookfield-residential-properties
2025,2024,top100,54,Edge Homes,,"1,315",$622,54,https://www.builderonline.com/firms/edge-homes
2025,2024,top100,55,The Challenger Group,,"1,284",$475,69,https://www.builderonline.com/firms/the-challenger-group
2025,2024,top100,56,Neal Communities,,"1,212",$720,53,https://www.builderonline.com/firms/neal-communities
2025,2024,top100,57,Homes by Westbay,,"1,194",$678,59,https://www.builderonline.com/firms/homes-by-westbay
2025,2024,top100,58,First Texas Homes,,"1,170",$793,55,https://www.builderonline.com/firms/first-texas-homes
2025,2024,top100,59,Empire Communities,,"1,154",$0,56,https://www.builderonline.com/firms/empire-communities_o
2025,2024,top100,59,Epcon Communities,,"1,154",$730,57,https://www.builderonline.com/firms/epcon-communities
2025,2024,top100,61,The Villages of Lake Sumter,,"1,152",$509,33,https://www.builderonline.com/firms/the-villages-of-lake-sumter
2025,2024,top100,62,New Home Co.,,"1,123",$927,85,https://www.builderonline.com/firms/new-home-co
2025,2024,top100,63,View Homes,,"1,084",$524,62,https://www.builderonline.com/firms/view-homes
2025,2024,top100,64,Allen Edwin Homes,,"1,059",$355,67,https://www.builderonline.com/firms/allen-edwin-homes
2025,2024,top100,65,Lifestyle Homes,,"1,058",$0,N/A,https://www.builderonline.com/firms/lifestyle-homes_o
2025,2024,top100,66,Ivory Homes,,"1,028",$609,71,https://www.builderonline.com/firms/ivory-homes
2025,2024,top100,67,Westin Homes,,"1,016",$625,68,https://www.builderonline.com/firms/westin-homes
2025,2024,top100,67,Trumark Cos.,,"1,016",$879,73,https://www.builderonline.com/firms/trumark-cos
2025,2024,top100,69,McBride & Son Cos.,,"1,008",$409,66,https://www.builderonline.com/firms/mcbride-son-cos
2025,2024,top100,70,Park Square Homes,,996,$311,72,https://www.builderonline.com/firms/park-square-homes
2025,2024,top100,71,Rocklyn Homes,,981,$67,N/A,https://www.builderonline.com/firms/rocklyn-homes
2025,2024,top100,72,HistoryMaker Homes,,947,$347,65,https://www.builderonline.com/firms/historymaker-homes
2025,2024,top100,73,Long Lake Ltd.,,912,$357,64,https://www.builderonline.com/firms/long-lake-limited
2025,2024,top100,74,Stylecraft Builders,,857,$277,63,https://www.builderonline.com/firms/stylecraft-builders
2025,2024,top100,75,Hakes Brothers,,841,$308,76,https://www.builderonline.com/firms/hakes-brothers
2025,2024,top100,76,Stone Martin Builders,,806,$333,86,https://www.builderonline.com/firms/stone-martin-builders
2025,2024,top100,77,Schuber Mitchell Homes,,804,$209,79,https://www.builderonline.com/firms/schuber-mitchell-homes_o
2025,2024,top100,78,National Home Corp.,,747,$167,148,https://www.builderonline.com/firms/national-home-corp_o
2025,2024,top100,78,NeighborWorks America,,747,$0,N/A,https://www.builderonline.com/firms/neighborworks-america
2025,2024,top100,80,American Legend Homes,,744,$597,74,https://www.builderonline.com/firms/american-legend-homes
2025,2024,top100,81,Saratoga Homes,,727,$230,78,https://www.builderonline.com/firms/saratoga-homes
2025,2024,top100,82,Lombardo Homes,,696,$500,89,https://www.builderonline.com/firms/lombardo-homes
2025,2024,top100,83,Ball Homes,,690,$315,94,https://www.builderonline.com/firms/ball-homes
2025,2024,top100,84,Visionary Homes,,689,$329,87,https://www.builderonline.com/firms/visionary-homes_o
2025,2024,top100,85,American Classic Homes,,651,$103,92,https://www.builderonline.com/firms/american-classic-homes_o
2025,2024,top100,86,Home Creations,,645,$180,88,https://www.builderonline.com/firms/home-creations
2025,2024,top100,87,Chesapeake Homes,,629,$288,107,https://www.builderonline.com/firms/chesapeake-homes
2025,2024,top100,88,ICI Homes,,609,$653,83,https://www.builderonline.com/firms/ici-homes
2025,2024,top100,89,Impression Homes,,601,$220,84,https://www.builderonline.com/firms/impression-homes
2025,2024,top100,90,Pacesetter Homes,,589,$246,79,https://www.builderonline.com/firms/pacesetter-homes
2025,2024,top100,91,William Ryan Homes,,584,$338,N/A,https://www.builderonline.com/firms/william-ryan-homes
2025,2024,top100,92,Esperanza Homes,,583,$165,99,https://www.builderonline.com/firms/esperanza-homes_o
2025,2024,top100,93,McGuinn Homes,,581,$148,136,https://www.builderonline.com/firms/mcguinn-homes_o
2025,2024,top100,94,Christopher Alan Homes,,580,$201,91,https://www.builderonline.com/firms/christopher-alan-homes_o
2025,2024,top100,95,Schell Brothers,,561,$482,98,https://www.builderonline.com/firms/schell-brothers
2025,2024,top100,96,Riverside Homebuilders,,559,$282,90,https://www.builderonline.com/firms/riverside-homebuilders_o
2025,2024,top100,97,Colina Homes,,552,$129,126,https://www.builderonline.com/firms/colina-homes
2025,2024,top100,97,San Joaquin Valley Homes,,552,$245,95,https://www.builderonline.com/firms/san-joaquin-valley-homes_o
2025,2024,top100,99,Signature Homes,,549,$399,121,https://www.builderonline.com/firms/signature-homes
2025,2024,top100,100,First America Homes,,540,$162,109,https://www.builderonline.com/firms/first-america-homes/
2025,2024,next100,101,Homes by Taber,,535,$236,105,https://www.builderonline.com/firms/homes-by-taber
2025,2024,next100,102,HHHunt Corp.,,533,$113,100,https://www.builderonline.com/firms/hhhunt-corp_1
2025,2024,next100,103,Celebrity Homes,,518,$196,N/A,https://www.builderonline.com/firms/celebrity-homes
2025,2024,next100,104,2025 Van Metre Cos.,,517,$439,123,https://www.builderonline.com/builder-100-listing/2025-van-metre-cos/
2025,2024,next100,105,Berks Homes,,514,$201,117,https://www.builderonline.com/firms/berks-homes
2025,2024,next100,106,Newmark Homes,,511,$322,114,https://www.builderonline.com/firms/newmark-homes
2025,2024,next100,107,Colen Built Development,,503,$233,82,https://www.builderonline.com/firms/colen-built-development_o
2025,2024,next100,108,Olthof Homes,,497,$0,96,https://www.builderonline.com/firms/olthof-homes
2025,2024,next100,109,Keystone Custom Homes,,470,$411,103,https://www.builderonline.com/firms/keystone-custom-homes
2025,2024,next100,109,SK Builders,,470,$155,115,https://www.builderonline.com/firms/sk-builders
2025,2024,next100,111,Ole South Properties,,469,$196,93,https://www.builderonline.com/firms/ole-south-properties
2025,2024,next100,112,Robert Thomas Homes,,465,$167,N/A,https://www.builderonline.com/firms/robert-thomas-homes_o
2025,2024,next100,113,Hunter Quinn Homes,,458,$114,102,https://www.builderonline.com/firms/hunter-quinn-homes_o
2025,2024,next100,114,John Mourier Construction,,447,$342,133,https://www.builderonline.com/firms/john-mourier-construction
2025,2024,next100,115,Robson Resort Communities,,445,$349,70,https://www.builderonline.com/firms/robson-resort-communities
2025,2024,next100,116,Viera Builders,,441,$308,97,https://www.builderonline.com/firms/viera-builders
2025,2024,next100,117,Touchstone Living,,440,$161,125,https://www.builderonline.com/firms/touchstone-living_o
2025,2024,next100,118,Ideal Homes,,438,$115,101,https://www.builderonline.com/firms/ideal-homes
2025,2024,next100,119,Tilson Homes,,425,$199,75,https://www.builderonline.com/firms/tilson-homes
2025,2024,next100,120,Grand Homes,,423,$390,113,https://www.builderonline.com/firms/grand-homes
2025,2024,next100,121,Bridge Tower Homes,,421,$0,142,https://www.builderonline.com/firms/bridge-tower-homes_o
2025,2024,next100,122,Traton Homes,,419,$182,135,https://www.builderonline.com/firms/traton-homes
2025,2024,next100,123,Shaddock Homes,,415,$390,122,https://www.builderonline.com/firms/shaddock-homes
2025,2024,next100,124,Eastbrook Homes,,407,$218,104,https://www.builderonline.com/firms/eastbrook-homes
2025,2024,next100,125,CC Homes,,396,$0,139,https://www.builderonline.com/firms/cc-homes_o
2025,2024,next100,126,Elliott Homes,,390,$306,130,https://www.builderonline.com/firms/elliott-homes
2025,2024,next100,127,Landmark 24 Homes,,389,$118,116,https://www.builderonline.com/firms/landmark-24-homes_o
2025,2024,next100,128,Elite Properties of America,,388,$280,141,https://www.builderonline.com/firms/elite-properties-of-america
2025,2024,next100,129,Williams Homes,,379,$358,138,https://www.builderonline.com/firms/williams-homes
2025,2024,next100,130,Valor Communities,,373,$138,129,https://www.builderonline.com/firms/valor-communities_o
2025,2024,next100,131,Mosaic,,372,$0,N/A,https://www.builderonline.com/firms/mosaic_o
2025,2024,next100,132,Garman Homes,,368,$169,165,https://www.builderonline.com/firms/garman-homes_o
2025,2024,next100,133,Capstone Homes,,366,$159,151,https://www.builderonline.com/firms/capstone-homes
2025,2024,next100,134,Fulton Homes,,364,$0,131,https://www.builderonline.com/firms/fulton-homes
2025,2024,next100,135,MTT Homes,,359,$80,N/A,https://www.builderonline.com/firms/mtt-homes_o
2025,2024,next100,136,Woodbridge Pacific Group,,358,$112,N/A,https://www.builderonline.com/firms/woodbridge-pacific-group_o
2025,2024,next100,137,Main Street Homes,,356,$229,107,https://www.builderonline.com/firms/main-street-homes
2025,2024,next100,138,Mainvue Homes,,345,$403,172,https://www.builderonline.com/firms/mainvue-homes
2025,2024,next100,139,Legacy South,,344,$98,N/A,https://www.builderonline.com/firms/legacy-south_o
2025,2024,next100,140,Edwards Homes,,343,$153,156,https://www.builderonline.com/firms/edwards-homes
2025,2024,next100,141,Windsor Homes,,334,$124,153,https://www.builderonline.com/firms/windsor-homes
2025,2024,next100,141,Bill Clark Homes,,334,$185,111,https://www.builderonline.com/firms/bill-clark-homes
2025,2024,next100,143,A. Sydes Construction,,321,$125,145,https://www.builderonline.com/firms/a-sydes-construction
2025,2024,next100,143,Logan Homes,,321,$130,140,https://www.builderonline.com/firms/logan-homes
2025,2024,next100,145,Landon Homes,,320,$288,128,https://www.builderonline.com/firms/landon-homes
2025,2024,next100,145,Rockhaven Homes,,320,$116,110,https://www.builderonline.com/firms/rockhaven-homes_o
2025,2024,next100,147,Lokal Homes,,318,$148,145,https://www.builderonline.com/firms/lokal-homes
2025,2024,next100,148,John Balfanz Homes,,310,$0,N/A,https://www.builderonline.com/firms/john-balfanz-homes_o
2025,2024,next100,148,Legacy Homes/MHP Builders,,310,$173,N/A,https://www.builderonline.com/firms/legacy-homes-mhp-builders_o
2025,2024,next100,150,Greenwood Homes,,306,$143,N/A,https://www.builderonline.com/firms/greenwood-homes_o
2025,2024,next100,151,Piedmont Residential,,304,$120,155,https://www.builderonline.com/firms/piedmont-residential_o
2025,2024,next100,151,Direct Residential Communities,,304,$102,N/A,https://www.builderonline.com/firms/direct-residential-communities_o
2025,2024,next100,151,Manuel Builders,,304,$91,149,https://www.builderonline.com/firms/manuel-builders
2025,2024,next100,154,Baessler Homes,,302,$109,160,https://www.builderonline.com/firms/baessler-homes_o
2025,2024,next100,155,United Built Homes,,301,$96,127,https://www.builderonline.com/firms/united-built-homes
2025,2024,next100,156,Charter Homes & Neighborhoods,,300,$145,N/A,https://www.builderonline.com/firms/charter-homes-neighborhoods
2025,2024,next100,157,Atlantic Builders,,299,$156,N/A,https://www.builderonline.com/firms/atlantic-builders_o
2025,2024,next100,158,John Houston Homes,,297,$0,N/A,https://www.builderonline.com/firms/john-houston-homes_o
2025,2024,next100,159,Creative Homes,,288,$127,N/A,https://www.builderonline.com/firms/creative-homes_1
2025,2024,next100,160,Angle Homes,,286,$97,169,https://www.builderonline.com/firms/angle-homes_o
2025,2024,next100,161,Onx Homes,,281,$129,N/A,https://www.builderonline.com/firms/onx-homes_o
2025,2024,next100,162,Greenland Homes,,275,$89,163,https://www.builderonline.com/firms/greenland-homes
2025,2024,next100,163,Jerry’s Homes,,273,$104,N/A,https://www.builderonline.com/firms/jerrys-homes
2025,2024,next100,164,StyleCraft Homes,,269,$132,172,https://www.builderonline.com/firms/stylecraft-homes
2025,2024,next100,165,Peachtree Building Group,,262,$37,154,https://www.builderonline.com/firms/peachtree-building-group_o
2025,2024,next100,166,Simmons Homes,,256,$91,174,https://www.builderonline.com/firms/simmons-homes
2025,2024,next100,167,Flintrock Builders,,252,$92,189,https://www.builderonline.com/firms/flintrock-builders_o
2025,2024,next100,168,Camden Homes,,251,$1,N/A,https://www.builderonline.com/firms/camden-homes_o
2025,2024,next100,169,Riz Communities & Development,,250,$78,106,https://www.builderonline.com/firms/riz-communities-development_o
2025,2024,next100,170,Reliant Homes,,249,$120,163,https://www.builderonline.com/firms/reliant-homes_o
2025,2024,next100,171,My Home Communities,,245,$86,171,https://www.builderonline.com/firms/my-home-communities_o
2025,2024,next100,172,Nilson Homes,,243,$0,137,https://www.builderonline.com/firms/nilson-homes_o
2025,2024,next100,173,McKee Homes,,242,$108,161,https://www.builderonline.com/firms/mckee-homes
2025,2024,next100,174,Traditions of America,,241,$168,124,https://www.builderonline.com/firms/traditions-of-america
2025,2024,next100,175,COASTON HOMES,,237,$77,N/A,https://www.builderonline.com/firms/coaston-homes_o
2025,2024,next100,175,13th Floor Homes,,237,$0,N/A,https://www.builderonline.com/firms/13th-floor-homes_o
2025,2024,next100,177,Bonadelle Neighborhoods,,233,$127,182,https://www.builderonline.com/firms/bonadelle-neighborhoods
2025,2024,next100,178,Grand Oak Builders,,228,$194,167,https://www.builderonline.com/firms/grand-oak-builders_o
2025,2024,next100,179,Turner Homes,,227,$93,200,https://www.builderonline.com/firms/turner-homes_o
2025,2024,next100,180,Bill Beazley Homes,,223,$71,157,https://www.builderonline.com/firms/bill-beazley-homes
2025,2024,next100,181,Ivey Residential,,215,$73,195,https://www.builderonline.com/firms/ivey-residential
2025,2024,next100,182,Beechwood Homes,,213,$258,192,https://www.builderonline.com/firms/beechwood-homes
2025,2024,next100,183,Tresidio Homes,,212,$161,181,https://www.builderonline.com/firms/tresidio-homes_o
2025,2024,next100,184,Pratt Home Builders,,198,$99,192,https://www.builderonline.com/firms/pratt-home-builders
2025,2024,next100,185,EYA,,196,$195,159,https://www.builderonline.com/firms/eya
2025,2024,next100,186,Brown Haven Homes,,193,$112,N/A,https://www.builderonline.com/firms/brown-haven-homes_o
2025,2024,next100,187,Ben Stout Construction,,191,$59,190,https://www.builderonline.com/firms/ben-stout-construction_o
2025,2024,next100,188,Homes By Dickerson,,190,$171,176,https://www.builderonline.com/firms/homes-by-dickerson
2025,2024,next100,188,Palo Verde Homes,,190,$60,190,https://www.builderonline.com/firms/palo-verde-homes
2025,2024,next100,190,Landmark Homes,,189,$94,177,https://www.builderonline.com/firms/landmark-homes_1
2025,2024,next100,191,New Tradition Homes,,188,$115,186,https://www.builderonline.com/firms/new-tradition-homes_1
2025,2024,next100,192,UnionMain Homes,,184,$93,N/A,https://www.builderonline.com/firms/unionmain-homes_o
2025,2024,next100,193,Ence Construction,,182,$103,N/A,https://www.builderonline.com/firms/ence-construction_o
2025,2024,next100,194,Jenaune Communities,,180,$117,N/A,https://www.builderonline.com/firms/jenaune-communities_o
2025,2024,next100,195,Fischer & Frichtel Custom Homes,,173,$99,N/A,https://www.builderonline.com/firms/fischer-frichtel-custom-homes_o
2025,2024,next100,196,Stepping Stone Homes,,171,$75,N/A,https://www.builderonline.com/firms/stepping-stone-homes_o
2025,2024,next100,197,Craftmark Homes,,167,$176,N/A,https://www.builderonline.com/firms/craftmark-homes_o
2025,2024,next100,198,SKG Homes,,165,$50,N/A,https://www.builderonline.com/firms/skg-homes_o
2025,2024,next100,198,Granite Ridge Builders,,165,$128,142,https://www.builderonline.com/firms/granite-ridge-builders
2025,2024,next100,200,Brandywine Homes,,162,$131,N/A,https://www.builderonline.com/firms/brandywine-homes_o
